segmentId,name_vn,lat_start,lon_start,lat_end,lon_end,laneCount_aggregated,speedLimit,frc,roadType,surface,oneway,ref,curvatureIndex,bearing,lengthKm,intersectionCount,routeSlopePercent,startElevation,endElevation,timeStamp,dayOfWeek,hourOfDay,dayType,currentSpeed,freeFlowSpeed,jamFactor,incidentFlag,congestionIndex,trafficVolume,LOS,occupancy,crossTime,speedLimitRatio,relativeCongestionIndex,route_distance_m,route_duration_sec,route_weight,congestion_levels,map_match_confidence
e9179c6931cc90177d171c77c9192f95,Lê Đức Thọ,10.8398015,106.6791366,10.8610348,106.6499071,1.0,50.0,,,asphalt,no,,0.050463,306.4915101000587,3.96622022028932,5,-0.201703373884177,13.0,5.0,2603101003,1,10,Weekday,30.0,41.0,0.0,0,0.7317073170731707,842.93,B,26.82926829268293,0.47594642643471835,0.6,0.2682926829268293,4027.778,877.513,904.943,[],0.980202
cbfe1ea941e24a51f694bcf52f0dd868,Nguyễn Văn Linh,10.7290654,106.7123109,10.7287779,106.6949806,1.0,50.0,,,asphalt,no,,0.017618,269.0342886087186,1.8959623662038,1,-1.0021295959604328,26.0,7.0,2603101003,1,10,Weekday,45.0,45.0,0.0,0,1.0,360.0,A,0.0,0.15167698929630402,0.9,0.0,1909.943,241.312,229.354,[],0.980341
e07e8c19221f5933646ec3392d1e357e,Phạm Văn Đồng,10.8395571,106.7384111,10.8353219,106.7301125,1.5,50.0,,primary,asphalt,yes,,0.012534,242.5435457356425,1.0212190804817276,5,1.762599264352667,12.0,30.0,2603101003,1,10,Weekday,32.0,42.0,0.0,0,0.7619047619047619,1182.86,B,23.809523809523814,0.11488714655419435,0.64,0.23809523809523808,1045.551,98.601,95.986,[],0.962244
2c0ec269f75728253ce3e07a5c8fb229,Bắc Hải,10.780807,106.658922,10.7833862,106.6613755,1.0,50.0,,,asphalt,no,,0.005033,43.059626313848526,0.3916559967136013,3,1.5319566278433632,23.0,29.0,2603101003,1,10,Weekday,33.0,33.0,0.0,0,1.0,360.0,A,0.0,0.042726108732392874,0.66,0.0,425.972,117.981,119.875,[],0.985555
55cac50e20675ba4ab7f42d24408e5fb,Cầu Ông Dầu,10.8347246,106.7139796,10.8350834,106.7139479,1.0,50.0,,,asphalt,no,,0.000391,355.0405829680141,0.0398392175792483,4,2.510089456477894,12.0,13.0,2603101003,1,10,Weekday,28.0,41.0,0.0,0,0.6829268292682927,930.73,C,31.707317073170728,0.005122185117331924,0.56,0.3170731707317073,40.212,1.983,1.983,[],0.983367
ef25d9a9d7773bc5b6e83284e06e705a,Cầu Chợ Cầu 1,10.8457909,106.6378814,10.8474862,106.6353191,1.0,50.0,,,asphalt,no,,0.004258,303.96711341593715,0.3371363326409594,2,0.0,7.0,7.0,2603101003,1,10,Weekday,25.0,36.0,0.0,0,0.6944444444444444,910.0,C,30.555555555555557,0.04854763190029815,0.5,0.3055555555555556,338.096,64.06,64.06,[],0.981318
59511979ee7eb2dd5299ab6a5484d985,Phường Tân Thới Nhất,10.8423995,106.6156611,10.842552,106.6155929,1.0,50.0,,,asphalt,no,,0.000221,336.28750852542686,0.0184434433806846,1,0.0,12.0,12.0,2603101003,1,10,Weekday,25.5,29.5,0.0,0,0.864406779661017,604.07,B,13.559322033898303,0.0026037802419790024,0.51,0.13559322033898305,236.451,73.413,73.297,[],0.62202
f16148691bd1eb33aed19cce28aafe05,Quách Thị Trang,10.7052216,106.8287243,10.7054699,106.8257462,1.0,50.0,,,asphalt,no,,0.003226,274.850327162258,0.3269438993046757,2,-0.91758861577788,28.0,25.0,2603101003,1,10,Weekday,42.5,47.0,0.0,0,0.9042553191489362,532.34,A,9.57446808510638,0.02769407147051371,0.85,0.09574468085106383,327.152,29.433,29.508,[],0.981058
d2489e0a065608647f6a4b4866e80c03,Nguyễn Văn Giai,10.7926284,106.697328,10.7930658,106.6974031,1.0,50.0,,,asphalt,no,,0.000513,9.573356725870497,0.0490743899829516,3,2.037722731443829,14.0,15.0,2603101003,1,10,Weekday,25.0,35.0,0.0,0,0.7142857142857143,874.29,B,28.57142857142857,0.00706671215754503,0.5,0.2857142857142857,50.89,7.634,7.634,[],0.982711
6d672ad0d6335ee07b611a1f2f1304d2,Phường Đông Hòa,10.8674881,106.7842783,10.8738915,106.8076326,1.0,50.0,,,asphalt,no,,0.029758,74.39832394352874,2.6498590242602025,1,-0.0377378566499092,26.0,25.0,2603101003,1,10,Weekday,35.0,51.5,0.0,0,0.6796116504854369,936.7,C,32.03883495145631,0.27255692820962085,0.7,0.32038834951456313,6342.923,714.416,734.306,[],0.0
8ec1e95e83899eb20731578de84b57c7,Cầu vượt Ngã tư Gò Dưa,10.8708511,106.7329016,10.8717994,106.73325,1.0,50.0,,,asphalt,no,,0.001297,19.83944853163172,0.1115974362909329,3,1.792155865288902,7.0,9.0,2603101003,1,10,Weekday,27.0,31.5,0.0,0,0.8571428571428571,617.14,B,14.28571428571429,0.014879658172124386,0.54,0.14285714285714285,399.481,106.685,113.461,[],0.0
ad618e33678436ff8f07f7f837cacf90,Nguyễn Thị Nhỏ,10.7544346,106.6508617,10.758499,106.6513356,1.0,50.0,,,asphalt,no,,0.004538,6.534652045400208,0.4525535089983097,1,1.1048417260241985,19.0,24.0,2603101003,1,10,Weekday,18.0,28.0,0.0,0,0.6428571428571429,1002.86,C,35.71428571428571,0.09051070179966195,0.36,0.35714285714285715,626.334,128.259,142.784,[],0.979295
36f0793dfa3b722599200d458bd014aa,Sư Vạn Hạnh,10.7774435,106.6659013,10.7742735,106.6682193,1.0,50.0,,,asphalt,no,,0.005488,144.3087410066429,0.4326918917727964,1,0.0,27.0,27.0,2603101003,1,10,Weekday,15.0,29.0,0.0,0,0.5172413793103449,1228.97,C,48.275862068965516,0.10384605402547112,0.3,0.4827586206896552,435.248,95.94,96.925,[],0.982141
6fa98b4986519f38238f69e972acf5c1,Cầu Thủ Thiêm,10.7844433,106.7192073,10.7874118,106.7177091,1.0,50.0,,,asphalt,no,,0.004467,333.62871053311835,0.3669666139285359,2,0.2725043538142526,28.0,29.0,2603101003,1,10,Weekday,40.0,40.0,0.0,0,1.0,360.0,A,0.0,0.03302699525356823,0.8,0.0,369.798,32.947,37.438,[],0.982999
78e26005f58a4ac82941adf1b6c9ce0b,Đường Nguyễn Chí Thanh,10.7607311,106.6727534,10.7607915,106.6740891,1.0,50.0,,,asphalt,no,,0.001396,87.36445991997948,0.1462445265617346,2,1.3675725492233952,17.0,19.0,2603101003,1,10,Weekday,18.0,28.5,0.0,0,0.631578947368421,1023.16,C,36.8421052631579,0.029248905312346918,0.36,0.3684210526315789,540.272,130.809,132.49,[],0.825221
88c98c9b78471686e9082725625f649e,Cầu An Lập,10.729901,106.602171,10.7277176,106.60178,1.0,50.0,,,asphalt,no,,0.002574,189.97898061240684,0.2452698096949974,2,11.008285134471118,6.0,33.0,2603101003,1,10,Weekday,52.0,52.0,0.0,0,1.0,360.0,A,0.0,0.01698021759426905,1.04,0.0,2341.991,280.075,280.02,[],0.976895
300ec2a67d379d8fb9f38795d2bb3dc2,Đường Minh Phụng,10.7618932,106.6444788,10.7618644,106.6445646,1.0,50.0,,,asphalt,no,,0.000115,108.86394527303612,0.009910288576535,5,0.0,20.0,20.0,2603101003,1,10,Weekday,23.0,30.0,0.0,0,0.7666666666666667,780.0,B,23.33333333333333,0.0015511756032837393,0.46,0.23333333333333334,12.881,3.312,3.312,[],0.253008
0850d9a408a4b73193f8810b916dadfa,Quốc lộ 1,10.8666505,106.7915871,10.8752124,106.748644,1.0,50.0,,,asphalt,no,,0.051505,281.48032258361167,4.789740279187989,4,-0.0835118350232995,32.0,28.0,2603101003,1,10,Weekday,31.5,41.5,0.0,0,0.7590361445783133,793.73,B,24.096385542168676,0.547398889050056,0.63,0.24096385542168675,4962.605,604.979,622.254,[],0.923439
cfc1d8a13eb70ffc6d5cf19f6e2839df,Tô Hiến Thành,10.7797849,106.6679193,10.7825973,106.6716762,1.0,50.0,,,asphalt,no,,0.006569,52.69054327082466,0.515364166699561,5,-4.462863638210257,31.0,8.0,2603101003,1,10,Weekday,20.0,30.0,0.0,0,0.6666666666666666,960.0,C,33.333333333333336,0.09276555000592097,0.4,0.3333333333333333,517.327,116.577,116.606,[],0.981944
480e682b47457301d6a5232e37bb2b1c,Nguyễn Bình,10.6764523,106.7460372,10.6764671,106.7461005,1.0,50.0,,,asphalt,no,,7.8e-05,76.61667287896432,0.0071161976897594,3,0.0,7.0,7.0,2603101003,1,10,Weekday,39.0,39.0,0.0,0,1.0,360.0,A,0.0,0.0006568797867470216,0.78,0.0,7.062,0.957,0.957,[],0.969251
38094a1b942b79e5625ffb721389a3f1,18,10.6812591,106.5374757,10.681695,106.5402437,1.0,50.0,,,asphalt,no,,0.003204,80.895215755621,0.3066425172190089,4,0.9783379119136804,13.0,16.0,2603101003,1,10,Weekday,35.5,43.5,0.0,0,0.8160919540229885,691.03,B,18.39080459770115,0.031096142591223442,0.71,0.1839080459770115,311.635,56.652,56.971,[],0.974007
8f2c1be608e8e397156a1ce1e53da194,Lê Văn Lương,10.6893503,106.7024735,10.7410217,106.7037515,1.0,50.0,,,asphalt,no,,0.052949,1.392006883635247,5.717221052037002,5,0.4022933483008371,6.0,29.0,2603101003,1,10,Weekday,34.5,34.5,0.0,0,1.0,360.0,A,0.0,0.5965795880386436,0.69,0.0,8194.339,1128.315,1158.332,[],0.614177
64991b3007d81e6b8fbb43f1a76dceeb,Phường 8,10.7575894,106.674106,10.757428,106.6739837,1.0,50.0,,,asphalt,no,,0.000284,216.66504383381277,0.0223083535648796,4,-4.482625744171067,16.0,15.0,2603101003,1,10,Weekday,17.0,27.5,0.0,0,0.6181818181818182,1047.27,C,38.18181818181819,0.004724121931386268,0.34,0.38181818181818183,49.324,19.868,22.124,[],0.0
b886bd4f4dc50467f457ac903cb1c28d,Đường Lý Thường Kiệt,10.773825,106.6615589,10.7758068,106.6566757,1.0,50.0,,,asphalt,no,,0.006865,292.4471512453768,0.5773121856148804,3,-0.5196495197489686,19.0,16.0,2603101003,1,10,Weekday,21.0,32.5,0.0,0,0.6461538461538462,996.92,C,35.38461538461538,0.09896780324826522,0.42,0.35384615384615387,1128.38,180.492,183.6,[],0.0
1522e9e000a9027d9582481c644bf9f7,Phạm Văn Đồng,10.8316231,106.7254178,10.8402083,106.7418062,1.0,50.0,,,asphalt,no,,0.024974,61.92440348098262,2.028100491596636,4,-0.2465361070971249,21.0,16.0,2603101003,1,10,Weekday,33.0,43.0,0.0,0,0.7674418604651163,778.6,B,23.25581395348837,0.22124732635599667,0.66,0.23255813953488372,2963.176,291.961,305.072,[],0.0
51d905077b9a55d0a107c12a6f045eb1,Thành phố Thuận An,10.8877621,106.6998839,10.8886155,106.6944551,1.0,50.0,,,asphalt,no,,0.006282,279.0952848260871,0.6009827323819156,4,-0.6655765273232609,21.0,17.0,2603101003,1,10,Weekday,31.5,48.0,0.0,0,0.65625,978.75,C,34.375,0.06868374084364749,0.63,0.34375,944.33,161.986,183.504,[],0.0
5607986b5ca983a49abe235ecaa49877,Lãnh Binh Thăng,10.7631981,106.6504197,10.7622847,106.65559,1.0,50.0,,,asphalt,no,,0.006084,100.1938454312296,0.5744511913421295,5,0.6963167733457959,28.0,32.0,2603101003,1,10,Weekday,23.5,30.5,0.0,0,0.7704918032786885,773.11,B,22.95081967213115,0.08800103356730495,0.47,0.22950819672131148,938.035,211.137,247.71,[],0.0
b0cadec1091304c426623c131ff84b47,Công Trường Mê Linh,10.7748291,106.7065305,10.7748385,106.7065815,1.0,50.0,,,asphalt,no,,6e-05,79.37360980501046,0.0056739359814783,4,0.0,5.0,5.0,2603101003,1,10,Weekday,12.0,21.0,0.0,0,0.5714285714285714,1131.43,C,42.85714285714286,0.0017021807944434901,0.24,0.42857142857142855,5.455,2.502,2.502,[],0.834438
0061b758a42f099e6d194fe2d6e75c78,Phường Tam Bình,10.8649833,106.728414,10.8648292,106.7285029,1.0,50.0,,,asphalt,no,,0.000243,150.46597252083745,0.0196222140271494,1,0.0,27.0,27.0,2603101003,1,10,Weekday,33.0,48.0,0.0,0,0.6875,922.5,C,31.25,0.0021406051665981167,0.66,0.3125,19.736,3.757,3.757,[],0.981383
c2fce3720560919f0edc308e66c79f50,Phó Cơ Điều,10.7620243,106.6570028,10.7575292,106.657093,1.0,50.0,,,asphalt,no,,0.004585,178.87063751430264,0.4973143022088606,4,-1.0054004032846244,34.0,29.0,2603101003,1,10,Weekday,16.5,27.5,0.0,0,0.6,1080.0,C,40.0,0.10850493866375141,0.33,0.4,499.541,109.602,115.181,[],0.985078
966e74ba8bac07af8b625e406f86ea8b,Phường Đông Hưng Thuận,10.8502828,106.6308139,10.850249,106.6309142,1.0,50.0,,,asphalt,no,,0.000134,108.9382756159419,0.0115868065639275,2,0.0,5.0,5.0,2603101003,1,10,Weekday,43.0,43.0,0.0,0,1.0,360.0,A,0.0,0.0009700582239567209,0.86,0.0,11.589,1.133,1.133,[],0.979889
e5b84819c6a7788684b0a8577fe6ef97,Xóm Củi,10.746712,106.6605461,10.7467638,106.6605397,1.0,50.0,,,asphalt,no,,5.8e-05,353.0790036984518,0.0057723525529564,1,0.0,21.0,21.0,2603101003,1,10,Weekday,25.0,32.0,0.0,0,0.78125,753.75,B,21.875,0.0008312187676257216,0.5,0.21875,19.643,8.211,9.838,[],0.054133
f2f81afbd87997f065cf79da637f73d2,Vòng xoay Lạc Long Quân,10.7669732,106.6423452,10.7669707,106.6423817,1.0,50.0,,,asphalt,no,,3.9e-05,93.98823737037054,0.0040016624951367,5,0.0,23.0,23.0,2603101003,1,10,Weekday,18.0,31.0,0.0,0,0.5806451612903226,1114.84,C,41.93548387096774,0.00080033249902734,0.36,0.41935483870967744,0.0,0.0,0.0,[],0.0
e254e5ddc7550b0040a2e8c4bcd412bd,Phạm Văn Đồng,10.8398287,106.7394746,10.8251409,106.710872,1.0,50.0,,,asphalt,no,,0.04329,242.4008092470402,3.524458345423547,2,0.4823436208878515,13.0,30.0,2603101003,1,10,Weekday,32.0,42.0,0.0,0,0.7619047619047619,788.57,B,23.809523809523814,0.39650156386014906,0.64,0.23809523809523808,3601.226,319.409,317.886,[],0.966542
018c801b805c535de3e65e1877a42922,Trường Chinh,10.832788,106.6218498,10.8311999,106.6227295,1.0,50.0,,,asphalt,no,,0.002468,151.4509562748956,0.2002789086512243,4,0.0,8.0,8.0,2603101003,1,10,Weekday,29.0,35.5,0.0,0,0.8169014084507042,689.58,B,18.309859154929576,0.024862209349807155,0.58,0.18309859154929578,997.714,139.296,150.396,[],0.0
7f3d106ec08adf7614d3eeaba6187d43,Hẻm 246/64 Hòa Hưng,10.7789044,106.670628,10.7785872,106.6707568,1.0,50.0,,,asphalt,no,,0.000446,158.25348259786267,0.0378086550812852,4,0.0,33.0,33.0,2603101003,1,10,Weekday,18.0,31.0,0.0,0,0.5806451612903226,1114.84,C,41.93548387096774,0.0075617310162570395,0.36,0.41935483870967744,38.004,15.201,15.201,[],0.979916
565705c0eed96a1a9a86d19728864b8e,Thoại Ngọc Hầu,10.7842211,106.6392437,10.78599,106.6416689,1.0,50.0,,,asphalt,no,,0.004194,53.40593495744724,0.3295959604470879,2,0.9102053301656312,8.0,11.0,2603101003,1,10,Weekday,21.0,30.5,0.0,0,0.6885245901639344,920.66,C,31.147540983606557,0.056502164648072215,0.42,0.3114754098360656,331.488,84.041,86.028,[],0.979867
b6056a4c965d02ed826c40fee5c9a427,Phạm Văn Đồng,10.8339731,106.7284081,10.8252909,106.7114115,1.0,50.0,,,asphalt,no,,0.025679,242.52345055871547,2.0920349084155787,1,0.239001748005572,26.0,31.0,2603101003,1,10,Weekday,37.5,42.5,0.0,0,0.8823529411764706,571.76,B,11.764705882352944,0.20083535120789556,0.75,0.11764705882352941,2136.191,184.251,185.26,[],0.967824
2a2bdd55372e1f53cafe4e2e4e7f1833,Đường Hoàng Trọng Hậu,10.7400283,106.6961929,10.7400256,106.6961154,1.0,50.0,,,asphalt,no,,8e-05,267.9691574994944,0.0084823802206868,4,0.0,21.0,21.0,2603101003,1,10,Weekday,27.0,35.0,0.0,0,0.7714285714285715,771.43,B,22.857142857142854,0.0011309840294249065,0.54,0.22857142857142856,5.854,1.202,1.202,[],0.0
e4a6494ab7cb6a9f183b915cbd16840c,Xã Tân Xuân,10.8746132,106.6085312,10.8748532,106.6088444,1.0,50.0,,,asphalt,no,,0.000553,52.03519398901307,0.0433285006993311,3,0.0,7.0,7.0,2603101003,1,10,Weekday,27.0,36.0,0.0,0,0.75,810.0,B,25.0,0.00577713342657748,0.54,0.25,43.451,8.705,8.705,[],0.980848
a11e287ce64ba3fae05bc7620867b62e,Nam Kỳ Khởi Nghĩa,10.7898473,106.683905,10.781312,106.6931176,1.0,50.0,,,asphalt,no,,0.017748,133.3231021635297,1.3807604668970237,4,0.1448477160194621,27.0,29.0,2603101003,1,10,Weekday,18.0,33.0,0.0,0,0.5454545454545454,1178.18,C,45.45454545454546,0.2761520933794047,0.36,0.45454545454545453,1461.133,399.861,405.145,[],0.980887
bbb7badb4cb5b83e958214bebd1cebc2,Lê Tuấn Mậu,10.7490204,106.625679,10.7482606,106.6267106,1.0,50.0,,,asphalt,no,,0.001791,126.85803012417084,0.1406953734748275,5,0.0,19.0,19.0,2603101003,1,10,Weekday,24.0,35.0,0.0,0,0.6857142857142857,925.71,C,31.428571428571427,0.021104306021224126,0.48,0.3142857142857143,142.728,25.691,25.691,[],0.979925
9e2c177dde6701fed959959cff55fd8e,Tam Đảo nối dài,10.7748455,106.6578456,10.7762132,106.6589017,1.0,50.0,,,asphalt,no,,0.002424,37.18228033882724,0.1903384527380621,4,1.5761397430967388,16.0,19.0,2603101003,1,10,Weekday,22.0,35.0,0.0,0,0.6285714285714286,1028.57,C,37.142857142857146,0.031146292266228347,0.44,0.37142857142857144,421.769,105.409,190.899,[],0.910335
86163a5b85f5781a1a097719e51b4386,Phạm Văn Đồng,10.8185142,106.6869633,10.8367273,106.7316781,1.5,50.0,,primary,asphalt,yes,,0.062928,67.4720147627088,5.288359617704673,5,0.0567283660127126,29.0,32.0,2603101003,1,10,Weekday,32.0,42.0,0.0,0,0.7619047619047619,1182.86,B,23.809523809523814,0.5949404569917757,0.64,0.23809523809523808,7968.443,870.944,867.552,[],0.050912
a3bdd2a7c4c008f49e416ee5957c5044,Cầu vượt Quang Trung,10.8502095,106.6314235,10.8509611,106.627222,1.0,50.0,,,asphalt,no,,0.004953,280.3233660647545,0.466863380584251,1,5.5690810376822855,6.0,32.0,2603101003,1,10,Weekday,31.0,36.5,0.0,0,0.8493150684931506,631.23,B,15.068493150684937,0.054216392583977535,0.62,0.1506849315068493,1636.421,253.702,353.752,[],0.0
34d8285718521b3c88cc4a9bf1f44ba4,Trịnh Phong Đáng,10.8670888,106.7575192,10.8663263,106.7546708,1.0,50.0,,,asphalt,no,,0.003611,254.7528990300312,0.3226525831433307,1,-1.2397235320515303,29.0,25.0,2603101003,1,10,Weekday,32.0,42.0,0.0,0,0.7619047619047619,788.57,B,23.809523809523814,0.0362984156036247,0.64,0.23809523809523808,329.147,75.29,77.622,[],0.967882
8f34cd4295a3e0db72169eaed2e023ab,Trần Xuân Soạn,10.7512278,106.6919615,10.7504862,106.6880473,1.0,50.0,,,asphalt,no,,0.004656,259.0849344838037,0.4359163725745861,2,-0.9176071952460544,27.0,23.0,2603101003,1,10,Weekday,23.0,29.0,0.0,0,0.7931034482758621,732.41,B,20.68965517241379,0.06823038875080478,0.46,0.20689655172413793,2032.856,399.353,438.162,[],0.0
a35f53889128359c0adc816c29f43bee,Đường số 15,10.7451997,106.7025956,10.7452314,106.702546,1.0,50.0,,,asphalt,no,,8.1e-05,303.0447766628079,0.0064597630151854,5,0.0,32.0,32.0,2603101003,1,10,Weekday,25.0,33.0,0.0,0,0.7575757575757576,796.36,B,24.242424242424242,0.0009302058741866976,0.5,0.24242424242424243,727.866,175.134,190.352,[],0.582171
364573706454b6977a6ae34b10f00b3c,Bình Thới,10.7636884,106.643989,10.7628698,106.6422657,1.0,50.0,,,asphalt,no,,0.002542,244.19521194234824,0.2091054654449474,2,-0.95645515326167,21.0,19.0,2603101003,1,10,Weekday,22.0,29.0,0.0,0,0.7586206896551724,794.48,B,24.13793103448276,0.034217257981900485,0.44,0.2413793103448276,757.823,161.52,183.957,[],0.983659
3c0167e8901fdb249e907289256872ee,3 Tháng 2,10.7575536,106.6482993,10.7618422,106.6562075,1.0,50.0,,,asphalt,no,,0.012197,61.10044429637725,0.9865028614360992,3,1.216418164518147,20.0,32.0,2603101003,1,10,Weekday,23.0,32.0,0.0,0,0.71875,866.25,B,28.125,0.15440914352912857,0.46,0.28125,1278.819,276.872,275.175,[],0.980368
eb7db68e1472770b808a2181c54828b9,Tên Lửa,10.7384659,106.6149043,10.7379148,106.6147828,1.0,50.0,,,asphalt,no,,0.000673,192.22189583284307,0.0623906374524603,4,-1.6028045886884346,27.0,26.0,2603101003,1,10,Weekday,24.0,35.0,0.0,0,0.6857142857142857,925.71,C,31.428571428571427,0.009358595617869045,0.48,0.3142857142857143,469.641,91.413,107.277,[],4e-05
46df3fab6fa51b6145d3294fe13f6ae1,Cao tốc TP. Hồ Chí Minh - Long Thành - Dầu Giây,10.7883612,106.8358795,10.790253,106.8268185,1.0,50.0,,,asphalt,no,,0.010953,282.00005966441097,1.012804584076017,4,-0.6911501103034708,28.0,21.0,2603101003,1,10,Weekday,74.0,74.0,0.0,0,1.0,360.0,A,0.0,0.04927157436045488,1.48,0.0,1012.98,63.112,63.212,[],0.980298
2fd306045966d886391940cedc74f7d4,Đường Tô Hiệu,10.7639371,106.6269195,10.7639255,106.6269466,1.0,50.0,,,asphalt,no,,3.9e-05,113.5432649307113,0.0032298320100343,2,0.0,34.0,34.0,2603101003,1,10,Weekday,22.0,34.0,0.0,0,0.6470588235294118,995.29,C,35.29411764705882,0.0005285179652783401,0.44,0.35294117647058826,2.954,0.625,0.625,[],0.210577
577bf0da1ce62e619371425b69eb5ea1,Đường D1,10.8578972,106.7878255,10.8579871,106.7879739,1.0,50.0,,,asphalt,no,,0.000238,58.33211310913066,0.0190307454359356,4,0.0,19.0,19.0,2603101003,1,10,Weekday,39.5,45.5,0.0,0,0.8681318681318682,597.36,B,13.186813186813184,0.0017344476853004597,0.79,0.13186813186813187,17.54,1.857,1.857,[],0.947678
e59398367b5e8a7e0db0c709f85a2c9d,Phường Sơn Kỳ,10.8013922,106.6190596,10.8013405,106.6190675,1.0,50.0,,,asphalt,no,,6e-05,171.46377765698412,0.0057835980966102,1,0.0,5.0,5.0,2603101003,1,10,Weekday,20.0,34.0,0.0,0,0.5882352941176471,1101.18,C,41.17647058823529,0.001041047657389836,0.4,0.4117647058823529,0.27,0.055,0.055,[],0.95363
bde9b51245b2fe18d74551a3e3f686bf,Đường Song Hành Xa lộ Hà Nội,10.855961,106.7849851,10.8578137,106.788085,1.0,50.0,,,asphalt,no,,0.004953,58.67680473268331,0.3960810528853401,2,1.5148414589114203,14.0,20.0,2603101003,1,10,Weekday,39.5,45.5,0.0,0,0.8681318681318682,597.36,B,13.186813186813184,0.036098526338917074,0.79,0.13186813186813187,1211.322,165.902,171.493,[],0.98069
8fff1a81cd95ffd00db5b2feff676f99,Phạm Hùng,10.7484337,106.6691251,10.740971,106.6689249,1.0,50.0,,,asphalt,no,,0.007663,181.50978050481908,0.8257611380765872,2,-1.0899035550357026,32.0,23.0,2603101003,1,10,Weekday,21.0,32.5,0.0,0,0.6461538461538462,996.92,C,35.38461538461538,0.14155905224170068,0.42,0.35384615384615387,2064.114,373.552,407.899,[],0.981999
9e8ff4d9311cdcda6c25a592b28ef761,Lý Thái Tổ,10.7438421,106.8044591,10.7376092,106.8141974,1.0,50.0,,,asphalt,no,,0.015971,123.08144231402122,1.2688438761485876,4,0.3152476104579143,12.0,16.0,2603101003,1,10,Weekday,43.5,43.5,0.0,0,1.0,360.0,A,0.0,0.10500776906057278,0.87,0.0,1280.974,126.484,127.324,[],0.984423
70a2479522518fa70836397db48cbabd,Trang Tử,10.7516644,106.6532793,10.7514819,106.6504956,1.0,50.0,,,asphalt,no,,0.002966,266.1824762203601,0.3051441414999466,3,-0.9831419293365412,19.0,16.0,2603101003,1,10,Weekday,18.0,29.0,0.0,0,0.6206896551724138,1042.76,C,37.93103448275862,0.061028828299989325,0.36,0.3793103448275862,306.943,61.424,67.039,[],0.982534
fd613f1221173c7617c7db5cf43d7632,Cầu Trần Quang Diệu,10.7843732,106.6784372,10.7843732,106.6784372,1.0,50.0,,,asphalt,no,,0.0,0.0,0.0,3,0.0,17.0,17.0,2603101003,1,10,Weekday,16.0,31.0,0.0,0,0.5161290322580645,1230.97,C,48.38709677419355,0.0,0.32,0.4838709677419355,0.0,0.0,0.0,[],0.0
f85da89682a6ec3d59f053125b77e962,Đường Song Hành Xa lộ Hà Nội,10.8389857,106.768291,10.8488622,106.7742039,1.0,50.0,,,asphalt,no,,0.015789,30.45468401896829,1.2694569475026742,2,1.2603814592905913,11.0,27.0,2603101003,1,10,Weekday,43.0,50.0,0.0,0,0.86,612.0,B,14.000000000000002,0.1062801165351076,0.86,0.14,2254.888,258.38,246.943,[],0.979103
a43855d734537d6695bde9802e663a0e,Đường Tên Lửa,10.7383637,106.6150634,10.73825,106.6149888,1.0,50.0,,,asphalt,no,,0.000188,212.80676707724223,0.014991924050483,1,-6.670257911077002,28.0,27.0,2603101003,1,10,Weekday,24.0,35.0,0.0,0,0.6857142857142857,925.71,C,31.428571428571427,0.00224878860757245,0.48,0.3142857142857143,465.517,100.362,116.509,[],0.960788
38b68e4bfe46f142d77488b621cd805c,Nguyễn Thị Định,10.7682878,106.7773201,10.7636062,106.7826284,1.0,50.0,,,asphalt,no,,0.00999,131.91513517755294,0.7779731530778027,5,0.0,10.0,10.0,2603101003,1,10,Weekday,25.0,25.0,0.0,0,1.0,360.0,A,0.0,0.11202813404320358,0.5,0.0,1691.763,356.132,379.131,[],0.0
56540f655ecaf0cd3e212d5b48709ef6,Nguyễn Văn Cừ,10.7622438,106.683007,10.765251,106.6818405,1.0,50.0,,,asphalt,no,,0.004174,339.139392664444,0.3562641176706433,3,0.2806906310234906,30.0,31.0,2603101003,1,10,Weekday,25.5,37.5,0.0,0,0.68,936.0,C,31.999999999999996,0.05029611072997318,0.51,0.32,360.664,58.05,59.768,[],0.981102
86eb4d8d56efd88ec1eae6d1a69b2f73,Đông Hồ,10.7841856,106.6517538,10.7836106,106.6540868,1.0,50.0,,,asphalt,no,,0.002908,104.08425736260398,0.2629595443743113,1,0.7605732679370207,20.0,22.0,2603101003,1,10,Weekday,18.5,31.0,0.0,0,0.5967741935483871,1085.81,C,40.32258064516129,0.05117050593229842,0.37,0.4032258064516129,918.667,238.002,251.857,[],0.0
c0df7ab6395377be90f3f3e34633d252,Cầu Ông Đội,10.713383,106.7312623,10.7135062,106.7312577,1.0,50.0,,,asphalt,no,,0.000128,357.89894178307213,0.0136367667769312,3,0.0,29.0,29.0,2603101003,1,10,Weekday,27.0,37.0,0.0,0,0.7297297297297297,846.49,B,27.027027027027028,0.0018182355702574932,0.54,0.2702702702702703,116.822,37.931,34.364,[],0.027423
d47ab17a4d2eef912cf5956300fb8bf4,Hầm sông Sài Gòn,10.76834,106.7031455,10.7684374,106.7033248,1.0,50.0,,,asphalt,no,,0.000277,61.05909966725682,0.0223749981058668,2,0.0,26.0,26.0,2603101003,1,10,Weekday,35.0,43.0,0.0,0,0.813953488372093,694.88,B,18.6046511627907,0.0023014283766034428,0.7,0.18604651162790697,4640.953,556.632,568.616,[],0.979479
931e092078f2614a71934d3a4ec00d60,Cầu Sài Gòn 2,10.7983208,106.7250464,10.7988988,106.728642,1.0,55.0,,trunk,asphalt,yes,,0.004174,80.70559491100937,0.3983824058041995,1,0.7530453042834593,18.0,21.0,2603101003,1,10,Weekday,34.0,41.0,0.0,0,0.8292682926829268,667.32,B,17.07317073170732,0.04218166649691524,0.6181818181818182,0.17073170731707318,398.518,30.52,30.52,[],0.980606
edd04a4ad93a14c44c8817dc0837f268,Đường Thuận Kiều,10.7552474,106.6584197,10.7546122,106.6583409,1.0,50.0,,,asphalt,no,,0.000714,186.94873517239884,0.0707880093267676,4,-1.4126686277952192,28.0,27.0,2603101003,1,10,Weekday,21.0,32.0,0.0,0,0.65625,978.75,C,34.375,0.01213508731316016,0.42,0.34375,84.299,39.873,33.874,[],0.696364
833b30cba7e5b5e95f0b5ade0cd9985d,Phạm Văn Đồng,10.8233047,106.7053644,10.8408851,106.7435101,1.0,50.0,,,asphalt,no,,0.055726,64.8587660365717,4.602219740876687,2,-0.1086432261282582,23.0,18.0,2603101003,1,10,Weekday,37.0,45.0,0.0,0,0.8222222222222222,680.0,B,17.777777777777782,0.4477835423555696,0.74,0.17777777777777778,4698.179,438.812,443.649,[],0.969314
533d4363465fe3da773b88f3bcb892e5,Kinh Trung ương,10.7909507,106.5554753,10.7910811,106.5554064,1.0,50.0,,,asphalt,no,,0.000199,332.56930405189604,0.016273580943196,5,6.144929032464122,20.0,21.0,2603101003,1,10,Weekday,27.0,43.0,0.0,0,0.627906976744186,1029.77,C,37.2093023255814,0.0021698107924261333,0.54,0.37209302325581395,20.007,2.881,2.881,[],0.978065
31edc4737b466279924d2c321b641745,Nguyễn Nhược Thị,10.7369895,106.6402431,10.7369774,106.6403352,1.0,50.0,,,asphalt,no,,0.000104,97.61640140965189,0.0101627211308462,1,0.0,21.0,21.0,2603101003,1,10,Weekday,35.0,43.0,0.0,0,0.813953488372093,694.88,B,18.6046511627907,0.0010453084591727521,0.7,0.18604651162790697,10.099,1.73,1.73,[],0.971927
c3c013d289edec4813b34f41d283e138,Đường Ngô Quyền,10.7558381,106.6663734,10.7558381,106.6663734,1.0,50.0,,,asphalt,no,,0.0,0.0,0.0,3,0.0,6.0,6.0,2603101003,1,10,Weekday,24.0,35.0,0.0,0,0.6857142857142857,925.71,C,31.428571428571427,0.0,0.48,0.3142857142857143,0.0,0.0,0.0,[],0.0
d840e5c8084a9478d71d3c792ab8ddf3,Nhánh A2,10.7932441,106.7532978,10.7938273,106.7522965,1.0,50.0,,,asphalt,no,,0.001584,300.6651843495291,0.1270938839401096,2,-0.7868199231925502,11.0,10.0,2603101003,1,10,Weekday,44.5,44.5,0.0,0,1.0,360.0,A,0.0,0.01028175240863808,0.89,0.0,147.943,23.179,25.419,[],0.013194
2bce33fda4082d0b8462f80a91918a80,Quang Trung,10.8430788,106.6419808,10.8374889,106.6544376,1.0,50.0,,,asphalt,no,,0.018047,114.55430187155258,1.49587328587445,2,0.4679540751279595,9.0,16.0,2603101003,1,10,Weekday,25.0,36.0,0.0,0,0.6944444444444444,910.0,C,30.555555555555557,0.21540575316592078,0.5,0.3055555555555556,1785.886,294.374,294.661,[],0.972705
fe89e81c704908a30c246e67aed9365a,Hương lộ 8,10.6828162,106.5444885,10.6844568,106.550446,1.0,50.0,,,asphalt,no,,0.007598,74.34435835098407,0.6765569526527494,1,1.182457732291769,21.0,29.0,2603101003,1,10,Weekday,36.0,43.0,0.0,0,0.8372093023255814,653.02,B,16.279069767441857,0.06765569526527494,0.72,0.16279069767441862,676.883,74.99,75.166,[],0.980426
082271af9cca5bf56d0676b7cd0d99da,Tân Chánh Hiệp 39,10.8821993,106.6167264,10.8776763,106.6236125,1.0,50.0,,,asphalt,no,,0.011409,123.77605992876327,0.9039450688039764,2,0.2212523823650291,23.0,25.0,2603101003,1,10,Weekday,25.0,36.0,0.0,0,0.6944444444444444,910.0,C,30.555555555555557,0.1301680899077726,0.5,0.3055555555555556,913.477,132.126,136.274,[],0.983531
6aa424afd411c43e24ad14f2ace416fc,Nguyễn Hậu,10.7872262,106.6346835,10.7874845,106.634782,1.0,50.0,,tertiary,asphalt,no,,0.000357,20.53597660942978,0.0305347357005693,2,0.0,6.0,6.0,2603101003,1,10,Weekday,22.5,33.5,0.0,0,0.6716417910447762,951.04,C,32.83582089552238,0.004885557712091088,0.45,0.3283582089552239,29.043,6.953,6.953,[],0.664957
c6bdbee9943288bb1b2bcb5ad94530c5,Võ Hữu Lợi,10.7495136,106.5406398,10.749453,106.540609,1.0,50.0,,,asphalt,no,,9.1e-05,206.53443067301535,0.0075020920885506,4,0.0,24.0,24.0,2603101003,1,10,Weekday,46.0,46.0,0.0,0,1.0,360.0,A,0.0,0.0005871202504083079,0.92,0.0,11.063,1.138,1.138,[],0.98548
5d32a1ba4488a059cc3625a11957843c,Nguyễn Ðình Chiểu,10.7924028,106.7031476,10.7851071,106.6963948,1.0,50.0,,,asphalt,no,,0.014049,222.27854757021868,1.0939187359892024,2,-1.279802561141817,20.0,6.0,2603101003,1,10,Weekday,26.5,35.5,0.0,0,0.7464788732394366,816.34,B,25.352112676056336,0.14860782828532562,0.53,0.2535211267605634,1115.727,252.861,259.381,[],0.981152
da7747ba881916d828ba942bf47585ff,Đào Duy Anh,10.8081046,106.6740205,10.8054457,106.6781072,1.0,50.0,,,asphalt,no,,0.006746,123.51890630717048,0.535007024056402,4,0.1869134338495296,7.0,8.0,2603101003,1,10,Weekday,18.0,30.0,0.0,0,0.6,1080.0,C,40.0,0.1070014048112804,0.36,0.4,539.245,73.221,75.146,[],0.980526
1672c01722daa83cae69a3a0af7eea45,Hồng Bàng,10.7534697,106.6530134,10.753623,106.6478806,1.0,50.0,,,asphalt,no,,0.005286,271.7417691426313,0.5616680322433182,3,-1.0682466609388162,21.0,15.0,2603101003,1,10,Weekday,24.0,35.0,0.0,0,0.6857142857142857,925.71,C,31.428571428571427,0.08425020483649774,0.48,0.3142857142857143,1664.062,277.739,269.144,[],0.91102
d3c7e159184f07572d71181f2e57dc01,Hẻm 92 Vũ Huy Tấn,10.7958364,106.6927968,10.7973608,106.6925024,1.0,50.0,,,asphalt,no,,0.001819,349.2582898508137,0.1716650863040787,3,1.1650592692198942,12.0,14.0,2603101003,1,10,Weekday,21.5,33.5,0.0,0,0.6417910447761194,1004.78,C,35.820895522388064,0.028743921427659688,0.43,0.3582089552238806,806.682,146.523,153.972,[],0.965425
cba453eaef49c45852cd4c04852540d0,Vĩnh Hội,10.7557367,106.7008649,10.7558499,106.7009702,1.0,50.0,,,asphalt,no,,0.000219,42.42323154421882,0.017012773059136,1,0.0,10.0,10.0,2603101003,1,10,Weekday,27.0,35.0,0.0,0,0.7714285714285715,771.43,B,22.857142857142854,0.0022683697412181334,0.54,0.22857142857142856,17.039,4.78,4.78,[],0.978053
a4a81e2375290beb6afe95542446bc64,Đường Nguyễn Văn Linh,10.7208632,106.6572305,10.7341285,106.7221401,1.0,50.0,,,asphalt,no,,0.078175,78.24392859698759,7.250277204321196,2,-0.1517183369684672,22.0,11.0,2603101003,1,10,Weekday,34.0,38.5,0.0,0,0.8831168831168831,570.39,B,11.688311688311693,0.7676764098693031,0.68,0.11688311688311688,16686.516,1630.235,1654.406,[],0.003857
2455f4a20916171bdbe19dbb45a76fd7,Tô Hiến Thành,10.7736176,106.6614007,10.7768372,106.664107,1.0,50.0,,,asphalt,no,,0.005926,39.54791979742873,0.4630730738856473,1,1.295691833181745,19.0,25.0,2603101003,1,10,Weekday,20.0,30.0,0.0,0,0.6666666666666666,960.0,C,33.333333333333336,0.08335315329941652,0.4,0.3333333333333333,466.862,108.174,107.789,[],0.98467
0c8c8deb6ff00aea42cec01b72e76bb8,Đường số 20,10.8292498,106.7225448,10.8292319,106.7225292,1.0,50.0,,,asphalt,no,,3.3e-05,220.56313403960093,0.0026134810573339,2,0.0,16.0,16.0,2603101003,1,10,Weekday,32.0,42.0,0.0,0,0.7619047619047619,788.57,B,23.809523809523814,0.00029401661895006375,0.64,0.23809523809523808,2.569,0.253,0.253,[],0.936751
94aadac0163a4195d344b2ff0cf5d166,Phan Đình Giót,10.8001795,106.6677637,10.8046866,106.6644615,1.0,50.0,,,asphalt,no,,0.007809,324.25839052382463,0.6155975946869522,2,0.1624437796103681,22.0,23.0,2603101003,1,10,Weekday,21.0,33.0,0.0,0,0.6363636363636364,1014.55,C,36.36363636363637,0.10553101623204895,0.42,0.36363636363636365,654.298,111.816,113.804,[],0.911347
1a19e3c1482ed6ff74d99c361f5ff8e9,Đường Châu Văn Liêm,10.7545372,106.6583269,10.7541599,106.6583935,1.0,50.0,,,asphalt,no,,0.000444,170.1617731092274,0.04236523348019,4,0.0,27.0,27.0,2603101003,1,10,Weekday,18.0,29.0,0.0,0,0.6206896551724138,1042.76,C,37.93103448275862,0.008473046696038,0.36,0.3793103448275862,49.157,15.947,17.336,[],0.982264
565705c0eed96a1a9a86d19728864b8e,Thoại Ngọc Hầu,10.7737359,106.621551,10.7842211,106.6392437,1.0,50.0,,,asphalt,no,,0.028178,58.89690841198808,2.255977178074464,5,-0.0443266895480532,9.0,8.0,2603101003,1,10,Weekday,23.0,30.0,0.0,0,0.7666666666666667,780.0,B,23.33333333333333,0.35310947135078574,0.46,0.23333333333333334,2264.966,418.09,427.633,[],0.98277
f4ccbc6cb56968e5336eefd9f1c336a0,Vườn Lài,10.7880016,106.6313252,10.844574,106.6935088,1.0,50.0,,,asphalt,no,,0.118756,47.187720090440905,9.241173136257652,2,-0.0216422738813649,34.0,32.0,2603101003,1,10,Weekday,27.5,41.0,0.0,0,0.6707317073170732,952.68,C,32.92682926829268,1.2097535742010017,0.55,0.32926829268292684,12861.784,2400.867,2485.475,[],
d3c7e159184f07572d71181f2e57dc01,Cầu Hoàng Hoa Thám,10.7946727,106.693204,10.7958364,106.6927968,1.0,50.0,,,asphalt,no,,0.001571,341.0308715432691,0.136206194862502,3,0.0,12.0,12.0,2603101003,1,10,Weekday,16.5,27.5,0.0,0,0.6,1080.0,C,40.0,0.029717715242727708,0.33,0.4,524.409,103.561,111.841,[],0.984019
ef35aa07cbe1e7e85fde1e038bed95e4,Nam Kỳ Khởi Nghĩa,10.7758374,106.6990601,10.7898473,106.683905,1.0,50.0,,,asphalt,no,,0.029165,313.2618855008798,2.269073307565568,4,-0.0881417093635353,29.0,27.0,2603101003,1,10,Weekday,17.5,28.0,0.0,0,0.625,1035.0,C,37.5,0.4667807946992026,0.35,0.375,2559.072,613.19,606.905,[],0.184758
5b019332e6114b8ae49c3362815db79b,Lạc Long Quân,10.7832411,106.6506569,10.7795043,106.6499053,1.0,50.0,,,asphalt,no,,0.004488,191.17685272177692,0.4214335020013836,1,-1.186426797170858,18.0,13.0,2603101003,1,10,Weekday,19.5,31.0,0.0,0,0.6290322580645161,1027.74,C,37.096774193548384,0.07780310806179389,0.39,0.3709677419354839,430.566,85.222,88.229,[],0.975215
08e4e553fc72136a576a8e051427df26,Thích Quảng Đức,10.8082313,106.6785195,10.8033105,106.684482,1.0,50.0,,,asphalt,no,,0.010883,130.03605979400584,0.8493751546363333,5,0.117733606232944,11.0,12.0,2603101003,1,10,Weekday,18.5,30.5,0.0,0,0.6065573770491803,1068.2,C,39.34426229508197,0.16528381387517838,0.37,0.39344262295081966,857.127,207.607,222.782,[],0.985507
95a40015cfa8df8f369c121ae448eb3f,Nguyễn Cao,10.7279406,106.7122757,10.7283925,106.712277,1.0,50.0,,,asphalt,no,,0.000453,0.1619437458865604,0.0499861094721342,1,2.0005557755149352,24.0,25.0,2603101003,1,10,Weekday,41.0,41.0,0.0,0,1.0,360.0,A,0.0,0.004389024246333735,0.82,0.0,52.659,17.234,17.234,[],0.978803
fa5588536cb07e17c55f04f99607236c,Hẻm 322 Hòa Hưng,10.7779568,106.6710033,10.7785872,106.6707568,1.0,50.0,,,asphalt,no,,0.000877,338.98707890808095,0.0747606094009966,3,0.0,33.0,33.0,2603101003,1,10,Weekday,18.0,32.0,0.0,0,0.5625,1147.5,C,43.75,0.01495212188019932,0.36,0.4375,75.114,30.046,30.046,[],0.979357
96d2699795530b9bb0661850b4b7699d,Cầu Tư Dinh,10.728864,106.6980017,10.728815,106.6963878,1.0,50.0,,,asphalt,no,,0.001663,268.2301926400942,0.1766216166452431,2,-1.1323642247127312,11.0,9.0,2603101003,1,10,Weekday,34.0,34.0,0.0,0,1.0,360.0,A,0.0,0.0187011123506728,0.68,0.0,174.604,16.541,16.541,[],0.978061
67de27da28b2daee04ece7e83f309f6e,Bình Lợi,10.8315214,106.7053404,10.8311762,106.7054531,1.0,50.0,,,asphalt,no,,0.000458,162.22096602415343,0.040123228997869,2,0.0,31.0,31.0,2603101003,1,10,Weekday,32.0,42.0,0.0,0,0.7619047619047619,788.57,B,23.809523809523814,0.004513863262260262,0.64,0.23809523809523808,40.635,6.36,6.36,[],0.979024
be2d989e54855044a68776ff4b143463,Nguyễn Thượng Hiền,10.7770101,106.6820734,10.776852,106.6821788,1.0,50.0,,,asphalt,no,,0.000264,146.7788637003597,0.0209454205290614,5,-4.774313309262584,14.0,13.0,2603101003,1,10,Weekday,20.0,34.0,0.0,0,0.5882352941176471,1101.18,C,41.17647058823529,0.0037701756952310526,0.4,0.4117647058823529,21.033,4.489,4.489,[],0.980025
18cf5f906888a7c366c0f04492e72184,Hòa Bình,10.7695756,106.6353005,10.7723027,106.6257843,1.0,50.0,,,asphalt,no,,0.012243,286.2635847324557,1.0836294523694114,1,-0.6459772743066498,19.0,12.0,2603101003,1,10,Weekday,22.0,29.5,0.0,0,0.7457627118644068,817.63,B,25.423728813559322,0.17732118311499462,0.44,0.2542372881355932,1476.373,309.475,330.618,[],0.985445
dbfcdececbdb5cc1cb6b4cde2cc7c4a5,Đường CN2,10.8155285,106.6245997,10.8155179,106.62442,1.0,50.0,,,asphalt,no,,0.00019,266.56330518627846,0.0196860327774685,3,0.0,24.0,24.0,2603101003,1,10,Weekday,20.0,34.0,0.0,0,0.5882352941176471,1101.18,C,41.17647058823529,0.00354348589994433,0.4,0.4117647058823529,19.618,5.435,5.435,[],0.97612
d8349d793ce057e9513fe728531c4b46,Hoàng Văn Thụ,10.800283,106.6668173,10.7932413,106.6535674,1.0,50.0,,,asphalt,no,,0.020292,241.5865022861866,1.6451102164505405,3,0.6078620082717506,21.0,31.0,2603101003,1,10,Weekday,16.5,29.5,0.0,0,0.559322033898305,1153.22,C,44.067796610169495,0.3589331381346634,0.33,0.4406779661016949,2500.22,579.331,582.229,[],0.0
5d54589ad95a4a6319292c8de7625272,Pham Ngũ Lão,10.8207556,106.6832697,10.8251544,106.6808708,1.0,50.0,,,asphalt,no,,0.006798,331.82438190044013,0.5527760157046366,2,0.3618101985576478,28.0,30.0,2603101003,1,10,Weekday,27.0,34.0,0.0,0,0.7941176470588235,730.59,B,20.588235294117652,0.07370346876061822,0.54,0.20588235294117646,556.51,86.293,87.737,[],0.982223
21f2a5bd885c29140b3db6a80aa34148,Đường Trần Văn Giàu,10.7520876,106.6082145,10.7519761,106.6081604,1.0,50.0,,,asphalt,no,,0.000166,205.48637173229667,0.0136794106728825,5,211.99743683028908,5.0,34.0,2603101003,1,10,Weekday,52.0,52.0,0.0,0,1.0,360.0,A,0.0,0.00094703612350725,1.04,0.0,16.744,4.97,4.97,[],0.811493
43af34a1cc2943a2a639ad9d67e0247b,Phường Bình Thắng,10.8853354,106.8049329,10.8852651,106.8048936,1.0,50.0,,,asphalt,no,,0.00011,208.76565170475817,0.0088842461689224,2,0.0,34.0,34.0,2603101003,1,10,Weekday,43.0,56.0,0.0,0,0.7678571428571429,777.86,B,23.214285714285708,0.0007437973536772243,0.86,0.23214285714285715,9.487,2.439,2.439,[],0.7047
1233bba5ca25d8e284fd778f04ef644a,Nguyễn Văn Linh,10.7311956,106.7192028,10.7526944,106.7269803,1.0,50.0,,,asphalt,no,,0.029276,19.56576213435852,2.525630148404968,4,1.1086342162047391,5.0,33.0,2603101003,1,10,Weekday,36.5,36.5,0.0,0,1.0,360.0,A,0.0,0.24910324751391463,0.73,0.0,3472.887,472.296,441.617,[],1e-06
d616738bc5a306551c061325b843cddb,Nguyễn Thị Minh Khai,10.7657285,106.6818889,10.7897016,106.7045845,1.0,50.0,,,asphalt,no,,0.046669,42.92104714750593,3.632212951026253,4,-0.3579085305647334,31.0,18.0,2603101003,1,10,Weekday,21.5,35.0,0.0,0,0.6142857142857143,1054.29,C,38.57142857142857,0.608184494125326,0.43,0.38571428571428573,3847.108,978.419,970.979,[],0.98208
1e1e73a5851e5963e4ea83aa60ceacce,Quang Trung,10.8266931,106.6794606,10.8299958,106.6706701,1.0,50.0,,,asphalt,no,,0.012093,290.933851028774,1.0283242213231152,2,-0.5834735655919855,30.0,24.0,2603101003,1,10,Weekday,25.0,36.0,0.0,0,0.6944444444444444,910.0,C,30.555555555555557,0.14807868787052858,0.5,0.3055555555555556,1030.7,148.586,148.287,[],0.982001
4e9b9bfd0bbeb0c9139122563e3d0a05,Cầu vượt Cộng Hòa - Hoàng Hoa Thám,10.8020955,106.6450548,10.8017925,106.6479549,1.0,50.0,,,asphalt,no,,0.003203,96.07109966639833,0.3189205524736799,1,0.3135577159400941,32.0,33.0,2603101003,1,10,Weekday,27.5,34.5,0.0,0,0.7971014492753623,725.22,B,20.28985507246377,0.041749599596554464,0.55,0.2028985507246377,318.905,59.06,60.082,[],0.980281
ed4fcc8e7c23c831129f37c2607755a0,Cầu Kênh Tẻ,10.7492889,106.7024382,10.754992,106.7019835,1.0,50.0,,,asphalt,no,,0.006158,355.5212770152206,0.6327940545149221,4,0.632117190650007,6.0,10.0,2603101003,1,10,Weekday,25.0,33.0,0.0,0,0.7575757575757576,796.36,B,24.242424242424242,0.09112234385014878,0.5,0.24242424242424243,637.093,95.511,95.511,[],0.980775
2750d3a201062d7deb2e154049891644,Xa Lộ Hà Nội,10.8084947,106.7555087,10.8458797,106.7715847,1.0,50.0,,,asphalt,no,,0.053461,22.89559867648694,4.493424994448686,4,-0.1557831722716638,28.0,21.0,2603101003,1,10,Weekday,42.0,48.0,0.0,0,0.875,585.0,B,12.5,0.3851507138098874,0.84,0.125,7943.407,752.459,762.537,[],0.0
e99983bb87cba148ff3645de7da54618,Hầm chui Mỹ Thủy,10.7698762,106.7752086,10.7698083,106.775235,1.0,50.0,,,asphalt,no,,9.4e-05,159.09521457525773,0.0080465290660846,3,0.0,9.0,9.0,2603101003,1,10,Weekday,33.0,33.0,0.0,0,1.0,360.0,A,0.0,0.0008778031708455928,0.66,0.0,7.86,1.414,1.414,[],0.902943
9d63c09781c0bd9e4d4195934b92e2d2,Phan Văn Đáng,10.7468469,106.7929002,10.7471454,106.7931437,1.0,50.0,,,asphalt,no,,0.000542,38.70996669463591,0.0424211340630758,2,-66.00483607620411,33.0,5.0,2603101003,1,10,Weekday,43.5,43.5,0.0,0,1.0,360.0,A,0.0,0.003510714543151101,0.87,0.0,40.713,13.992,13.059,[],0.971921
89010c15e8cbc3096319f581489764f3,Hồng Lạc,10.7879176,106.6465073,10.7879756,106.6464872,1.0,50.0,,,asphalt,no,,7.8e-05,341.20004166204126,0.0067817187954798,5,0.0,18.0,18.0,2603101003,1,10,Weekday,18.0,31.0,0.0,0,0.5806451612903226,1114.84,C,41.93548387096774,0.00135634375909596,0.36,0.41935483870967744,275.67,84.614,170.603,[],1e-06
20b9106544ecc449efa13972605cfa53,Hoà Bình,10.7696068,106.6355415,10.7667998,106.6421803,1.0,50.0,,,asphalt,no,,0.009446,113.28623935943769,0.7896990592269767,4,0.5065220672689585,19.0,23.0,2603101003,1,10,Weekday,20.0,30.5,0.0,0,0.6557377049180327,979.67,C,34.42622950819673,0.14214583066085582,0.4,0.3442622950819672,806.084,157.903,154.665,[],0.984165
bb3933dee270e2276ba40eb7efc5f3fb,Phạm Ngọc Thạch,10.78092,106.6978143,10.7817113,106.6969534,1.0,50.0,,,asphalt,no,,0.001652,313.0966315031309,0.1285543444948885,5,0.0,32.0,32.0,2603101003,1,10,Weekday,21.0,33.0,0.0,0,0.6363636363636364,1014.55,C,36.36363636363637,0.022037887627695173,0.42,0.36363636363636365,126.035,34.902,34.902,[],0.974924
a43c875d037878930e511a35276bd2f7,cầu vượt vào sân bay,10.8101615,106.6648834,10.8122766,106.6650353,1.0,50.0,,,asphalt,no,,0.002267,4.035073162065942,0.2345472694897493,3,1.2790598699044382,29.0,32.0,2603101003,1,10,Weekday,21.0,33.0,0.0,0,0.6363636363636364,1014.55,C,36.36363636363637,0.04020810334109988,0.42,0.36363636363636365,249.501,60.616,60.539,[],0.982925
e01d7a4f0d50fd34ca505272a67c2ad9,Cầu Him Lam,10.7405245,106.6937024,10.7407629,106.6949897,1.0,50.0,,,asphalt,no,,0.001526,79.32510019763674,0.1432554156409482,5,0.6980538889408374,18.0,19.0,2603101003,1,10,Weekday,27.0,35.0,0.0,0,0.7714285714285715,771.43,B,22.857142857142854,0.01910072208545976,0.54,0.22857142857142856,1541.725,264.386,278.894,[],0.94714
d6b4558d6ca9da6200cea9f228821936,Hồ Văn Long,10.8253843,106.6005932,10.8252537,106.600561,1.0,50.0,,,asphalt,no,,0.000163,193.6130638070177,0.0148690467471473,4,0.0,10.0,10.0,2603101003,1,10,Weekday,31.0,46.0,0.0,0,0.6739130434782609,946.96,C,32.608695652173914,0.001726728009346138,0.62,0.32608695652173914,203.466,36.951,52.801,[],0.0
54e32883329e208e3adcde2159105a68,Đinh Tiên Hoàng,10.7918339,106.6958731,10.7858782,106.7024674,1.0,50.0,FRC3,,asphalt,no,,0.01255,132.5951432273299,0.9767776891563642,1,0.1023774407525311,11.0,12.0,2603101003,1,10,Weekday,21.5,33.5,0.0,0,0.6417910447761194,1004.78,C,35.820895522388064,0.16355347353315866,0.43,0.3582089552238806,2246.624,519.245,540.364,[],0.0
47ed5ada72329906efb3f9b95e354dfb,Hồng Bàng,10.753623,106.6478806,10.7533034,106.6507117,1.0,50.0,,,asphalt,no,,0.003151,96.5546646874219,0.3116696972769958,5,0.9625574851230264,15.0,18.0,2603101003,1,10,Weekday,21.0,31.5,0.0,0,0.6666666666666666,960.0,C,33.333333333333336,0.05342909096177071,0.42,0.3333333333333333,306.295,82.778,77.479,[],0.980167
0156bf10ae8471d6696389f5fbcfce3b,Lê Đức Thọ,10.8548517,106.655946,10.8527915,106.6599389,1.0,50.0,,,asphalt,no,,0.006053,117.71545210035184,0.492484649003015,5,-5.685456400861051,34.0,6.0,2603101003,1,10,Weekday,30.0,47.5,0.0,0,0.631578947368421,1023.16,C,36.8421052631579,0.059098157880361796,0.6,0.3684210526315789,489.579,93.371,99.494,[],0.980091
6be66491f570c0e12dc9a63eb2d8f0a2,Tân Hoà Đông,10.7542847,106.6342541,10.7560579,106.6326357,1.0,50.0,,,asphalt,no,,0.003392,318.1186102717437,0.2642061581237374,5,0.0,33.0,33.0,2603101003,1,10,Weekday,24.0,35.0,0.0,0,0.6857142857142857,925.71,C,31.428571428571427,0.03963092371856061,0.48,0.3142857142857143,265.022,78.608,82.42,[],0.979851
a37ff905c949d234313f2d4a4630f960,Võ Văn Ngân,10.851171,106.7550306,10.8497041,106.7710929,1.0,50.0,,,asphalt,no,,0.017529,95.311036775744,1.7637679692183217,5,0.7937552016099154,11.0,25.0,2603101003,1,10,Weekday,38.0,46.0,0.0,0,0.8260869565217391,673.04,B,17.391304347826086,0.1670938076101568,0.76,0.17391304347826086,1818.017,337.615,354.604,[],0.939126
297aa53831588423b2352487df6040c8,Lạc Long Quân,10.769814,106.6444321,10.7666571,106.6423879,1.0,50.0,,residential,asphalt,no,,0.005201,212.4619169721183,0.4146371295252201,4,-1.2058736769968588,28.0,23.0,2603101003,1,10,Weekday,19.5,31.0,0.0,0,0.6290322580645161,1027.74,C,37.096774193548384,0.07654839314311755,0.39,0.3709677419354839,457.755,94.537,99.107,[],0.770822
0e3f9a7458675955792ad89d4d670e37,Đinh Bộ Lĩnh,10.8180917,106.7127697,10.8029327,106.7093756,1.0,50.0,,,asphalt,no,,0.018553,192.40371493694897,1.7173766861363178,4,-1.1063385309337932,25.0,6.0,2603101003,1,10,Weekday,22.0,38.5,0.0,0,0.5714285714285714,1131.43,C,42.85714285714286,0.28102527591321563,0.44,0.42857142857142855,1818.629,390.755,397.152,[],0.860118
c2fce3720560919f0edc308e66c79f50,Phó Cơ Điều,10.7575292,106.657093,10.758013,106.6571078,1.0,50.0,,,asphalt,no,,0.000499,1.7214201343633704,0.0535390334065459,2,1.86779614119394,29.0,30.0,2603101003,1,10,Weekday,16.5,27.5,0.0,0,0.6,1080.0,C,40.0,0.011681243652337287,0.33,0.4,208.56,48.176,57.771,[],0.0
461b1aea00fe2f60761d2f1902cead85,Đường Kinh Dương Vương,10.737327,106.614443,10.7461636,106.6242766,1.0,50.0,FRC2,,asphalt,no,,0.01867,47.55180183962045,1.4533888686533276,5,-0.7568518128387975,26.0,15.0,2603101003,1,10,Weekday,24.0,35.0,0.0,0,0.6857142857142857,925.71,C,31.428571428571427,0.21800833029799915,0.48,0.3142857142857143,2114.459,319.493,336.733,[],0.958399
fa678391a551977b9049b5334e5c9bb2,Đường dẫn Cầu Thủ Thiêm,10.7828466,106.7199382,10.7820242,106.7205208,1.0,50.0,,,asphalt,no,,0.001405,145.16561495384292,0.1110634971466658,4,0.9003858384536921,26.0,27.0,2603101003,1,10,Weekday,38.5,38.5,0.0,0,1.0,360.0,A,0.0,0.010385158174753165,0.77,0.0,384.749,48.744,66.682,[],0.973564
4311e53182ec4e17445656dd6cd60c40,Hai Bà Trưng,10.78789,106.6919402,10.7922848,106.6864092,1.0,50.0,,,asphalt,no,,0.009926,308.96912553920254,0.7760226695143255,2,0.0,33.0,33.0,2603101003,1,10,Weekday,19.5,29.5,0.0,0,0.6610169491525424,970.17,C,33.89830508474576,0.1432657236026447,0.39,0.3389830508474576,1162.385,288.862,316.302,[],0.984689
e2096e1337860826c2c5502ed5b147e3,Nguyễn Xí,10.8226293,106.7033547,10.8230448,106.7031447,1.0,50.0,,,asphalt,no,,0.000626,333.5990648605276,0.0513775762907338,2,1.946374415058488,20.0,21.0,2603101003,1,10,Weekday,36.0,44.0,0.0,0,0.8181818181818182,687.27,B,18.181818181818176,0.00513775762907338,0.72,0.18181818181818182,670.463,153.537,158.497,[],0.001823
e36dfdc71f03ab92e089d1ea6e7673de,Đường An Dương Vương,10.7574828,106.6741653,10.7566055,106.6696815,1.0,50.0,,,asphalt,no,,0.005361,258.73678882127405,0.4999291330001055,1,-1.200170104909396,16.0,10.0,2603101003,1,10,Weekday,19.0,29.5,0.0,0,0.6440677966101694,1000.68,C,35.59322033898306,0.0947234146737042,0.38,0.3559322033898305,558.246,142.893,134.922,[],0.967893
d6b8f09cbdb2633014691a86e7ad5c65,Đường số 48,10.758507,106.6987348,10.7557367,106.7008649,1.0,50.0,,,asphalt,no,,0.0049,142.93261840829632,0.384942332818907,1,-0.2597791707337217,11.0,10.0,2603101003,1,10,Weekday,27.0,35.0,0.0,0,0.7714285714285715,771.43,B,22.857142857142854,0.05132564437585427,0.54,0.22857142857142856,386.466,65.123,69.233,[],0.980226
f3b77211e4a2df3a18a8db9e5af46cf9,Vòng xoay Mỹ Thủy,10.7697992,106.7748933,10.7698665,106.7748651,1.5,55.0,,primary,asphalt,yes,,9.6e-05,337.62604497054826,0.008057899480913,3,0.0,8.0,8.0,2603101003,1,10,Weekday,49.0,49.0,0.0,0,1.0,540.0,A,0.0,0.0005920089414548327,0.8909090909090909,0.0,154.989,45.568,50.919,[],0.0
f1fe8c6487b8951009b7e4f5a032eebb,Nghĩa Phát,10.7836425,106.6543665,10.7857783,106.6579632,1.0,50.0,,,asphalt,no,,0.005733,58.84673303167415,0.4588493095447494,1,1.08968236324923,22.0,27.0,2603101003,1,10,Weekday,19.0,33.0,0.0,0,0.5757575757575758,1123.64,C,42.42424242424242,0.08693986917689989,0.38,0.42424242424242425,492.221,125.063,148.262,[],0.940175
e6471d556f48d2620665619ed1e9f743,Điện Biên Phủ,10.7957979,106.7028286,10.8012607,106.7127424,1.0,50.0,,,asphalt,no,,0.015377,60.70824203623704,1.241202254284702,2,-1.127938653968053,22.0,8.0,2603101003,1,10,Weekday,36.0,39.5,0.0,0,0.9113924050632911,519.49,A,8.860759493670889,0.1241202254284702,0.72,0.08860759493670886,1312.895,175.276,179.776,[],0.789879
ba7f7c3490fb2dcff2bca07b64fdd373,Công Trường Quách Thị Trang,10.7712269,106.6986125,10.7718767,106.6986499,1.5,50.0,,tertiary,asphalt,yes,,0.000687,3.2361710707621683,0.071992672975162,2,0.0,24.0,24.0,2603101003,1,10,Weekday,17.5,29.0,0.0,0,0.603448275862069,1610.69,C,39.6551724137931,0.014809921297747613,0.35,0.39655172413793105,1065.473,252.986,293.296,[],
fd6f15ac19a957141598dd378d42dddc,Trường Chinh,10.8152248,106.6323883,10.8083021,106.6345381,1.0,50.0,,,asphalt,no,,0.009072,163.03646537834868,0.8010192008329566,4,-0.6242047624826778,32.0,27.0,2603101003,1,10,Weekday,22.0,35.0,0.0,0,0.6285714285714286,1028.57,C,37.142857142857146,0.1310758692272111,0.44,0.37142857142857144,2669.736,435.231,431.852,[],0.0
73bda8328a14288c99df7d4bbc87c701,Cao Thắng,10.7720072,106.6798441,10.7725943,106.6791758,1.0,50.0,,,asphalt,no,,0.001255,311.8049441255227,0.0977743213661992,4,0.0,6.0,6.0,2603101003,1,10,Weekday,9.0,28.0,0.0,0,0.32142857142857145,1581.43,D,67.85714285714286,0.03910972854647968,0.18,0.6785714285714286,98.043,23.399,23.559,[],0.980272
8e365e564f35d72bd965cbb878b47020,Số 18,10.8226043,106.6066965,10.8232027,106.6059457,1.0,50.0,,,asphalt,no,,0.001349,309.05768589352255,0.1054606393592867,5,0.0,13.0,13.0,2603101003,1,10,Weekday,25.0,47.0,0.0,0,0.5319148936170213,1202.55,C,46.808510638297875,0.015186332067737285,0.5,0.46808510638297873,196.992,43.891,50.164,[],0.972166
a609c168641c7d2add8dbe3234cc80f7,Trần Bình Trọng,10.7592606,106.6803749,10.7582717,106.6807561,1.0,50.0,,,asphalt,no,,0.00137,159.2581467728719,0.117061949189984,2,-0.8542485469612879,24.0,23.0,2603101003,1,10,Weekday,17.5,27.5,0.0,0,0.6363636363636364,1014.55,C,36.36363636363637,0.024081315261939566,0.35,0.36363636363636365,121.206,33.999,35.635,[],0.980497
644f59096dd37ef2b4d02d0b4bd204c5,Nguyễn Hữu Cầu,10.791062,106.6911349,10.7900598,106.6904811,1.0,50.0,,,asphalt,no,,0.001656,212.65301840430172,0.1319156412277197,1,-1.5161204398404091,7.0,5.0,2603101003,1,10,Weekday,17.5,27.5,0.0,0,0.6363636363636364,1014.55,C,36.36363636363637,0.02713693190970234,0.35,0.36363636363636365,132.542,34.092,36.482,[],0.980585
a4072ff596e6d725ad0d820d46d29199,Đường Bình Thới,10.7629749,106.6424096,10.7630776,106.6422594,1.0,50.0,,,asphalt,no,,0.000253,304.8378934710495,0.019973146399524,5,5.006722426186348,19.0,20.0,2603101003,1,10,Weekday,21.5,26.0,0.0,0,0.8269230769230769,671.54,B,17.307692307692314,0.0033443407924784374,0.43,0.17307692307692307,20.624,5.673,5.673,[],0.940187
db8992c620d36987239bba1962cdfc4d,Phường 13,10.8345705,106.7008658,10.8592742,106.6514144,1.0,50.0,,,asphalt,no,,0.074155,296.9644883975819,6.058435394456935,5,-0.39614188214268,29.0,5.0,2603101003,1,10,Weekday,32.5,45.0,0.0,0,0.7222222222222222,860.0,B,27.77777777777778,0.6710882283090759,0.65,0.2777777777777778,10516.197,1951.859,1984.644,[],0.0
2739fe71a8fdb3855bc69a5d8982bc75,Thị trấn Tân Túc,10.6795155,106.5693537,10.6797073,106.5693331,1.0,50.0,,,asphalt,no,,0.000212,353.97512773364247,0.0213348324482702,3,0.0,13.0,13.0,2603101003,1,10,Weekday,29.0,44.0,0.0,0,0.6590909090909091,973.64,C,34.09090909090909,0.002648461959095611,0.58,0.3409090909090909,21.523,3.228,3.228,[],0.98288
46f5da33523dee74042c58e5d7affd5b,Transfer between the Metro and the HSR,10.8081678,106.7557179,10.8085665,106.7559278,1.0,50.0,,,asphalt,no,,0.000609,27.34443767802196,0.0497175862150415,1,0.0,28.0,28.0,2603101003,1,10,Weekday,43.0,50.0,0.0,0,0.86,612.0,B,14.000000000000002,0.004162402566840684,0.86,0.14,50.648,5.382,5.382,[],0.977745
449690e7103c2f6f08ca48fe1916ab83,Lê Văn Chí,10.8660484,106.7816929,10.8504219,106.7739597,1.0,50.0,,,asphalt,no,,0.02336,205.92127537028983,1.924233164410648,5,0.3118125241250414,22.0,28.0,2603101003,1,10,Weekday,36.0,46.5,0.0,0,0.7741935483870968,766.45,B,22.580645161290324,0.1924233164410648,0.72,0.22580645161290322,2142.96,279.625,290.34,[],0.212099
e3d39cd84d4c0ef295ee5acb87566b98,Cầu Rạch Lăng,10.821591,106.6983165,10.8218467,106.6992827,1.0,50.0,,,asphalt,no,,0.001222,74.92042438806118,0.1093768261601187,2,0.9142704493327328,14.0,15.0,2603101003,1,10,Weekday,40.0,46.0,0.0,0,0.8695652173913043,594.78,B,13.043478260869568,0.009843914354410684,0.8,0.13043478260869565,110.302,9.927,9.927,[],0.977925
af62fd96ae70b4a6d1e1fae7b2a6368f,Marie Curie,10.8786289,106.8017773,10.8788557,106.8000739,1.0,50.0,,,asphalt,no,,0.00193,277.72135782596456,0.1879182079074157,3,-0.5321464115348971,24.0,23.0,2603101003,1,10,Weekday,43.0,56.0,0.0,0,0.7678571428571429,777.86,B,23.214285714285708,0.015732687173644105,0.86,0.23214285714285715,357.261,49.552,51.531,[],0.985313
9bce5e8ee12dbc9b81fc6e256bd0b118,Ngô Gia Tự,10.7598159,106.6687226,10.7669024,106.6738588,1.0,50.0,,,asphalt,no,,0.012223,35.451728996106795,0.9643732859071532,4,1.244331440466231,12.0,24.0,2603101003,1,10,Weekday,24.0,35.0,0.0,0,0.6857142857142857,925.71,C,31.428571428571427,0.144655992886073,0.48,0.3142857142857143,1015.846,244.54,250.693,[],0.951494
892c20f6a6a2ead0bf7efc87233b05e8,Đi ga quốc tế,10.8130678,106.6650669,10.8144166,106.6652668,1.0,50.0,,,asphalt,no,,0.001549,8.282577251723922,0.1507882944554907,2,0.6631814515915077,33.0,34.0,2603101003,1,10,Weekday,21.0,33.0,0.0,0,0.6363636363636364,1014.55,C,36.36363636363637,0.025849421906655547,0.42,0.36363636363636365,2920.095,560.305,571.329,[],0.972409
48c4ed4b2189f7ffec64d2c3ba5e0fd7,Trần Não,10.7982738,106.7308494,10.7981949,106.7318819,1.0,50.0,,,asphalt,no,,0.001111,94.44820976286088,0.1132522214289136,3,0.8829848875217708,23.0,24.0,2603101003,1,10,Weekday,26.0,34.0,0.0,0,0.7647058823529411,783.53,B,23.529411764705888,0.01568107681323419,0.52,0.23529411764705882,255.278,58.008,77.851,[],0.976045
c826b42694022219b7f6b340639c0d06,Nguyễn Văn Linh,10.7293691,106.7181438,10.7340089,106.7213386,1.0,50.0,,,asphalt,no,,0.007835,34.07888513050801,0.6209033684695267,5,-3.543224456041864,32.0,10.0,2603101003,1,10,Weekday,43.0,43.0,0.0,0,1.0,360.0,A,0.0,0.05198260759279758,0.86,0.0,9427.912,908.595,903.282,[],
5d8686b2d447843e68030c5cda6fa2e2,Lý Thường Kiệt,10.8866826,106.5896647,10.7757808,106.6565902,1.0,50.0,,,asphalt,no,,0.177827,149.33782396045774,14.284323362102825,2,-0.0980095426650929,30.0,16.0,2603101003,1,10,Weekday,21.5,33.5,0.0,0,0.6417910447761194,1004.78,C,35.820895522388064,2.3917936792358216,0.43,0.3582089552238806,15229.612,2485.308,2454.23,[],
a69ac5661bf7c46f54054a7e97a9c640,Tống Văn Trân,10.7719941,106.6411857,10.769814,106.6444321,1.0,50.0,,,asphalt,no,,0.005427,124.35570486620668,0.429210158652195,5,0.2329860977988494,27.0,28.0,2603101003,1,10,Weekday,18.0,31.0,0.0,0,0.5806451612903226,1114.84,C,41.93548387096774,0.085842031730439,0.36,0.41935483870967744,429.66,103.654,110.118,[],0.984263
9bcf9d131b18487f8813ef4c6c42ab9e,Nguyễn Thiện Thuật,10.7680707,106.679824,10.7676816,106.6802989,1.0,50.0,,,asphalt,no,,0.000864,129.82858918761417,0.0674555633827273,4,0.0,32.0,32.0,2603101003,1,10,Weekday,23.5,33.0,0.0,0,0.7121212121212122,878.18,B,28.787878787878785,0.010333618220332694,0.47,0.2878787878787879,67.622,25.496,24.989,[],0.980202
f1c455e96fc9caeeef3e07f07cda2988,Bà Huyện Thanh Quan,10.7807155,106.6832444,10.7767699,106.6884634,1.0,50.0,,secondary,asphalt,yes,,0.009165,127.58084963362126,0.718526387943095,4,0.1391737334606,18.0,19.0,2603101003,1,10,Weekday,15.0,29.0,0.0,0,0.5172413793103449,1228.97,C,48.275862068965516,0.17244633310634278,0.3,0.4827586206896552,723.768,186.401,194.344,[],0.975112
7c3f006884ec418918d5f7736a3a07ff,Ngô Gia Tự,10.7669024,106.6738588,10.7671362,106.6740191,1.0,50.0,,,asphalt,no,,0.000394,33.962545986797295,0.031244098127343,1,6.401208931838911,24.0,26.0,2603101003,1,10,Weekday,24.0,35.0,0.0,0,0.6857142857142857,925.71,C,31.428571428571427,0.00468661471910145,0.48,0.3142857142857143,31.325,10.252,10.291,[],0.978242
6d87180f0e9f67bd24aed8b09818e5ec,Cầu cụt,10.8552658,106.6556187,10.8551425,106.655734,1.0,50.0,,,asphalt,no,,0.000239,137.43609360451558,0.0185727963981557,4,0.0,5.0,5.0,2603101003,1,10,Weekday,33.0,48.0,0.0,0,0.6875,922.5,C,31.25,0.0020261232434351673,0.66,0.3125,22.964,3.283,3.283,[],0.980285
a5f843bbb7798d58c803e19aefd88c36,Nguyễn Văn Bá,10.8415062,106.7687324,10.8496688,106.773359,1.0,50.0,,,asphalt,no,,0.012789,29.103391521649428,1.034961089607837,1,1.256085869365959,14.0,27.0,2603101003,1,10,Weekday,38.0,44.5,0.0,0,0.8539325842696629,622.92,B,14.60674157303371,0.09804894533126876,0.76,0.14606741573033707,1265.416,249.11,254.392,[],0.957981
6ed666ef1d3cf472b5247544173b129b,Đường Pham Ngũ Lão,10.8251122,106.6808633,10.8262602,106.6801335,1.0,50.0,,,asphalt,no,,0.001878,328.0193892798449,0.1499792195360675,1,0.6667590370808112,30.0,31.0,2603101003,1,10,Weekday,26.0,35.0,0.0,0,0.7428571428571429,822.86,B,25.71428571428571,0.02076635347422473,0.52,0.2571428571428571,1873.742,365.935,380.175,[],0.981952
98439f98391e313ef8c24e496830334f,Điện Biên Phủ,10.7989146,106.7192459,10.7981813,106.7199137,1.0,50.0,,residential,asphalt,no,,0.001401,138.1856666867543,0.1091459919391498,5,0.0,12.0,12.0,2603101003,1,10,Weekday,43.5,43.5,0.0,0,1.0,360.0,A,0.0,0.00903277174668826,0.87,0.0,420.964,68.688,59.474,[],0.0
b07cddff21e96635b34fd7221a0b4c62,Hồng Bàng,10.7550108,106.6603376,10.7534697,106.6530134,1.0,50.0,,,asphalt,no,,0.008865,257.9120637733799,0.8190355394235358,1,-1.0988534156081304,30.0,21.0,2603101003,1,10,Weekday,24.0,35.0,0.0,0,0.6857142857142857,925.71,C,31.428571428571427,0.12285533091353038,0.48,0.3142857142857143,835.736,158.665,154.555,[],0.982747
45a5f0ce435f0ecbc44a6cbfaf5a3440,Tam Bình,10.8609748,106.7421212,10.8625757,106.743489,1.0,50.0,,,asphalt,no,,0.002969,39.9994675251275,0.2317841171979261,2,1.294307839668853,7.0,10.0,2603101003,1,10,Weekday,31.0,40.0,0.0,0,0.775,765.0,B,22.499999999999996,0.02691686522298497,0.62,0.225,232.667,38.073,38.073,[],0.980427
67ce4fc8fe85edd1dedf7c6c4fcd52bd,Đường Hòa Bình,10.7669237,106.6422282,10.7670183,106.641639,1.0,50.0,,,asphalt,no,,0.000684,279.28206681175664,0.065286309747962,2,0.0,23.0,23.0,2603101003,1,10,Weekday,20.0,30.0,0.0,0,0.6666666666666666,960.0,C,33.333333333333336,0.01175153575463316,0.4,0.3333333333333333,68.527,11.103,14.016,[],0.975862
e62c4fd68cff6b858de508e76941e900,Cầu Phú Mỹ,10.7449386,106.7441554,10.7469406,106.7484952,1.0,50.0,,,asphalt,no,,0.006342,64.84739377134349,0.5238006796144834,2,1.1454738860621547,13.0,19.0,2603101003,1,10,Weekday,45.0,45.0,0.0,0,1.0,360.0,A,0.0,0.04190405436915867,0.9,0.0,5305.768,573.441,593.361,[],
478bfed0731f74043453209e13178182,Phạm Văn Đồng,10.8380903,106.7343264,10.8667147,106.7620017,1.0,50.0,,,asphalt,no,,0.0563,43.51508269837552,4.379746316195887,1,0.5936416888771495,7.0,33.0,2603101003,1,10,Weekday,34.0,44.0,0.0,0,0.7727272727272727,769.09,B,22.72727272727273,0.4637378452442704,0.68,0.22727272727272727,4753.608,534.469,509.557,[],0.459186
18ead8f3b4eae621f99e051d0932fbce,THOI TAM THÔN 5,10.8826122,106.6159517,10.8839449,106.6112355,1.0,50.0,,,asphalt,no,,0.006049,286.0538716868163,0.5362825844929494,4,-0.559406567870645,22.0,19.0,2603101003,1,10,Weekday,25.0,36.0,0.0,0,0.6944444444444444,910.0,C,30.555555555555557,0.07722469216698472,0.5,0.3055555555555556,539.692,88.364,90.733,[],0.985961
ee81d12c0a53c287abf98910a3b03b57,Dương Bá Trạc,10.7440266,106.688839,10.7415004,106.6884045,1.0,50.0,,,asphalt,no,,0.002961,189.59144487369815,0.2834430853903039,1,-1.0584135421292675,17.0,14.0,2603101003,1,10,Weekday,25.0,36.0,0.0,0,0.6944444444444444,910.0,C,30.555555555555557,0.04081580429620376,0.5,0.3055555555555556,297.568,59.563,60.743,[],0.949526
3850c4334caa1fa9eb43a8b80bc98479,Quận 8,10.7493268,106.6881377,10.7490054,106.6882437,1.0,50.0,,,asphalt,no,,0.000427,162.0466284530322,0.0373938167508949,1,0.0,22.0,22.0,2603101003,1,10,Weekday,31.0,31.0,0.0,0,1.0,360.0,A,0.0,0.0043425077517168275,0.62,0.0,37.621,6.726,8.935,[],0.980616
aba4377b4889f81082fabd3c38f70d04,Phạm Văn Đồng,10.8414243,106.7439592,10.8529635,106.7511033,1.0,50.0,,,asphalt,no,,0.018683,31.30117574207316,1.496459127613246,3,-0.7350685225559269,19.0,8.0,2603101003,1,10,Weekday,33.0,43.0,0.0,0,0.7674418604651163,778.6,B,23.25581395348837,0.16325008664871776,0.66,0.23255813953488372,1591.662,184.206,176.283,[],0.833553
c1d9c55ac84173f24d9850910ad301af,Đường Tạ Uyên,10.7537874,106.6537848,10.7537826,106.6537256,1.0,50.0,,,asphalt,no,,6.4e-05,265.2820499951693,0.0064968647662687,5,0.0,21.0,21.0,2603101003,1,10,Weekday,24.0,35.0,0.0,0,0.6857142857142857,925.71,C,31.428571428571427,0.0009745297149403051,0.48,0.3142857142857143,315.997,88.334,110.522,[],0.980085
268a920a92850452241197e08b870a5f,Trần Hưng Ðạo,10.752179,106.6632877,10.7680299,106.6953474,1.0,50.0,,,asphalt,no,,0.047911,63.282407822489176,3.920441292346009,4,-0.3060879912531262,30.0,18.0,2603101003,1,10,Weekday,14.5,24.0,0.0,0,0.6041666666666666,1072.5,C,39.583333333333336,0.9733509415479746,0.29,0.3958333333333333,5590.139,862.355,796.52,[],0.460804
36cd672ab32773a4dcac78b0d3d15c0c,Lê Khôi,10.7821969,106.6288442,10.779782,106.6280309,1.0,50.0,,,asphalt,no,,0.003228,198.30634058054204,0.2815399772267653,5,-1.0655680339079028,25.0,22.0,2603101003,1,10,Weekday,23.0,30.0,0.0,0,0.7666666666666667,780.0,B,23.33333333333333,0.044067126870276314,0.46,0.23333333333333334,290.012,57.179,71.467,[],0.979679
78740639d5410ec885bd93d91e8f95e8,Đường số 5,10.87865,106.7619572,10.8060161,106.6057636,1.0,50.0,,,asphalt,no,,0.228827,244.678223725755,18.87439886316653,4,0.0635781837980443,14.0,26.0,2603101003,1,10,Weekday,24.0,39.0,0.0,0,0.6153846153846154,1052.31,C,38.46153846153846,2.83115982947498,0.48,0.38461538461538464,22820.402,2709.302,2741.883,[],
6d08264bbd0f9b27969170e3ea60e7e0,Cao tốc TP. Hồ Chí Minh - Long Thành - Dầu Giây,10.7949371,106.7599681,10.7962415,106.775074,1.0,50.0,,,asphalt,no,,0.01641,84.97484719181557,1.6583027102272945,5,-0.7236314531714917,18.0,6.0,2603101003,1,10,Weekday,64.0,64.0,0.0,0,1.0,360.0,A,0.0,0.09327952745028531,1.28,0.0,6231.54,626.037,668.048,[],0.0
ed773c718824bb9cf5fdf2546d338ab7,Hương Lộ 2,10.7735855,106.6211738,10.773618,106.6212579,1.0,50.0,,,asphalt,no,,0.000117,68.52637753047941,0.0098755846210751,4,0.0,9.0,9.0,2603101003,1,10,Weekday,21.5,30.5,0.0,0,0.7049180327868853,891.15,B,29.508196721311474,0.0016535862621335053,0.43,0.29508196721311475,11.349,5.227,5.227,[],0.142866
abf24fca2d3869eb971bafb161220298,Xã Hưng Long,10.6890588,106.6236614,10.6906363,106.6244123,1.0,50.0,,,asphalt,no,,0.002328,25.0675647904676,0.1928615477199114,1,1.0370133516218358,17.0,19.0,2603101003,1,10,Weekday,53.0,53.0,0.0,0,1.0,360.0,A,0.0,0.013100029656446813,1.06,0.0,193.771,36.73,37.12,[],0.979722
44e91f11a43e9dfdbe7c1eb4c0c12b82,Lý Thường Kiệt,10.7592404,106.6612178,10.7571594,106.6618976,1.0,50.0,,,asphalt,no,,0.002761,162.20703490729386,0.2418963940447168,1,11.575203553809049,5.0,33.0,2603101003,1,10,Weekday,19.0,33.0,0.0,0,0.5757575757575758,1123.64,C,42.42424242424242,0.04583300097689371,0.38,0.42424242424242425,250.266,79.115,82.538,[],0.97997
2f289be8da0abc2734fe794b028f9cc7,Phạm Văn Đồng,10.8242579,106.7074369,10.8262487,106.7157505,1.0,50.0,,,asphalt,no,,0.010304,76.29771148287915,0.9353941415084888,4,-2.138136119576979,26.0,6.0,2603101003,1,10,Weekday,36.0,44.0,0.0,0,0.8181818181818182,687.27,B,18.181818181818176,0.09353941415084888,0.72,0.18181818181818182,1915.996,178.601,191.203,[],0.0
37d7d0d6860cb8b4913237e08732d983,Kinh Dương Vương,10.7455465,106.6235109,10.7282004,106.6071858,1.0,50.0,,,asphalt,no,,0.033671,222.7599414901867,2.6210907735394637,1,-0.1144561657415956,13.0,10.0,2603101003,1,10,Weekday,24.0,35.0,0.0,0,0.6857142857142857,925.71,C,31.428571428571427,0.3931636160309196,0.48,0.3142857142857143,2667.825,345.001,350.732,[],0.983532
f67cc9b9141adb8a2e9c62d647c26b37,Đường Phan Văn Trị,10.83081,106.6778193,10.8308562,106.6777619,1.0,50.0,,,asphalt,no,,0.000104,309.3338003871257,0.0080939492821181,4,0.0,32.0,32.0,2603101003,1,10,Weekday,25.0,33.0,0.0,0,0.7575757575757576,796.36,B,24.242424242424242,0.0011655286966250063,0.5,0.24242424242424243,7.648,2.505,2.505,[],0.618711
c06a1b8efc6200d0966ed39c3cdeef25,Tôn Thất Hiệp,10.7657693,106.6544961,10.7626655,106.6522037,1.5,50.0,,tertiary,asphalt,no,,0.005396,215.96419794020264,0.4251276526140337,1,-1.1761173307019426,34.0,29.0,2603101003,1,10,Weekday,20.5,31.5,0.0,0,0.6507936507936508,1482.86,C,34.92063492063492,0.07465656338587909,0.41,0.3492063492063492,448.634,95.307,107.268,[],0.950281
cd9fcc3350c935d00f9ed0823e96e5d8,Phạm Văn Đồng,10.8270542,106.7181851,10.8344857,106.7294684,1.0,50.0,,,asphalt,no,,0.018715,56.15418155956229,1.482579281311356,4,1.2141003335807328,10.0,28.0,2603101003,1,10,Weekday,33.0,43.0,0.0,0,0.7674418604651163,778.6,B,23.25581395348837,0.1617359215976025,0.66,0.23255813953488372,2295.223,330.78,328.364,[],0.005172
f3bd3e0952b04e44f2390f3158e257d0,Phạm Văn Hai,10.8000753,106.6653921,10.7970292,106.6645994,1.0,50.0,,,asphalt,no,,0.003839,194.33930714191357,0.3479126036824221,2,-1.1497140252071,20.0,16.0,2603101003,1,10,Weekday,19.0,30.0,0.0,0,0.6333333333333333,1020.0,C,36.66666666666667,0.06592028280298524,0.38,0.36666666666666664,353.611,87.082,89.382,[],0.982693
19b2b1ee459d0d7845cb550540215992,Đường Số 15,10.7738467,106.7398113,10.773475,106.7397513,1.0,50.0,,,asphalt,no,,0.000432,189.0106668548224,0.0416352760549154,5,0.0,7.0,7.0,2603101003,1,10,Weekday,36.0,36.0,0.0,0,1.0,360.0,A,0.0,0.00416352760549154,0.72,0.0,42.551,7.664,7.664,[],0.974852
4b0ec3a549fc39fb024a03016afa5e1d,Ngô Tất Tố,10.7918618,106.7139268,10.7924353,106.7127835,1.0,50.0,,,asphalt,no,,0.001717,297.05123728298133,0.1402070257412203,4,0.0,29.0,29.0,2603101003,1,10,Weekday,37.0,37.0,0.0,0,1.0,360.0,A,0.0,0.013641764666713328,0.74,0.0,142.848,27.777,30.117,[],0.971811
f3bad4165c5bafb5cf3faa190886fe6d,Đường B1,10.8077887,106.6402306,10.8073545,106.6403983,1.0,50.0,,,asphalt,no,,0.000602,159.22439968102162,0.0514105871151152,3,0.0,32.0,32.0,2603101003,1,10,Weekday,38.5,41.5,0.0,0,0.927710843373494,490.12,A,7.2289156626506035,0.004807223730244539,0.77,0.07228915662650602,49.722,11.93,12.125,[],0.980026
ce927ff13f3e18b838b75fbb2e93f71e,Cao tốc TP. Hồ Chí Minh - Long Thành - Dầu Giây,10.7860991,106.8473249,10.7866225,106.843937,1.0,50.0,,,asphalt,no,,0.003911,278.93799658729563,0.3750152464045412,2,6.933051455714136,8.0,34.0,2603101003,1,10,Weekday,74.0,74.0,0.0,0,1.0,360.0,A,0.0,0.018243984960220925,1.48,0.0,374.845,23.674,23.674,[],0.979727
d4bae69d9000469f93a269bf4795864f,Đường ven hồ trung tâm,10.76937,106.71738,10.7786804,106.7229301,1.0,50.0,,,asphalt,no,,0.01486,30.35314783503162,1.195433629218303,5,1.1711231521196737,11.0,25.0,2603101003,1,10,Weekday,37.5,41.5,0.0,0,0.9036144578313253,533.49,A,9.638554216867467,0.11476162840495709,0.75,0.0963855421686747,1566.575,211.61,220.257,[],0.000331
e296d7ebe617046b59eb9b201d3ba439,Lý Chiêu Hoàng,10.7359493,106.6337742,10.7359829,106.633682,1.0,50.0,,,asphalt,no,,0.000126,290.3507166114374,0.010748199003289,2,0.0,13.0,13.0,2603101003,1,10,Weekday,35.0,42.0,0.0,0,0.8333333333333334,660.0,B,16.666666666666664,0.0011055290403382972,0.7,0.16666666666666666,393.354,95.636,84.864,[],0.967136
fd3679f127d3799d313a5db2a703ef9b,3 Tháng 2,10.7618422,106.6562075,10.755822,106.6453021,1.0,50.0,,,asphalt,no,,0.016926,240.66868879060385,1.3660783644781092,5,-1.244438126102276,32.0,15.0,2603101003,1,10,Weekday,23.0,32.5,0.0,0,0.7076923076923077,886.15,B,29.230769230769226,0.2138209613965736,0.46,0.2923076923076923,1859.195,319.925,312.036,[],0.981609
b6fb62baf6936c2ab4c2ff0a26544458,Hàm Nghi,10.7711901,106.6991751,10.770794,106.7059931,1.0,50.0,,,asphalt,no,,0.007214,93.3837853170337,0.7469778700608433,3,0.6693638728002392,25.0,30.0,2603101003,1,10,Weekday,16.0,31.0,0.0,0,0.5161290322580645,1230.97,C,48.38709677419355,0.16807002076368974,0.32,0.4838709677419355,1259.158,325.804,328.901,[],8.7e-05
5a7e5839041549c6fb45086cda5cf4ee,Ðiện Biên Phủ,10.7780742,106.685171,10.7903743,106.697507,1.0,50.0,,,asphalt,no,,0.024636,44.57187686309544,1.916060893094504,1,-0.3131424487407493,18.0,12.0,2603101003,1,10,Weekday,29.5,38.0,0.0,0,0.7763157894736842,762.63,B,22.368421052631582,0.23382438017424456,0.59,0.2236842105263158,1922.637,497.092,489.227,[],0.980578
e29478f607afdcf40384533ee444e45d,Trường Chinh,10.8373896,106.6187325,10.7959135,106.647854,1.0,50.0,,,asphalt,no,,0.070598,145.40508600678476,5.584755562783457,4,0.3044000728212204,10.0,27.0,2603101003,1,10,Weekday,22.0,35.0,0.0,0,0.6285714285714286,1028.57,C,37.142857142857146,0.9138690920918384,0.44,0.37142857142857144,8202.485,1390.443,1385.262,[],0.123273
25257d8d791a2837985f008f621b90cc,Nguyễn Văn Quá,10.8261451,106.6265884,10.8264064,106.6266087,1.0,50.0,,,asphalt,no,,0.000282,4.363537922283967,0.028988415405186,2,0.0,7.0,7.0,2603101003,1,10,Weekday,22.0,35.0,0.0,0,0.6285714285714286,1028.57,C,37.142857142857146,0.004743558884484982,0.44,0.37142857142857144,29.376,8.135,8.135,[],0.98513
4c9a41946bb244d0a1f0b542558b7816,Đường cao tốc Thành phố Hồ Chí Minh – Long Thành – Dầu Giây,10.796707,106.7886419,10.7961184,106.7760321,1.0,50.0,,,asphalt,no,,0.013198,267.28058270121016,1.3805673391740458,5,-0.8692078726981372,19.0,7.0,2603101003,1,10,Weekday,45.5,45.5,0.0,0,1.0,360.0,A,0.0,0.10923170156102341,0.91,0.0,6833.715,569.186,580.394,[],0.0
38a661558bc6a99ae1fccf8a8bf061b0,Cầu Kênh Xáng,10.7413597,106.6885411,10.7415302,106.6884693,1.0,50.0,,,asphalt,no,,0.000242,337.523380330612,0.0204293798734332,5,0.0,14.0,14.0,2603101003,1,10,Weekday,25.0,36.0,0.0,0,0.6944444444444444,910.0,C,30.555555555555557,0.0029418307017743807,0.5,0.3055555555555556,15.954,3.006,3.006,[],0.98027
54d5deb2ea38453bb024e187e0e99100,T1 Loop,10.8124942,106.6643618,10.812469,106.6648739,1.0,50.0,,,asphalt,no,,0.000537,92.86799063516048,0.0560705641161751,2,0.0,31.0,31.0,2603101003,1,10,Weekday,21.0,33.0,0.0,0,0.6363636363636364,1014.55,C,36.36363636363637,0.009612096705630018,0.42,0.36363636363636365,52.395,15.719,15.719,[],0.980009
e68b1cd12d006d76c4294299e1d4eee1,Cầu Sơn,10.8055396,106.7115254,10.805844,106.7115501,1.0,50.0,,,asphalt,no,,0.000329,4.557092583132089,0.0337788660181861,4,0.0,11.0,11.0,2603101003,1,10,Weekday,28.0,41.0,0.0,0,0.6829268292682927,930.73,C,31.707317073170728,0.004342997059481071,0.56,0.3170731707317073,34.189,10.257,10.257,[],0.985793
8c7601cef52f0670f5cb7a5ba1bbadac,Trần Hưng Ðạo,10.7680299,106.6953474,10.7644448,106.692428,1.0,50.0,,,asphalt,no,,0.006504,218.65941103427605,0.5091298245678124,2,-1.374894901500246,18.0,11.0,2603101003,1,10,Weekday,16.0,24.5,0.0,0,0.6530612244897959,984.49,C,34.693877551020414,0.11455421052775779,0.32,0.3469387755102041,529.367,121.174,135.509,[],0.980971
5875f55758d573b92074ba276d706719,An Phú Đông,10.8581333,106.6884983,10.8580682,106.688522,1.0,50.0,,tertiary,asphalt,no,,8.9e-05,160.32612168372327,0.007653023712051,5,0.0,11.0,11.0,2603101003,1,10,Weekday,33.0,48.0,0.0,0,0.6875,922.5,C,31.25,0.0008348753140419273,0.66,0.3125,0.0,0.0,0.0,[],0.980377
3b962a8f8c06b00693a1e7a6ecd3f5c2,Nam Hoà,10.8324177,106.7672026,10.8188716,106.7582527,1.0,50.0,,,asphalt,no,,0.022496,212.98203729951203,1.7896831949523482,4,-1.285143653629289,34.0,11.0,2603101003,1,10,Weekday,34.5,43.0,0.0,0,0.8023255813953488,715.81,B,19.76744186046512,0.18674955077763633,0.69,0.19767441860465115,1908.237,309.828,307.294,[],0.754093
7642b13b19d9c6929cf66e4bf469be97,Lê Qúy Đôn,10.8832727,106.800583,10.8832727,106.800583,1.0,50.0,,,asphalt,no,,0.0,0.0,0.0,2,0.0,28.0,28.0,2603101003,1,10,Weekday,43.0,56.0,0.0,0,0.7678571428571429,777.86,B,23.214285714285708,0.0,0.86,0.23214285714285715,0.0,0.0,0.0,[],0.0
eaa1d8a0b5ee7587a574cab4779e8069,Kênh 10,10.708894,106.5725739,10.7087587,106.5725888,1.0,50.0,,,asphalt,no,,0.00015,173.82418224669982,0.0150543875479631,1,0.0,15.0,15.0,2603101003,1,10,Weekday,38.0,44.0,0.0,0,0.8636363636363636,605.45,B,13.636363636363635,0.0014262051361228199,0.76,0.13636363636363635,222.692,36.478,119.121,[],0.641721
905ee1f521b04a6705f932f24ac21d6a,Dồng Tâm,10.8630927,106.6107839,10.8632256,106.6104704,1.0,50.0,,,asphalt,no,,0.000446,293.3478937320838,0.0372966977247029,2,0.0,28.0,28.0,2603101003,1,10,Weekday,21.0,32.0,0.0,0,0.65625,978.75,C,34.375,0.006393719609949069,0.42,0.34375,37.385,7.477,7.477,[],0.981859
f2fbb2eef056e070163a8bae20780e93,Lê Đức Thọ,10.8515063,106.6622383,10.8472382,106.6693689,1.0,50.0,,,asphalt,no,,0.011399,121.3597515298472,0.9114751547457088,3,0.3291367827614528,8.0,11.0,2603101003,1,10,Weekday,29.0,41.0,0.0,0,0.7073170731707317,886.83,B,29.268292682926834,0.1131486398994673,0.58,0.2926829268292683,904.865,230.347,232.997,[],0.980715
6237c4a356ad9dae779897d9c87f4f64,Cao tốc TP. Hồ Chí Minh - Long Thành - Dầu Giây,10.7950193,106.7995037,10.785892,106.8557067,1.0,50.0,,,asphalt,no,,0.06533,99.38207994409164,6.228949529830073,3,-0.2247569984787133,29.0,15.0,2603101003,1,10,Weekday,77.5,77.5,0.0,0,1.0,360.0,A,0.0,0.28934475235339696,1.55,0.0,16019.31,2186.195,2270.741,[],
b50ded03ccbcc1491627859260170356,Cầu vượt An Sương,10.8423388,106.6149893,10.8445156,106.6172944,1.0,50.0,,,asphalt,no,,0.004482,46.12397491309548,0.3485776153567733,5,1.434400770365717,11.0,16.0,2603101003,1,10,Weekday,38.5,53.5,0.0,0,0.719626168224299,864.67,B,28.037383177570096,0.032594270526867114,0.77,0.2803738317757009,5168.134,567.239,592.99,[],0.979959
634c812a2c45bd0264002a9a2ecbae37,Bắc Hải,10.7781305,106.6563416,10.7807392,106.6588525,1.0,50.0,,,asphalt,no,,0.00512,43.395924985332215,0.3983423747729099,3,1.0041613077896498,19.0,23.0,2603101003,1,10,Weekday,31.0,31.0,0.0,0,1.0,360.0,A,0.0,0.04625911448975728,0.62,0.0,1402.903,294.65,324.033,[],8e-06
bc2c8ffeea00c0a13227c19cf5fbad4c,Thánh Gióng,10.8820255,106.8100261,10.8827193,106.8089551,1.0,50.0,,,asphalt,no,,0.001765,303.4116884505675,0.140001530195082,3,-1.4285558145065589,7.0,5.0,2603101003,1,10,Weekday,43.0,56.0,0.0,0,0.7678571428571429,777.86,B,23.214285714285708,0.01172105834191384,0.86,0.23214285714285715,138.991,20.562,20.704,[],0.981169
a73b5a0ee699dad4a7c0d16339012da2,Đường dẫn Sảnh Đến Quốc tế,10.8153763,106.6636437,10.8152546,106.6633414,1.0,50.0,,,asphalt,no,,0.000424,247.71324116733155,0.0356938223482197,3,0.0,33.0,33.0,2603101003,1,10,Weekday,32.5,35.5,0.0,0,0.9154929577464789,512.11,A,8.450704225352112,0.003953777244725875,0.65,0.08450704225352113,35.723,9.893,9.893,[],0.980284
9639ccbb53d7c7aa83a76252d96f6a30,Phường 14,10.7507925,106.6590186,10.8515609,106.6439339,1.0,50.0,,,asphalt,no,,0.115853,351.63632315155854,11.267738011423395,4,-0.0443744786658238,24.0,19.0,2603101003,1,10,Weekday,27.5,40.0,0.0,0,0.6875,922.5,C,31.25,1.4750493396772446,0.55,0.3125,12767.774,2802.276,2890.358,[],
803ac7a210795e2a71578737c8b26b4a,Cộng Hòa,10.8016842,106.6509196,10.8041993,106.6376734,1.0,50.0,,,asphalt,no,,0.015761,280.9415326337296,1.4750705116402003,3,1.3558673868248543,6.0,26.0,2603101003,1,10,Weekday,26.0,39.0,0.0,0,0.6666666666666666,960.0,C,33.333333333333336,0.2042405323809508,0.52,0.3333333333333333,1524.705,212.884,216.641,[],0.958675
a9f9d1ead35edcfb9f3680e4a016a068,THOI TAM THÔN 5,10.8842932,106.6105297,10.8842093,106.6106839,1.0,50.0,,,asphalt,no,,0.000238,118.98932537872888,0.0192442957795948,1,0.0,19.0,19.0,2603101003,1,10,Weekday,25.0,36.0,0.0,0,0.6944444444444444,910.0,C,30.555555555555557,0.002771178592261651,0.5,0.3055555555555556,19.297,3.474,3.474,[],0.981729
753deb00a601ebe86e4702c06bdd0ab0,Cầu 15B,10.7132819,106.7312394,10.7131905,106.7313098,1.0,50.0,,,asphalt,no,,0.000162,142.88099958332907,0.0127090631163981,4,0.0,29.0,29.0,2603101003,1,10,Weekday,27.0,37.0,0.0,0,0.7297297297297297,846.49,B,27.027027027027028,0.0016945417488530802,0.54,0.2702702702702703,66.658,30.142,26.675,[],0.983177
72548d296167e0108602dcb5321ed5d4,Kha Vạn Cân,10.8504341,106.7545053,10.8319797,106.725621,1.0,50.0,,,asphalt,no,,0.047339,236.957992955182,3.7606181402747656,1,0.3190964770255358,9.0,21.0,2603101003,1,10,Weekday,32.0,42.0,0.0,0,0.7619047619047619,788.57,B,23.809523809523814,0.42306954078091114,0.64,0.23809523809523808,4537.839,598.921,592.71,[],0.111575
f2d459490aa10bfe84e2ce7c321b0772,Kha Vạn Cân,10.8270992,106.7153558,10.8504341,106.7545053,1.0,50.0,,,asphalt,no,,0.062484,58.743912978961305,4.998814160997063,4,0.0400094889624998,7.0,9.0,2603101003,1,10,Weekday,29.0,38.5,0.0,0,0.7532467532467533,804.16,B,24.675324675324674,0.6205424475720492,0.58,0.24675324675324675,5484.683,691.888,726.196,[],0.850458
31205e89e330b0359b4792cf264f9425,Nguyễn Biểu,10.757374,106.6831763,10.7545595,106.6841957,1.0,50.0,,,asphalt,no,,0.003834,160.4127013855583,0.3306843475943026,1,-0.6048063703497945,25.0,23.0,2603101003,1,10,Weekday,22.0,29.0,0.0,0,0.7586206896551724,794.48,B,24.13793103448276,0.054111984151794974,0.44,0.2413793103448276,332.624,84.557,99.261,[],0.980521
a4c90c784cfbf59a11a71a9a246039ef,Tân Chánh Hiệp 2,10.8745351,106.629111,10.8750882,106.6270618,1.0,50.0,,,asphalt,no,,0.002602,285.3682390176224,0.2322491717991681,5,-0.4305720413352974,28.0,27.0,2603101003,1,10,Weekday,30.0,47.5,0.0,0,0.631578947368421,1023.16,C,36.8421052631579,0.02786990061590017,0.6,0.3684210526315789,230.54,31.745,32.16,[],0.980358
41723ba1c376e35d2c57eeffc1efaf49,Cách Mạng Tháng Tám,10.7827246,106.6724641,10.7822806,106.6732878,1.0,50.0,,,asphalt,no,,0.001268,118.7543428369969,0.1026031735686626,5,0.9746287226981284,9.0,10.0,2603101003,1,10,Weekday,20.0,34.0,0.0,0,0.5882352941176471,1101.18,C,41.17647058823529,0.018468571242359268,0.4,0.4117647058823529,102.775,22.178,22.254,[],0.980611
ab8d9751785a0f9569f4a4f02c7b4ec3,Đường D4,10.7452196,106.6957773,10.7452248,106.6957332,1.0,50.0,,,asphalt,no,,4.9e-05,276.8438076617149,0.0048578451645538,1,0.0,25.0,25.0,2603101003,1,10,Weekday,27.0,35.0,0.0,0,0.7714285714285715,771.43,B,22.857142857142854,0.0006477126886071733,0.54,0.22857142857142856,42.89,22.005,20.843,[],0.0
d619daa10f574702b0448f44d5ce36da,Trần Văn Ðang,10.7822564,106.6795303,10.7830627,106.6784842,1.0,50.0,,,asphalt,no,,0.001852,308.1185714535737,0.1450645656426516,2,0.0,16.0,16.0,2603101003,1,10,Weekday,15.5,29.0,0.0,0,0.5344827586206896,1197.93,C,46.55172413793104,0.033692415246035216,0.31,0.46551724137931033,167.714,47.078,51.356,[],0.020339
76b9a2f65e8ce0c7e59fc177f40147ed,Cầu Phước Long,10.703606,106.7265583,10.7028333,106.7247561,1.0,50.0,,,asphalt,no,,0.002575,246.42635237218383,0.2148819738245694,1,-1.3961152471771374,14.0,11.0,2603101003,1,10,Weekday,37.0,40.0,0.0,0,0.925,495.0,A,7.499999999999996,0.020907435291039184,0.74,0.075,211.678,44.826,44.826,[],0.982789
0384577a43ab596fb19d35c107510bc7,Hem 3m,10.7908008,106.6641842,10.7907633,106.6642609,1.0,50.0,,,asphalt,no,,0.000114,116.4603875994872,0.0093577751068461,2,0.0,9.0,9.0,2603101003,1,10,Weekday,16.0,31.0,0.0,0,0.5161290322580645,1230.97,C,48.38709677419355,0.0021054993990403726,0.32,0.4838709677419355,9.398,2.366,2.366,[],0.983512
6a00832a711b7b634d2304dea9532ce4,Nguyễn Kiệm,10.8192058,106.6787669,10.8132332,106.6786725,1.0,50.0,,,asphalt,no,,0.006067,180.88943798273,0.660730175328525,2,-0.9080862694089472,22.0,16.0,2603101003,1,10,Weekday,21.5,32.0,0.0,0,0.671875,950.62,C,32.8125,0.11063388982245069,0.43,0.328125,1762.167,277.102,287.659,[],0.0
aa55d5db7a80a888fe5daa8bcf5af867,Nguyễn Tri Phương,10.7546206,106.6696106,10.7522326,106.6695017,1.0,50.0,,,asphalt,no,,0.002497,182.5652712020576,0.2644121273906576,1,-0.7563949580289431,8.0,6.0,2603101003,1,10,Weekday,21.0,33.0,0.0,0,0.6363636363636364,1014.55,C,36.36363636363637,0.04532779326696988,0.42,0.36363636363636365,749.662,194.17,189.04,[],0.0
7b4a911bbd47627a4c3c6b8770466a8e,Điện Biên Phủ,10.8009447,106.7151083,10.7984442,106.7051673,1.0,50.0,,,asphalt,no,,0.012441,255.6378583216352,1.121787034559456,4,1.6045826387241937,10.0,28.0,2603101003,1,10,Weekday,50.0,50.0,0.0,0,1.0,360.0,A,0.0,0.08076866648828084,1.0,0.0,1193.038,117.504,118.017,[],0.698444
b9d383cf31bb70a7cbce76c3ccb5deae,Hẻm 84A Trần Hữu Trang,10.79358,106.6724314,10.7938991,106.6717593,1.0,50.0,,,asphalt,no,,0.000991,295.7960172918847,0.0815384053625758,5,-1.2264159392783212,20.0,19.0,2603101003,1,10,Weekday,15.0,33.0,0.0,0,0.45454545454545453,1341.82,D,54.54545454545454,0.01956921728701819,0.3,0.5454545454545454,81.614,29.381,29.381,[],0.980087
d5f6c809df92853263e48f6c2134cf5e,Nguyễn Cửu Vân,10.7963537,106.7058178,10.7960538,106.7063387,1.0,50.0,,,asphalt,no,,0.000821,120.37488655270649,0.0659214665970355,1,1.5169565418087496,26.0,27.0,2603101003,1,10,Weekday,34.0,41.0,0.0,0,0.8292682926829268,667.32,B,17.07317073170732,0.006979919992627289,0.68,0.17073170731707318,66.071,18.328,18.328,[],0.981085
bcf28f149edbafb780548eda8977f1bd,Phan Đăng Lưu,10.8037891,106.687792,10.7993486,106.6803694,1.0,50.0,,,asphalt,no,,0.011863,238.65797466883043,0.9487732718433868,3,2.0025859247789093,15.0,34.0,2603101003,1,10,Weekday,19.0,31.0,0.0,0,0.6129032258064516,1056.77,C,38.70967741935484,0.1797675672966417,0.38,0.3870967741935484,1021.938,245.426,236.622,[],0.652367
a13da71a21bb4eeb4c4f80885a4aac94,Trần Văn Mười,10.8496569,106.5879562,10.8777391,106.5913288,1.0,50.0,,,asphalt,no,,0.031455,6.72636077942235,3.128087858772376,3,0.0639368230783934,21.0,23.0,2603101003,1,10,Weekday,32.5,41.5,0.0,0,0.7831325301204819,750.36,B,21.68674698795181,0.3464958858947863,0.65,0.21686746987951808,3283.312,562.528,591.167,[],0.893038
87a568c59b758b2db8be0f3b70a3324d,Lạc Long Quân,10.7662165,106.6422433,10.761987,106.642118,1.0,50.0,,,asphalt,no,,0.004355,181.6670762762401,0.4680384390306201,5,-1.0682883248554909,23.0,18.0,2603101003,1,10,Weekday,18.0,31.0,0.0,0,0.5806451612903226,1114.84,C,41.93548387096774,0.09360768780612402,0.36,0.41935483870967744,475.126,93.64,96.229,[],0.980555
678b3c050fb3beed94da629f0ce6bd1d,Trường Chinh,10.8332849,106.6212255,10.8136617,106.6326825,1.0,50.0,,,asphalt,no,,0.03108,150.1662364300903,2.5062091434423803,3,0.8379188965512927,9.0,30.0,2603101003,1,10,Weekday,20.0,34.0,0.0,0,0.5882352941176471,1101.18,C,41.17647058823529,0.4511176458196285,0.4,0.4117647058823529,2571.712,374.044,362.731,[],0.964962
120223f522dbec8cbd9fb9c9e61084b3,Vườn Lài,10.845755,106.6932002,10.8606545,106.6917699,1.0,50.0,,,asphalt,no,,0.01633,354.61424276175325,1.6554916480626714,3,-1.0268852772464383,33.0,16.0,2603101003,1,10,Weekday,29.0,41.0,0.0,0,0.7073170731707317,886.83,B,29.268292682926834,0.2055093080353661,0.58,0.2926829268292683,1719.57,393.86,396.422,[],0.981402
a5f37f0263279eb53c979f4af8037db8,Bưng Ông Thòan,10.828493,106.7887386,10.8287562,106.7885591,1.0,50.0,,,asphalt,no,,0.000443,326.18398155756336,0.0351121993562675,3,0.0,21.0,21.0,2603101003,1,10,Weekday,31.0,31.0,0.0,0,1.0,360.0,A,0.0,0.004077545731695581,0.62,0.0,37.617,8.407,8.407,[],0.980059
ed2a2eeb60f28bf68dfbdaf48dbb553a,Đường Nguyễn Văn Linh,10.7283976,106.7085848,10.7285196,106.7085817,1.0,50.0,,,asphalt,no,,0.000125,358.5698690566208,0.0134990170011763,4,0.0,21.0,21.0,2603101003,1,10,Weekday,39.0,39.0,0.0,0,1.0,360.0,A,0.0,0.0012460631078008893,0.78,0.0,13.581,2.573,2.573,[],0.979974
6bf7cd756f6d8d56e519299551a7a4cc,Cầu Sài Gòn 1,10.7997621,106.7319201,10.7981356,106.7225975,1.0,50.0,,,asphalt,no,,0.010949,259.92937659445084,1.0352809505980494,5,-0.965921375663612,25.0,15.0,2603101003,1,10,Weekday,47.5,47.5,0.0,0,1.0,360.0,A,0.0,0.07846339836111532,0.95,0.0,1035.236,86.723,86.723,[],0.980147
47d57b8fa5d938cb21fb54105483948a,Lê Văn Tách,10.8761169,106.7542735,10.8783778,106.7609261,1.0,50.0,,,asphalt,no,,0.008914,70.91018731005647,0.7691391179002409,2,1.0401239273644145,5.0,13.0,2603101003,1,10,Weekday,24.5,42.0,0.0,0,0.5833333333333334,1110.0,C,41.666666666666664,0.11301636018125989,0.49,0.4166666666666667,770.327,125.296,128.14,[],0.981346
0c5789508b78f3391791b84ee047f28d,Vườn Chuối,10.7722208,106.6838351,10.7720296,106.6840093,1.0,50.0,,,asphalt,no,,0.000365,138.1703928418716,0.0284654551482773,1,3.513030073789337,10.0,11.0,2603101003,1,10,Weekday,19.0,25.0,0.0,0,0.76,792.0,B,24.0,0.005393454659673594,0.38,0.24,27.159,7.034,7.034,[],0.727995
edd04a4ad93a14c44c8817dc0837f268,Thuận Kiều,10.7597225,106.6587965,10.7552474,106.6584197,1.0,50.0,,,asphalt,no,,0.004852,184.72874873445065,0.4967167817430327,2,-0.80528787168486,32.0,28.0,2603101003,1,10,Weekday,18.5,30.0,0.0,0,0.6166666666666667,1050.0,C,38.33333333333333,0.09665840077161718,0.37,0.38333333333333336,551.055,139.315,162.453,[],0.982738
84422c631f5384d4e096f96f186a2a7d,Lý Thường Kiệt,10.7571594,106.6618976,10.765485,106.6595662,1.0,50.0,,,asphalt,no,,0.010657,344.61847140215235,0.955570884705003,4,-2.511587615753813,33.0,9.0,2603101003,1,10,Weekday,22.0,35.0,0.0,0,0.6285714285714286,1028.57,C,37.142857142857146,0.1563661447699096,0.44,0.37142857142857144,958.268,242.768,246.592,[],0.981602
2c60bbdef24cce8102b3c8e25ffb97e4,Cao tốc TP. Hồ Chí Minh - Long Thành - Dầu Giây,10.790253,106.8268185,10.7918961,106.8178943,1.0,50.0,,,asphalt,no,,0.010567,280.61671619630533,0.9927628581369672,4,-0.8058319199222372,21.0,13.0,2603101003,1,10,Weekday,74.0,74.0,0.0,0,1.0,360.0,A,0.0,0.048296571476933545,1.48,0.0,992.931,29.789,29.789,[],0.980361
1568b2d755aa981f391099308486ad94,Đất Thánh,10.7828795,106.6602062,10.7819,106.656532,1.0,50.0,,,asphalt,no,,0.004654,254.8171031045013,0.4161861727863303,4,-1.2013854200213896,27.0,22.0,2603101003,1,10,Weekday,22.0,35.0,0.0,0,0.6285714285714286,1028.57,C,37.142857142857146,0.06810319191049041,0.44,0.37142857142857144,523.42,135.973,148.367,[],0.000141
7050a07783c0e630eefbcd94933019af,Phạm Đăng Giảng,10.8214287,106.60636,10.818044,106.6044259,1.0,50.0,,,asphalt,no,,0.005319,209.3041949623047,0.4300031731682036,2,-1.1627821169692063,12.0,7.0,2603101003,1,10,Weekday,25.0,47.0,0.0,0,0.5319148936170213,1202.55,C,46.808510638297875,0.061920456936221314,0.5,0.46808510638297873,433.57,106.517,107.478,[],0.980267
19159488838aabb5e7b22630b92d0b76,Nguyễn Thị Thập,10.7406127,106.699903,10.7394635,106.7068498,1.0,50.0,,,asphalt,no,,0.008096,99.55706156224232,0.7704155467523657,1,0.778800483101956,24.0,30.0,2603101003,1,10,Weekday,23.5,31.5,0.0,0,0.746031746031746,817.14,B,25.396825396825395,0.11802110503440495,0.47,0.25396825396825395,791.932,226.424,230.136,[],0.981052
d71dd5fac508e54d226b3a5e3a350cea,3 Tháng 2,10.7667954,106.6656006,10.7637713,106.6597513,1.0,50.0,,,asphalt,no,,0.008873,242.2443312027392,0.7219289409238135,3,-1.2466600921252975,16.0,7.0,2603101003,1,10,Weekday,20.5,32.0,0.0,0,0.640625,1006.87,C,35.9375,0.1267777652354014,0.41,0.359375,1017.903,268.169,280.41,[],0.980766
79037020ed90451ae530934b3fea8415,Lạc Long Quân,10.7790801,106.6498852,10.767159,106.6426234,1.0,50.0,,,asphalt,no,,0.019183,210.89777690196087,1.5393432270070178,3,0.7145904699491592,13.0,24.0,2603101003,1,10,Weekday,19.5,31.0,0.0,0,0.6290322580645161,1027.74,C,37.096774193548384,0.2841864419089879,0.39,0.3709677419354839,1741.589,326.245,338.228,[],0.965609
0a60d9b8c8faa3dd63ef9ea253cdc80f,Phường Cát Lái,10.7581824,106.7888166,10.7581122,106.7889037,1.0,50.0,,,asphalt,no,,0.000157,129.36508349504982,0.0122903306610758,1,0.0,11.0,11.0,2603101003,1,10,Weekday,24.5,24.5,0.0,0,1.0,360.0,A,0.0,0.0018059261379539952,0.49,0.0,223.408,70.777,70.199,[],0.628882
b6b6f2553a423b0cca086a375421206a,Xa Lộ Hà Nội,10.8336803,106.7646754,10.8030754,106.7498148,1.0,50.0,,,asphalt,no,,0.045466,205.49940548247744,3.755153012537443,2,-0.3994510995935197,32.0,17.0,2603101003,1,10,Weekday,43.0,46.0,0.0,0,0.9347826086956522,477.39,A,6.521739130434778,0.3143849033752278,0.86,0.06521739130434782,4714.181,480.404,507.792,[],0.000249
bde5e3eeb8c0ebdd1c755c6e91bec505,Bờ Bao Tân Thắng,10.8073924,106.6216983,10.8012197,106.6186403,1.0,50.0,,,asphalt,no,,0.009231,205.9490082295016,0.7602821277901594,5,2.762132533752796,13.0,34.0,2603101003,1,10,Weekday,20.0,34.0,0.0,0,0.5882352941176471,1101.18,C,41.17647058823529,0.1368507830022287,0.4,0.4117647058823529,952.727,166.851,184.23,[],0.000288
53924faefb7652b3bdaf1cc16ed31414,Nguyễn Tri Phương,10.7666599,106.6674092,10.7546206,106.6696106,1.0,50.0,,,asphalt,no,,0.014241,169.8160309267911,1.3532947815842284,4,-0.7389373059056317,18.0,8.0,2603101003,1,10,Weekday,19.5,32.5,0.0,0,0.6,1080.0,C,40.0,0.24983903660016524,0.39,0.4,1407.931,391.723,385.442,[],0.985681
b450ce12f0106fd3cf9fbefc7c6c31a7,Vòng xoay Ngã Sáu Gò Vấp,10.8263771,106.6800231,10.8265667,106.6798028,1.0,50.0,,,asphalt,no,,0.00041,311.22619785304016,0.0319400535356877,3,-3.130865134219844,31.0,30.0,2603101003,1,10,Weekday,11.5,21.0,0.0,0,0.5476190476190477,1174.29,C,45.238095238095234,0.009998625454650063,0.23,0.4523809523809524,599.946,136.748,155.498,[],0.97929
9e87e65f14478d95d9cb204282304d19,Nguyễn Thị Nhung,10.8433563,106.7054307,10.8435122,106.7057848,1.0,50.0,,,asphalt,no,,0.00051,65.85446120988655,0.0423856038508941,4,0.0,13.0,13.0,2603101003,1,10,Weekday,27.0,42.5,0.0,0,0.6352941176470588,1016.47,C,36.47058823529412,0.00565141384678588,0.54,0.36470588235294116,42.398,6.929,6.929,[],0.979526
0748a04cc0fc3eaa1b3262cdb77d7fbb,Nguyễn Chí Thanh,10.7601722,106.6704457,10.760806,106.6731253,1.0,50.0,,,asphalt,no,,0.003313,76.46277839722211,0.3013491112653665,5,0.9955230952575184,15.0,18.0,2603101003,1,10,Weekday,21.5,27.5,0.0,0,0.7818181818181819,752.73,B,21.818181818181813,0.0504584558397823,0.43,0.21818181818181817,311.039,68.128,71.368,[],0.979099
b35eb933db0ef24870bf49dab891db5b,Nguyễn Hữu Cảnh,10.7896678,106.712201,10.7888202,106.7098683,1.0,50.0,,,asphalt,no,,0.00318,249.70105593342527,0.2717968625334482,4,-1.471687333958002,26.0,22.0,2603101003,1,10,Weekday,37.0,37.0,0.0,0,1.0,360.0,A,0.0,0.026445100138389556,0.74,0.0,291.441,50.639,49.837,[],0.944211
cb19f4ec4fb65fd0ede65fb5ba4bb487,Lý Chính Thắng,10.7792426,106.6820441,10.788335,106.6850959,1.0,50.0,,,asphalt,no,,0.012144,18.24790735010504,1.059674387521062,1,1.1324233312906686,16.0,28.0,2603101003,1,10,Weekday,15.0,27.0,0.0,0,0.5555555555555556,1160.0,C,44.44444444444444,0.25432185300505483,0.3,0.4444444444444444,1085.568,257.305,256.629,[],0.978535
6ea26a0d225cc1f578e7874119074860,Tùng Thiện Vương,10.7463121,106.6599822,10.7463656,106.6600922,1.0,50.0,,,asphalt,no,,0.000163,63.66248172296093,0.0134083657480706,3,7.458030447475597,20.0,21.0,2603101003,1,10,Weekday,25.0,32.0,0.0,0,0.78125,753.75,B,21.875,0.0019308046677221663,0.5,0.21875,13.449,4.035,4.035,[],0.98225
d75b47a305d8110b0fa0afad065240ff,Xuân Diệu,10.7954312,106.6557557,10.7955147,106.655546,1.0,50.0,,,asphalt,no,,0.000293,292.0657813945093,0.0247233022366069,2,0.0,5.0,5.0,2603101003,1,10,Weekday,18.5,33.5,0.0,0,0.5522388059701493,1165.97,C,44.776119402985074,0.004811020975772154,0.37,0.44776119402985076,1166.305,265.258,267.047,[],0.652127
f2aac3ceadf5ddf9868b1186db03d7ca,Trần Phú,10.7631515,106.6795568,10.7574203,106.674132,2.0,50.0,,primary,asphalt,yes,,0.011156,222.92011069283316,0.8682944724568921,5,-1.2668513216345636,27.0,16.0,2603101003,1,10,Weekday,18.5,28.5,0.0,0,0.6491228070175439,1983.16,C,35.08771929824561,0.16896541085647632,0.37,0.3508771929824561,2240.357,455.178,478.141,[],0.0
4b05bc9df382de766da7daae86b359e4,An Phú Đông 10,10.8576365,106.6962199,10.8565038,106.6964506,1.0,50.0,,,asphalt,no,,0.001363,168.68856246342216,0.1278061052352744,2,-0.782435235123651,18.0,17.0,2603101003,1,10,Weekday,33.0,48.0,0.0,0,0.6875,922.5,C,31.25,0.013942484207484479,0.66,0.3125,128.675,27.267,27.465,[],0.981019
a3a5b42c729268c13efcf7aa4a7894aa,Đại Lộ III,10.8136383,106.7753601,10.8131985,106.7686852,1.0,50.0,,,asphalt,no,,0.007115,266.16298934353523,0.7315577504720071,4,-0.9568622566685326,23.0,16.0,2603101003,1,10,Weekday,26.0,36.0,0.0,0,0.7222222222222222,860.0,B,27.77777777777778,0.10129261160381636,0.52,0.2777777777777778,761.034,117.004,123.648,[],0.947267
348b6c53508366be7fb2d3d6e71b15c4,Tây Hòa,10.8261485,106.7641935,10.8262034,106.7621148,1.0,50.0,,,asphalt,no,,0.002134,271.5404689633347,0.2273892128899462,3,-0.8795491987423243,25.0,23.0,2603101003,1,10,Weekday,43.0,50.0,0.0,0,0.86,612.0,B,14.000000000000002,0.019037236427995496,0.86,0.14,235.001,45.049,45.492,[],0.984576
9a8a0ab0d467f2a0b7a5ddaddc02581d,Hồng Hà,10.8140069,106.6747486,10.8142573,106.6758031,1.0,50.0,,,asphalt,no,,0.001305,76.40930239970527,0.118595029359029,2,0.8432056599713358,13.0,14.0,2603101003,1,10,Weekday,25.0,31.0,0.0,0,0.8064516129032258,708.39,B,19.354838709677423,0.017077684227700177,0.5,0.1935483870967742,118.786,13.385,13.385,[],0.981766
c9bf2ababcddcaa13b59651f018052f6,Ngô Quyền,10.7656858,106.664104,10.7613478,106.6650929,1.0,50.0,,,asphalt,no,,0.005327,167.37671625908206,0.4918782647494179,3,-0.6099070064680165,14.0,11.0,2603101003,1,10,Weekday,19.5,30.5,0.0,0,0.639344262295082,1009.18,C,36.065573770491795,0.09080829503066176,0.39,0.36065573770491804,494.88,125.193,128.931,[],0.980316
ca1cb78203ebb2fc2b3988f17a4e58f2,Phường Linh Trung,10.8724231,106.7673863,10.867122,106.8026394,1.0,50.0,,,asphalt,no,,0.040554,98.70217968979551,3.898754216828233,4,0.0,14.0,14.0,2603101003,1,10,Weekday,36.5,50.5,0.0,0,0.7227722772277227,859.01,B,27.722772277227726,0.3845346624816887,0.73,0.27722772277227725,7229.129,760.629,783.599,[],0.0
76ad16bdde3e94469382285b76b17a4b,Lý Thường Kiệt,10.7887464,106.6529164,10.7805208,106.6552592,1.0,50.0,,,asphalt,no,,0.010568,164.36882409822397,0.945248520805328,4,-0.5289614201924512,25.0,20.0,2603101003,1,10,Weekday,16.0,31.0,0.0,0,0.5161290322580645,1230.97,C,48.38709677419355,0.21268091718119878,0.32,0.4838709677419355,950.877,217.525,212.275,[],0.980336
de7a389232823cd0de9374379391ebdd,Đường Lạc Long Quân,10.7664078,106.6422822,10.7632226,106.6421549,1.0,50.0,,,asphalt,no,,0.003313,182.24844830662116,0.3525996018339855,2,-0.8508234224871557,23.0,20.0,2603101003,1,10,Weekday,18.0,31.0,0.0,0,0.5806451612903226,1114.84,C,41.93548387096774,0.07051992036679709,0.36,0.41935483870967744,505.544,117.881,126.569,[],0.97979
230102be62b945b3185f1c627a0c862c,vòng xoay Thái Bình,10.7667749,106.6882291,10.7667953,106.6882753,1.0,50.0,,,asphalt,no,,6.7e-05,65.79745790283448,0.0055339638148514,4,0.0,9.0,9.0,2603101003,1,10,Weekday,12.0,29.0,0.0,0,0.41379310344827586,1415.17,D,58.62068965517242,0.0016601891444554201,0.24,0.5862068965517241,54.223,40.015,36.753,[],0.753816
d1353b9f804072b489f953c63f1b591e,Cao tốc TP. Hồ Chí Minh - Long Thành - Dầu Giây,10.7918961,106.8178943,10.792934,106.8117098,1.0,50.0,,,asphalt,no,,0.007222,279.6956547140675,0.6860318053816734,1,-0.7288291826671582,13.0,8.0,2603101003,1,10,Weekday,74.0,74.0,0.0,0,1.0,360.0,A,0.0,0.03337452026181114,1.48,0.0,686.082,20.583,20.583,[],0.980293
52cc6bcdac41f864a20b084fc36f9db3,Đường Nguyễn Trãi,10.7711638,106.6930476,10.7529979,106.6588732,1.0,50.0,,,asphalt,no,,0.05234,241.5861858373429,4.243674647525991,1,0.1413868992878123,19.0,25.0,2603101003,1,10,Weekday,15.5,26.5,0.0,0,0.5849056603773585,1107.17,C,41.509433962264154,0.9856276600705529,0.31,0.41509433962264153,6307.802,957.737,899.06,[],0.553807
6e31e82e1b38c60c5466903c8cb2e499,Trường Chinh,10.7984865,106.6430538,10.8284986,106.6246086,1.0,50.0,,,asphalt,no,,0.048457,328.8832370552286,3.884496402164811,2,-0.4891238923380491,26.0,7.0,2603101003,1,10,Weekday,29.0,35.5,0.0,0,0.8169014084507042,689.58,B,18.309859154929576,0.48221334647563174,0.58,0.18309859154929578,4117.259,788.798,776.52,[],0.835871
9a4bdd7e2e9674279af5d086d2f1ef93,Phường Bến Nghé,10.780376,106.6984933,10.7803753,106.6984806,1.0,50.0,,,asphalt,no,,1.3e-05,266.7885969523263,0.0013911258183824,4,0.0,33.0,33.0,2603101003,1,10,Weekday,12.0,24.0,0.0,0,0.5,1260.0,C,50.0,0.00041733774551472005,0.24,0.5,4.32,1.253,1.253,[],4e-06
416ab8efe59b1653f203084e57cf715e,Cây Bàng,10.7187059,106.5920538,10.7189172,106.5920047,1.0,50.0,,,asphalt,no,,0.00026,347.13888071724546,0.0239816614754049,5,0.0,15.0,15.0,2603101003,1,10,Weekday,25.0,36.0,0.0,0,0.6944444444444444,910.0,C,30.555555555555557,0.0034533592524583056,0.5,0.3055555555555556,23.285,3.225,3.225,[],0.971362
fabc03cf85b90641ee6d5b2fa3381963,Ngã Bảy Lý Thái Tổ,10.7679102,106.6744532,10.7679102,106.6744532,1.0,50.0,,,asphalt,no,,0.0,0.0,0.0,1,0.0,26.0,26.0,2603101003,1,10,Weekday,14.0,35.0,0.0,0,0.4,1440.0,D,60.0,0.0,0.28,0.6,0.0,0.0,0.0,[],0.0
9466c59bdc04c79d545fe919b56a8142,Xuân Thới Sơn 21,10.8668839,106.597713,10.8668923,106.5977254,1.0,50.0,,,asphalt,no,,2.1e-05,55.402523325150696,0.0016436065710037,4,0.0,18.0,18.0,2603101003,1,10,Weekday,41.0,47.0,0.0,0,0.8723404255319149,589.79,B,12.765957446808507,0.00014431667452715415,0.82,0.1276595744680851,0.0,0.0,0.0,[],0.97551
cfdfe5236258e46748f0b5bd4c361605,Quang Trung,10.8350079,106.6634568,10.8430788,106.6419808,1.0,50.0,,,asphalt,no,,0.029547,290.9407039540092,2.512295472937345,5,-0.5572592933756861,23.0,9.0,2603101003,1,10,Weekday,26.0,36.0,0.0,0,0.7222222222222222,860.0,B,27.77777777777778,0.34785629625286313,0.52,0.2777777777777778,3142.397,618.83,615.929,[],0.975885
df0613230b902b46a833311e4547b083,Phan Văn Hớn,10.8274348,106.6249037,10.8389566,106.6008101,1.0,50.0,,,asphalt,no,,0.035615,295.9631137548984,2.9266675465194285,4,0.5808654290172943,6.0,23.0,2603101003,1,10,Weekday,22.0,35.0,0.0,0,0.6285714285714286,1028.57,C,37.142857142857146,0.4789092348849974,0.44,0.37142857142857144,2998.144,545.436,557.083,[],0.967683
93bc343a1674b87a9c94751ba59a31ee,Ngã tư Hàng Xanh,10.8013276,106.7110941,10.8012791,106.7111262,1.0,50.0,,,asphalt,no,,8.1e-05,146.97091108885047,0.0064112248356872,3,0.0,7.0,7.0,2603101003,1,10,Weekday,22.5,29.5,0.0,0,0.7627118644067796,787.12,B,23.728813559322038,0.001025795973709952,0.45,0.23728813559322035,6.437,3.454,3.454,[],0.979839
f955ff1f9d83c21d79dd9cca15d12cef,Đường Song Hành Xa lộ Hà Nội,10.8575649,106.7860239,10.8378557,106.7676582,1.0,50.0,,,asphalt,no,,0.038075,222.46594267848184,2.964049789517704,4,-0.3036386241495775,18.0,9.0,2603101003,1,10,Weekday,42.5,49.0,0.0,0,0.8673469387755102,598.78,B,13.265306122448983,0.2510724527591467,0.85,0.1326530612244898,4094.318,495.066,522.991,[],0.009261
eba4e712a07e83689f520ce10d29a9e5,Nguyễn Thái Học,10.7651757,106.69714,10.7679022,106.6954254,1.0,50.0,,,asphalt,no,,0.004441,328.2926104301754,0.3551366142444033,5,0.0,17.0,17.0,2603101003,1,10,Weekday,20.5,31.0,0.0,0,0.6612903225806451,969.68,C,33.87096774193549,0.062365454208773256,0.41,0.3387096774193548,419.142,120.716,109.998,[],0.970379
be772df75b516422226b7cfb56573d1d,Nguyễn Chí Thanh,10.7592538,106.6655719,10.7584107,106.6615004,1.0,50.0,,,asphalt,no,,0.004915,258.09787555058955,0.4549821689008774,3,5.494720828377455,9.0,34.0,2603101003,1,10,Weekday,15.5,26.0,0.0,0,0.5961538461538461,1086.92,C,40.38461538461539,0.1056732779382683,0.31,0.40384615384615385,466.047,125.299,116.085,[],0.979224
af9aee36267be3637ecc4a448db6612f,Đường số 54,10.7496063,106.5941698,10.7496222,106.594239,1.0,50.0,,,asphalt,no,,8.5e-05,76.8366578122401,0.0077706560406822,1,0.0,18.0,18.0,2603101003,1,10,Weekday,52.0,52.0,0.0,0,1.0,360.0,A,0.0,0.0005379684951241523,1.04,0.0,6.144,0.737,0.737,[],0.962753
7d6c0edb6c8b7560bfd6abbff04a7623,Quận Tân Bình,10.7902723,106.6523466,10.8117157,106.6648526,1.0,50.0,,,asphalt,no,,0.033949,29.806257755568765,2.73797696799543,4,0.1095699501883102,27.0,30.0,2603101003,1,10,Weekday,18.5,32.0,0.0,0,0.578125,1119.38,C,42.1875,0.5327955180964081,0.37,0.421875,4483.487,915.672,974.596,[],1.1e-05
364573706454b6977a6ae34b10f00b3c,Bình Thới,10.7661016,106.6476679,10.7636884,106.643989,1.0,50.0,,,asphalt,no,,0.006092,236.26901616135623,0.4828628922120954,4,-1.4496868806653465,28.0,21.0,2603101003,1,10,Weekday,22.0,29.0,0.0,0,0.7586206896551724,794.48,B,24.13793103448276,0.0790139278165247,0.44,0.2413793103448276,986.806,227.353,227.736,[],0.978523
5c8848b02d1ed211f5d30c2e42534bfd,Đi ga trong nước,10.8122766,106.6650353,10.8134346,106.6646772,1.0,50.0,,,asphalt,no,,0.001516,343.10389751329967,0.1339427202334587,3,0.0,32.0,32.0,2603101003,1,10,Weekday,21.0,33.0,0.0,0,0.6363636363636364,1014.55,C,36.36363636363637,0.022961609182878637,0.42,0.36363636363636365,1854.159,348.666,337.087,[],0.974892
cdeee4f593891197eb3578e34020930e,Phường Thảo Điền,10.8005193,106.7293575,10.8025976,106.7464095,1.0,50.0,,,asphalt,no,,0.01913,82.9253755072587,1.87892330833714,2,-0.5854416703008,24.0,13.0,2603101003,1,10,Weekday,35.5,35.5,0.0,0,1.0,360.0,A,0.0,0.19053870169052686,0.71,0.0,2372.349,438.93,425.442,[],0.381038
08f80b05cadf30c51835ffd69d35ec5c,Cao Thắng,10.7729223,106.678801,10.7716819,106.6802249,1.0,50.0,,,asphalt,no,,0.002664,131.56504300233155,0.2075518191097228,4,0.4818073887713541,5.0,6.0,2603101003,1,10,Weekday,9.0,28.0,0.0,0,0.32142857142857145,1581.43,D,67.85714285714286,0.08302072764388913,0.18,0.6785714285714286,210.806,48.211,50.338,[],0.980287
a7c3f9d711cf939db279fdcfb5ff8d0d,Công Trường Dân Chủ,10.7775778,106.6815724,10.7775778,106.6815724,1.0,50.0,,,asphalt,no,,0.0,0.0,0.0,5,0.0,13.0,13.0,2603101003,1,10,Weekday,20.0,34.0,0.0,0,0.5882352941176471,1101.18,C,41.17647058823529,0.0,0.4,0.4117647058823529,0.0,0.0,0.0,[],0.0
581978fde927942f48e954f99363850b,Nguyễn Hữu Thọ,10.7324712,106.7000037,10.7330629,106.6999333,1.0,50.0,,,asphalt,no,,0.000662,353.33251422723845,0.0659010588712888,4,0.0,17.0,17.0,2603101003,1,10,Weekday,25.0,33.0,0.0,0,0.7575757575757576,796.36,B,24.242424242424242,0.009489752477465587,0.5,0.24242424242424243,65.362,21.1,18.1,[],0.955541
438d803e98b5e9edb01239ed9f38a441,Xa Lộ Hà Nội,10.8385833,106.7675662,10.8633078,106.7965925,1.0,50.0,,,asphalt,no,,0.053751,49.06205020619922,4.1895681233152064,3,0.5728514083931112,10.0,34.0,2603101003,1,10,Weekday,52.5,55.5,0.0,0,0.9459459459459459,457.3,A,5.405405405405405,0.28728467131304275,1.05,0.05405405405405406,6174.768,627.892,623.592,[],0.0
d2815cdb6defdaf25bcf120055274711,Lê Thị Hà,10.887776,106.5981184,10.8865251,106.5982675,1.0,50.0,,,asphalt,no,,0.0014,173.32396032774398,0.139323818989032,3,-0.7177523608355316,10.0,9.0,2603101003,1,10,Weekday,27.0,36.0,0.0,0,0.75,810.0,B,25.0,0.0185765091985376,0.54,0.25,140.201,21.601,21.732,[],0.980289
cdeed7be06733b87b81c81d61e056740,Hòa Hảo,10.761856,106.66843,10.761856,106.66843,1.0,50.0,,,asphalt,no,,0.0,0.0,0.0,4,0.0,14.0,14.0,2603101003,1,10,Weekday,24.0,35.0,0.0,0,0.6857142857142857,925.71,C,31.428571428571427,0.0,0.48,0.3142857142857143,0.0,0.0,0.0,[],0.0
1e1e73a5851e5963e4ea83aa60ceacce,Quang Trung,10.8299958,106.6706701,10.835952,106.6605258,1.0,50.0,,,asphalt,no,,0.0161,300.87196580818227,1.2901683967164497,4,-0.3100370471157271,24.0,20.0,2603101003,1,10,Weekday,25.0,36.0,0.0,0,0.6944444444444444,910.0,C,30.555555555555557,0.18578424912716876,0.5,0.3055555555555556,1309.746,234.686,235.593,[],0.977836
e1e131b5892a45b83a874acef266ccd2,Lê Văn Sỹ,10.7892124,106.6753896,10.800243,106.6609346,1.0,50.0,,,asphalt,no,,0.025486,307.8430564748286,1.996936683580332,4,-0.2003068015570905,19.0,15.0,2603101003,1,10,Weekday,19.0,35.0,0.0,0,0.5428571428571428,1182.86,C,45.714285714285715,0.37836695057311553,0.38,0.45714285714285713,2080.805,475.519,477.16,[],0.924885
0011fbb6aaa8e16f8ec56fe7e1f253e0,Quách Thị Trang,10.7044998,106.847625,10.7041127,106.8398361,1.0,50.0,,,asphalt,no,,0.008176,267.10522385447683,0.8531421655325446,4,-0.9377100702795854,16.0,8.0,2603101003,1,10,Weekday,41.0,45.5,0.0,0,0.9010989010989011,538.02,A,9.890109890109889,0.07491004380285757,0.82,0.0989010989010989,871.328,83.417,84.319,[],0.964662
697fbe7ce076a6f88372cf8346195822,Bến Vân Đồn,10.7584116,106.6937223,10.7573004,106.6918919,1.0,50.0,,,asphalt,no,,0.002942,238.28655828150204,0.2349218064366415,2,11.493185928349272,6.0,33.0,2603101003,1,10,Weekday,30.0,33.5,0.0,0,0.8955223880597015,548.06,B,10.447761194029848,0.028190616772396978,0.6,0.1044776119402985,1249.267,174.43,171.047,[],0.981939
e22607016b6f1d75c70dccf6b0e303f5,Lê Thánh Tôn,10.7746928,106.6995607,10.7740594,106.6990287,1.0,50.0,,,asphalt,no,,0.001165,219.52625186973813,0.0910724727808177,1,0.0,28.0,28.0,2603101003,1,10,Weekday,14.0,26.0,0.0,0,0.5384615384615384,1190.77,C,46.15384615384615,0.02341863585792455,0.28,0.46153846153846156,89.143,21.394,21.394,[],0.973627
d7312f3cc8ef732b0ce454135f4a3d5e,Hoàng Diệu,10.7596225,106.6985617,10.7597771,106.6987767,1.0,50.0,,,asphalt,no,,0.00037,53.79816104186557,0.0290761432229762,5,0.0,12.0,12.0,2603101003,1,10,Weekday,19.5,29.0,0.0,0,0.6724137931034483,949.66,C,32.758620689655174,0.005367903364241759,0.39,0.3275862068965517,38.41,14.043,12.41,[],0.959725
b81f1d5593dc568ed2ee2a1d1d0fd283,Nguyễn Văn Cừ,10.7643811,106.6819889,10.7622438,106.683007,1.0,50.0,,,asphalt,no,,0.003155,154.92180190944953,0.2613250757446514,4,0.0,30.0,30.0,2603101003,1,10,Weekday,24.0,35.0,0.0,0,0.6857142857142857,925.71,C,31.428571428571427,0.03919876136169772,0.48,0.3142857142857143,278.496,45.013,47.828,[],0.732112
b38f64d6ca9f83b275adfe80fb653f6f,Đường GS1,10.8883021,106.7760528,10.8882135,106.7761239,1.0,50.0,,,asphalt,no,,0.00016,141.76059939988886,0.0125088454109538,5,0.0,9.0,9.0,2603101003,1,10,Weekday,33.5,44.5,0.0,0,0.7528089887640449,804.94,B,24.71910112359551,0.0013442341337144383,0.67,0.24719101123595505,9.989,4.495,4.495,[],0.97631
d7bfc7525cd1edc14da4d3696f6fcac3,Lê Văn Thọ,10.8365053,106.6583227,10.8364665,106.658324,1.0,50.0,,,asphalt,no,,4e-05,178.11520877843338,0.0042941586231868,1,0.0,19.0,19.0,2603101003,1,10,Weekday,25.0,36.0,0.0,0,0.6944444444444444,910.0,C,30.555555555555557,0.0006183588417388992,0.5,0.3055555555555556,0.0,0.0,0.0,[],0.115809
88eb8138f2cb29ffaab0665a2597ff8c,Nguyễn Thị Đặng,10.867202,106.6414169,10.8676811,106.6416344,1.0,50.0,,,asphalt,no,,0.000697,24.028946027000245,0.0580860772998386,2,0.0,33.0,33.0,2603101003,1,10,Weekday,27.0,47.0,0.0,0,0.574468085106383,1125.96,C,42.553191489361694,0.007744810306645146,0.54,0.425531914893617,61.887,11.709,11.709,[],0.980301
159d612f9b6a4d366e1a9c20f79f35ee,Nguyễn Thị Định,10.7636062,106.7826284,10.7581359,106.7889248,1.0,50.0,,,asphalt,no,,0.011767,131.48732784676707,0.916728655571558,2,0.1090835323977654,10.0,11.0,2603101003,1,10,Weekday,25.0,25.0,0.0,0,1.0,360.0,A,0.0,0.13200892640230436,0.5,0.0,1854.865,382.256,390.617,[],0.979056
f3bad4165c5bafb5cf3faa190886fe6d,Nguyễn Đức Thuận,10.8073545,106.6403983,10.8072353,106.6404336,1.0,50.0,,,asphalt,no,,0.000154,163.78089590768184,0.0137386050525288,1,0.0,32.0,32.0,2603101003,1,10,Weekday,38.5,41.5,0.0,0,0.927710843373494,490.12,A,7.2289156626506035,0.0012846487841325631,0.77,0.07228915662650602,18.519,4.445,4.445,[],0.978594
e62b460cb5dfffa330bf11b4536e472d,Đặng Văn Bi,10.8422045,106.7634239,10.8421583,106.7634728,1.0,50.0,,,asphalt,no,,9.5e-05,133.8891545402505,0.0073963429302186,3,0.0,10.0,10.0,2603101003,1,10,Weekday,42.0,48.0,0.0,0,0.875,585.0,B,12.5,0.0006339722511615944,0.84,0.125,7.361,1.193,1.193,[],0.96945
018afdc8dfe6405f1dceb1f30f73325d,Nguyễn Trãi,10.7563856,106.6762478,10.7527545,106.6535477,1.0,50.0,,,asphalt,no,,0.026331,260.7543983573348,2.5151449971516326,3,0.1192774175404383,17.0,20.0,2603101003,1,10,Weekday,20.5,31.5,0.0,0,0.6507936507936508,988.57,C,34.92063492063492,0.44168399949979886,0.41,0.3492063492063492,3578.773,604.736,610.832,[],0.181164
438d803e98b5e9edb01239ed9f38a441,Xa Lộ Hà Nội,10.8329768,106.7645442,10.8385833,106.7675662,1.0,50.0,,,asphalt,no,,0.008629,27.8967540008008,0.7027005773813275,5,-2.9884705770782563,31.0,10.0,2603101003,1,10,Weekday,42.5,49.0,0.0,0,0.8673469387755102,598.78,B,13.265306122448983,0.05952287243700657,0.85,0.1326530612244898,1839.703,263.269,275.681,[],0.0
0147c996676c6cc42bfe950283ca1a66,Phường Tân Phú,10.870652,106.8069619,10.7158518,106.7295974,1.0,50.0,,,asphalt,no,,0.232165,206.15500312528576,19.099233856403504,4,0.0418864969147325,21.0,29.0,2603101003,1,10,Weekday,35.0,45.0,0.0,0,0.7777777777777778,760.0,B,22.22222222222222,1.964492625230075,0.7,0.2222222222222222,25969.906,2956.885,3068.959,[],
9b9a42701084d0694727416cc278fafe,Quốc lộ 22,10.8466302,106.6128986,10.843027,106.6149651,1.0,50.0,,,asphalt,no,,0.00567,150.60832534104406,0.4581597152941971,4,-0.218264497427032,13.0,12.0,2603101003,1,10,Weekday,28.5,39.5,0.0,0,0.7215189873417721,861.27,B,27.848101265822788,0.0578728061424249,0.57,0.27848101265822783,646.949,96.387,107.064,[],1e-06
768246f05b046c8c9df0bb29fc350b45,Nguyễn Văn Nghi,10.8214371,106.6887972,10.8238312,106.6869947,1.0,50.0,,,asphalt,no,,0.004197,323.5172088206557,0.3301224933438893,1,0.0,34.0,34.0,2603101003,1,10,Weekday,28.5,37.5,0.0,0,0.76,792.0,B,24.0,0.041699683369754444,0.57,0.24,909.536,205.096,222.27,[],0.957067
115016d4642e2c221204dff826979d47,Hồ Văn Huê,10.8045481,106.677625,10.8054457,106.6781072,1.0,50.0,,,asphalt,no,,0.00138,27.819942016969208,0.1124213412141241,3,1.7790216505162346,6.0,8.0,2603101003,1,10,Weekday,18.5,30.5,0.0,0,0.6065573770491803,1068.2,C,39.34426229508197,0.02187658531734307,0.37,0.39344262295081966,1795.101,448.769,471.516,[],
db1ca1f601c3e4286cbd5fb8c9a2f971,Nguyễn Thị Tần,10.7492439,106.6845345,10.7486955,106.6848291,1.0,50.0,,,asphalt,no,,0.000843,152.1760770090439,0.0686875174509008,5,-1.4558686019112848,18.0,17.0,2603101003,1,10,Weekday,20.5,28.0,0.0,0,0.7321428571428571,842.14,B,26.785714285714292,0.012062198186499654,0.41,0.26785714285714285,69.882,12.569,12.569,[],0.979389
e70acbe9f7d46f0d61297b911d0ecb2c,Mai Chí Thọ,10.7793052,106.7347388,10.7833905,106.7417533,1.0,50.0,,,asphalt,no,,0.0111,59.33678059699207,0.8903552740056114,5,1.2354618792240313,8.0,19.0,2603101003,1,10,Weekday,35.5,39.5,0.0,0,0.8987341772151899,542.28,B,10.126582278481012,0.0902895489132451,0.71,0.10126582278481013,1786.278,175.059,174.883,[],0.0
f59492720cc4552001643fc05a7e5c6f,Phạm Văn Đồng,10.849516,106.7489666,10.8414243,106.7439592,1.0,50.0,,,asphalt,no,,0.013099,211.2907939253303,1.049241069342425,2,-1.2389907695995253,32.0,19.0,2603101003,1,10,Weekday,32.0,42.0,0.0,0,0.7619047619047619,788.57,B,23.809523809523814,0.1180396203010228,0.64,0.23809523809523808,1061.131,97.263,97.21,[],0.98539
c7f1805ac503309ccfe6e3892f45e7d9,Quốc lộ 1,10.8620634,106.6494828,10.8725843,106.7668518,1.0,50.0,,,asphalt,no,,0.12789,84.77363512562988,12.885334077654894,5,0.054325327987724,6.0,13.0,2603101003,1,10,Weekday,28.0,41.5,0.0,0,0.6746987951807228,945.54,C,32.53012048192772,1.6566858099842008,0.56,0.3253012048192771,13663.386,1565.485,1551.858,[],
009679450cd5669cc80d7892fd165528,Sư Vạn Hạnh,10.77004,106.6705481,10.77004,106.6705481,1.0,50.0,,,asphalt,no,,0.0,0.0,0.0,3,0.0,25.0,25.0,2603101003,1,10,Weekday,15.0,29.0,0.0,0,0.5172413793103449,1228.97,C,48.275862068965516,0.0,0.3,0.4827586206896552,0.0,0.0,0.0,[],0.0
544c407a0eec14b0791ae6bd5c0310bd,Phường An Phú Đông,10.8391657,106.6996423,10.8340778,106.6938042,1.0,50.0,,,asphalt,no,,0.010926,228.41717804221875,0.8510363626818898,3,-1.2925417152958607,33.0,22.0,2603101003,1,10,Weekday,25.0,35.5,0.0,0,0.704225352112676,892.39,B,29.5774647887324,0.12254923622619213,0.5,0.29577464788732394,1379.605,273.266,291.163,[],0.077258
c2f578077695c90d73a4e6dbc300fe90,Lê Trọng Tấn,10.8077236,106.621088,10.809165,106.6156148,1.0,50.0,,,asphalt,no,,0.006915,285.009237737445,0.619407212172693,5,-0.645778725431564,13.0,9.0,2603101003,1,10,Weekday,22.5,40.5,0.0,0,0.5555555555555556,1160.0,C,44.44444444444444,0.09910515394763088,0.45,0.4444444444444444,620.259,98.019,105.242,[],0.981437
ecdf13761c150a7cff9fccf24046e694,Đường số 9,10.8629278,106.7549076,10.8629278,106.7549076,1.0,50.0,,,asphalt,no,,0.0,0.0,0.0,5,0.0,21.0,21.0,2603101003,1,10,Weekday,32.0,42.0,0.0,0,0.7619047619047619,788.57,B,23.809523809523814,0.0,0.64,0.23809523809523808,0.0,0.0,0.0,[],0.0
e553cd5c3a7edecf84a2689095a9f748,Trần Huy Liệu,10.792161,106.6779981,10.794303,106.6778425,1.0,50.0,,,asphalt,no,,0.002298,355.91846056298914,0.237543829655283,1,0.8419498847443623,24.0,26.0,2603101003,1,10,Weekday,18.0,33.0,0.0,0,0.5454545454545454,1178.18,C,45.45454545454546,0.0475087659310566,0.36,0.45454545454545453,238.285,56.59,59.563,[],0.985595
c525e84af64a6c3d7880ae21ff1084dc,Minh Phụng,10.7626846,106.6446172,10.7535751,106.6430363,1.0,50.0,,,asphalt,no,,0.01069,189.6756929110762,1.0223573535425674,3,-0.9781315667510024,21.0,11.0,2603101003,1,10,Weekday,22.5,31.0,0.0,0,0.7258064516129032,853.55,B,27.419354838709676,0.16357717656681078,0.45,0.27419354838709675,1030.098,192.895,194.354,[],0.98175
1460ffb54a4898ecb221ae04c69097bb,Ngô Quyền,10.752477,106.6667664,10.7517792,106.6668579,1.0,50.0,,,asphalt,no,,0.000789,172.65933394795297,0.0778318344354698,3,-1.2848213166928473,33.0,32.0,2603101003,1,10,Weekday,14.0,24.0,0.0,0,0.5833333333333334,1110.0,C,41.666666666666664,0.02001390028340652,0.28,0.4166666666666667,78.906,18.937,18.937,[],0.968711
2a66e0efdaf3550d5849f40eb9ed089d,Cầu vượt Nguyễn Hữu Cảnh,10.7976427,106.7237951,10.7976579,106.7205235,1.0,50.0,,,asphalt,no,,0.003287,270.2713012027617,0.3577907718298373,1,-0.8384788642415794,15.0,12.0,2603101003,1,10,Weekday,43.0,43.0,0.0,0,1.0,360.0,A,0.0,0.029954576246218938,0.86,0.0,358.937,36.89,36.89,[],0.983671
3ef73e396466c2064083ffd1d6d7db30,Bành Văn Trân,10.7904195,106.6569689,10.7883571,106.657746,1.0,50.0,,,asphalt,no,,0.00284,159.68874917067615,0.2434450425535793,4,-0.4107703280833544,31.0,30.0,2603101003,1,10,Weekday,20.0,34.0,0.0,0,0.5882352941176471,1101.18,C,41.17647058823529,0.043820107659644274,0.4,0.4117647058823529,401.116,103.526,114.696,[],0.0
dedb61cfd8c8dc9dc40e7adc2a886acd,Cầu Phú Mỹ,10.7469406,106.7484952,10.7490341,106.7527933,1.0,50.0,,,asphalt,no,,0.006392,63.62862427596701,0.5240608266359222,4,1.3357228100666776,19.0,26.0,2603101003,1,10,Weekday,45.0,45.0,0.0,0,1.0,360.0,A,0.0,0.04192486613087378,0.9,0.0,5305.41,573.405,593.325,[],0.980398
6d43ac48d52a0734ee773d721aa4127c,Phường An Lạc A,10.7414323,106.61846,10.7413924,106.6184129,1.0,50.0,,,asphalt,no,,8.7e-05,229.23072339706363,0.0067838350688225,3,0.0,34.0,34.0,2603101003,1,10,Weekday,24.0,35.0,0.0,0,0.6857142857142857,925.71,C,31.428571428571427,0.001017575260323375,0.48,0.3142857142857143,12.276,7.876,9.728,[],0.966476
3283a06ce034f65eda092dffccc06d7b,Trương Định,10.7712056,106.6966242,10.7807024,106.6863035,2.0,55.0,,residential,asphalt,no,,0.019818,313.12857946057784,1.5419480939402654,2,-0.0648530261122226,22.0,21.0,2603101003,1,10,Weekday,17.0,31.5,0.0,0,0.5396825396825397,2377.14,C,46.03174603174603,0.32653018459911504,0.3090909090909091,0.4603174603174603,1553.473,392.928,409.761,[],0.982053
a4f9a1f5403307daea1bb661fc36e527,Võ Chí Công,10.7655125,106.770577,10.7588708,106.7634266,1.0,50.0,,,asphalt,no,,0.013792,226.60567050961225,1.073012379838619,1,-1.3047379753536112,30.0,16.0,2603101003,1,10,Weekday,45.0,45.0,0.0,0,1.0,360.0,A,0.0,0.08584099038708953,0.9,0.0,1077.528,98.038,127.925,[],0.981519
201c3bdb22316bec1938d479b7d162fe,Đường Phú Hòa,10.785806,106.6544818,10.7856285,106.6538061,1.0,50.0,,,asphalt,no,,0.000853,255.02863924147127,0.076462179987479,5,-1.3078361095168276,24.0,23.0,2603101003,1,10,Weekday,19.0,33.0,0.0,0,0.5757575757575758,1123.64,C,42.42424242424242,0.014487570944996022,0.38,0.42424242424242425,75.851,18.209,21.204,[],0.968441
546c0fd92ee9ee660ef6cb75081d69d1,Đường Thoại Ngọc Hầu,10.7815006,106.6357625,10.7820031,106.6361909,1.0,50.0,,,asphalt,no,,0.000931,39.94570855464087,0.0726957712313001,2,2.75119166648152,31.0,33.0,2603101003,1,10,Weekday,12.0,24.5,0.0,0,0.4897959183673469,1278.37,D,51.02040816326531,0.02180873136939003,0.24,0.5102040816326531,105.639,31.188,32.893,[],0.961643
adf40601c9de600d25b9039e2177ac82,Cầu Thị Nghè,10.7910523,106.7058445,10.7924505,106.707195,1.0,50.0,,,asphalt,no,,0.002749,43.494980726086965,0.2138538826531066,1,1.4028269970044518,21.0,24.0,2603101003,1,10,Weekday,28.0,41.0,0.0,0,0.6829268292682927,930.73,C,31.707317073170728,0.027495499198256564,0.56,0.3170731707317073,212.859,51.087,51.087,[],0.980168
33659cfa335ae26ebb27ec2d943d073d,Nguyễn Văn Trỗi,10.7985035,106.6707041,10.7941581,106.6777789,1.0,50.0,,,asphalt,no,,0.01142,122.01609202290058,0.9108597819174742,4,0.3293591461118882,23.0,26.0,2603101003,1,10,Weekday,18.0,33.0,0.0,0,0.5454545454545454,1178.18,C,45.45454545454546,0.18217195638349484,0.36,0.45454545454545453,1300.682,302.675,297.243,[],0.980276
c580ae6269c9eb89baa34e21210caeb4,Tô Ngọc Vân,10.8537487,106.7511235,10.8620076,106.6713827,1.0,50.0,,,asphalt,no,,0.088,276.0276597673524,8.766554828880011,1,0.216732802918286,9.0,28.0,2603101003,1,10,Weekday,29.5,44.5,0.0,0,0.6629213483146067,966.74,C,33.70786516853933,1.0698168604734928,0.59,0.33707865168539325,14266.036,1694.059,1668.557,[],
67e2fc538cc2634d7f82c12196ed3f9c,Đường Vành đai ĐHQG,10.8804438,106.8104451,10.8780069,106.8088204,1.0,50.0,,,asphalt,no,,0.004062,213.2139290474012,0.3228199749336073,5,8.05402453963615,5.0,31.0,2603101003,1,10,Weekday,43.0,54.5,0.0,0,0.7889908256880734,739.82,B,21.100917431192656,0.027026788599092706,0.86,0.21100917431192662,324.365,38.195,38.742,[],0.980693
386fb3ebdd2948a9397bedfa8e2a39f9,Vòng xoay,10.8207283,106.6940372,10.8204546,106.6941876,1.0,50.0,,,asphalt,no,,0.000424,151.64263231830228,0.0344537860150313,2,0.0,9.0,9.0,2603101003,1,10,Weekday,40.0,46.0,0.0,0,0.8695652173913043,594.78,B,13.043478260869568,0.0031008407413528173,0.8,0.13043478260869565,47.695,22.105,31.947,[],0.98111
9f49b898d17c44119f3936623504c3af,Nguyễn Văn Lạc,10.79196,106.7089225,10.7921268,106.708958,1.0,50.0,,,asphalt,no,,0.000202,11.808483267237648,0.0188543376074568,5,5.3038193163811,24.0,25.0,2603101003,1,10,Weekday,28.0,41.0,0.0,0,0.6829268292682927,930.73,C,31.707317073170728,0.0024241291209587314,0.56,0.3170731707317073,33.141,14.869,94.346,[],0.468813
6d672ad0d6335ee07b611a1f2f1304d2,Phường Đông Hòa,10.8762972,106.8030852,10.8674881,106.7842783,1.0,50.0,,,asphalt,no,,0.027616,244.5025929058124,2.2754349742301425,2,0.0878952825569831,24.0,26.0,2603101003,1,10,Weekday,35.0,51.5,0.0,0,0.6796116504854369,936.7,C,32.03883495145631,0.23404474020652896,0.7,0.32038834951456313,3800.658,467.741,478.156,[],
930d3617a3ab7b584b0405b337222571,Lê Đức Thọ,10.8385342,106.680097,10.8404489,106.6787279,1.0,50.0,,,asphalt,no,,0.003284,324.92019136163464,0.2593600411760078,1,0.0,13.0,13.0,2603101003,1,10,Weekday,27.0,34.0,0.0,0,0.7941176470588235,730.59,B,20.588235294117652,0.03458133882346771,0.54,0.20588235294117646,264.668,60.942,63.243,[],0.980712
3ddb589d23f70a8855728e4502f9150f,Đường Tùng Thiện Vương,10.746712,106.6604334,10.746844,106.6604618,1.0,50.0,,,asphalt,no,,0.00016,11.93537141877323,0.0149276914530821,1,0.0,21.0,21.0,2603101003,1,10,Weekday,25.0,32.0,0.0,0,0.78125,753.75,B,21.875,0.0021495875692438223,0.5,0.21875,14.411,1.835,1.835,[],0.819568
893618cdc30588cd162a4c2b1133b71f,Cầu Đen 2,10.7994405,106.7334642,10.7997398,106.7334573,1.0,50.0,,,asphalt,no,,0.000306,358.702732110185,0.0331151502643743,4,0.0,27.0,27.0,2603101003,1,10,Weekday,32.0,32.0,0.0,0,1.0,360.0,A,0.0,0.0037254544047421088,0.64,0.0,35.453,7.992,7.992,[],0.980245
046f4aa6033f41e3c95ccf358ecc8930,Phường Phú Thuận,10.7192661,106.7432344,10.7199382,106.7432765,1.0,50.0,,,asphalt,no,,0.000714,3.521901451285828,0.0744853018696405,2,0.0,17.0,17.0,2603101003,1,10,Weekday,25.0,35.0,0.0,0,0.7142857142857143,874.29,B,28.57142857142857,0.010725883469228231,0.5,0.2857142857142857,75.862,9.118,9.118,[],0.979792
2d4332f8966c899dd8dbea95386d3b56,Lê Đại Hành,10.7648499,106.6551501,10.7626323,106.6568351,1.0,50.0,,,asphalt,no,,0.003903,143.25991199099894,0.3068132214788126,1,-0.3259311952659954,34.0,33.0,2603101003,1,10,Weekday,18.5,31.0,0.0,0,0.5967741935483871,1085.81,C,40.32258064516129,0.05970419444993111,0.37,0.4032258064516129,434.398,120.508,115.735,[],0.980056
077abce41d36295c50eedc27a6c8a57e,Linh Đông,10.8415361,106.7438406,10.8415361,106.7438406,1.0,50.0,,,asphalt,no,,0.0,0.0,0.0,3,0.0,19.0,19.0,2603101003,1,10,Weekday,32.0,42.0,0.0,0,0.7619047619047619,788.57,B,23.809523809523814,0.0,0.64,0.23809523809523808,0.0,0.0,0.0,[],0.0
6b2c88b561aea1b33901f3e7621609a6,Phạm Văn Đồng,10.8641108,106.7571974,10.8575701,106.7518877,1.0,50.0,,,asphalt,no,,0.01185,218.56420130644543,0.927622244532046,1,-1.4014325418164224,26.0,13.0,2603101003,1,10,Weekday,32.0,42.0,0.0,0,0.7619047619047619,788.57,B,23.809523809523814,0.10435750250985518,0.64,0.23809523809523808,981.463,102.506,96.0,[],0.794493
3f5aacc1931c055cc7a2cda0d227e7c2,Trần Ðình Xu,10.75857,106.6924841,10.759772,106.6919236,1.0,50.0,,,asphalt,no,,0.001763,335.3871226945296,0.1464096926680412,3,0.0,5.0,5.0,2603101003,1,10,Weekday,35.0,42.5,0.0,0,0.8235294117647058,677.65,B,17.647058823529417,0.015059282674427098,0.7,0.17647058823529413,146.681,33.681,42.741,[],0.976114
aba4377b4889f81082fabd3c38f70d04,Phạm Văn Đồng,10.8529635,106.7511033,10.8667147,106.7620017,1.0,50.0,,,asphalt,no,,0.02465,37.89431269870949,1.9322557915437235,5,1.2938245603614895,8.0,33.0,2603101003,1,10,Weekday,34.0,44.0,0.0,0,0.7727272727272727,769.09,B,22.72727272727273,0.20459178969286484,0.68,0.22727272727272727,2106.506,281.009,255.267,[],0.40523
6b2c88b561aea1b33901f3e7621609a6,Phạm Văn Đồng,10.8701199,106.7633832,10.8641108,106.7571974,1.0,50.0,,,asphalt,no,,0.012195,225.31242914840269,0.9482808331765754,1,1.898171867473388,8.0,26.0,2603101003,1,10,Weekday,32.0,42.0,0.0,0,0.7619047619047619,788.57,B,23.809523809523814,0.10668159373236473,0.64,0.23809523809523808,1012.615,143.113,129.583,[],0.682798
033c171ecff68464c518dc3afc93f707,Phường Linh Xuân,10.8708535,106.7757156,10.8728261,106.7669177,1.0,50.0,,,asphalt,no,,0.010771,282.8616181622988,0.986351003305546,4,-0.7096865088128858,20.0,13.0,2603101003,1,10,Weekday,31.0,41.0,0.0,0,0.7560975609756098,799.02,B,24.390243902439025,0.11454398748064407,0.62,0.24390243902439024,1058.706,149.662,156.927,[],0.662692
7e245d5e58ac1a12a41f9d890b876045,Tỉnh lộ 43,10.8770572,106.7319907,10.8772691,106.7319664,1.0,50.0,,,asphalt,no,,0.000236,353.57462679958905,0.0235891601174914,1,0.0,13.0,13.0,2603101003,1,10,Weekday,28.0,36.5,0.0,0,0.7671232876712328,779.18,B,23.28767123287672,0.0030328920151060372,0.56,0.2328767123287671,23.764,3.197,3.197,[],0.981464
5a29d9e1c0f7c90a5c22fb3e69f612f8,Quang Trung,10.835952,106.6605258,10.8395934,106.6466938,1.0,50.0,,,asphalt,no,,0.017473,285.00615478009945,1.5652004396667702,3,-0.6388958082665113,20.0,10.0,2603101003,1,10,Weekday,26.0,36.0,0.0,0,0.7222222222222222,860.0,B,27.77777777777778,0.2167200608769374,0.52,0.2777777777777778,2522.883,465.545,465.064,[],0.981125
292a3feab9327edd0394ed3845c696e4,Đường số 1,10.7443078,106.6957432,10.8671265,106.7881544,1.0,50.0,,,asphalt,no,,0.21523,36.458644909193424,16.932006160275396,5,0.0354358481989969,24.0,30.0,2603101003,1,10,Weekday,28.5,40.0,0.0,0,0.7125,877.5,B,28.749999999999996,2.138779725508471,0.57,0.2875,22733.076,2489.108,2503.883,[],
9547f59c0fe7c6ddc4f7fa89b15f639b,Hẻm 86 Ông Ích Khiêm,10.7661735,106.6449394,10.7696411,106.6468344,1.0,50.0,,,asphalt,no,,0.005363,28.2296157471672,0.4359775905842578,5,1.1468479362206323,25.0,30.0,2603101003,1,10,Weekday,21.5,30.5,0.0,0,0.7049180327868853,891.15,B,29.508196721311474,0.07300089888852689,0.43,0.29508196721311475,1226.023,241.885,23727.465,[],0.981108
d0387cf978c41b8e86b4a57ea1fc3f55,Nguyễn Lương Bằng nối dài,10.7087139,106.7318964,10.7130973,106.7314656,1.0,50.0,,,asphalt,no,,0.004814,354.48422796174646,0.4871443067250075,5,1.0263899076670304,24.0,29.0,2603101003,1,10,Weekday,27.0,37.0,0.0,0,0.7297297297297297,846.49,B,27.027027027027028,0.064952574230001,0.54,0.2702702702702703,515.138,102.253,97.617,[],0.98287
18473a097b08708c365e5b3514d74640,Mai Chí Thọ,10.7882923,106.7502508,10.7924075,106.7519,1.0,50.0,,,asphalt,no,,0.005764,21.488030167139243,0.4896261757362384,2,-5.105936169039193,33.0,8.0,2603101003,1,10,Weekday,32.5,38.5,0.0,0,0.8441558441558441,640.52,B,15.58441558441559,0.05423551485078334,0.65,0.15584415584415584,7335.877,797.227,815.332,[],0.0
778e46bf773be645c451e30b2f183933,Lê Hồng Phong,10.765331,106.6752404,10.761133,106.676833,1.0,50.0,,,asphalt,no,,0.005791,159.559579435317,0.4959494274785562,3,-0.604900385761553,25.0,22.0,2603101003,1,10,Weekday,24.0,36.0,0.0,0,0.6666666666666666,960.0,C,33.333333333333336,0.07439241412178343,0.48,0.3333333333333333,495.279,123.771,123.656,[],0.980408
c6a567f43c47b41238fa4ec6b881889a,Nguyễn Tất Thành,10.7650945,106.7071763,10.7578081,106.7164541,1.0,50.0,,,asphalt,no,,0.016564,128.63859905566534,1.2958840707565094,4,0.0771673965724589,27.0,28.0,2603101003,1,10,Weekday,23.5,35.0,0.0,0,0.6714285714285714,951.43,C,32.85714285714286,0.19851841083929506,0.47,0.32857142857142857,2659.537,470.035,479.343,[],0.954774
a6f3b751e5eaba5dae0bd0512031d06b,Phổ Quang,10.8087826,106.6687556,10.8085272,106.6717917,1.0,50.0,,,asphalt,no,,0.003292,94.89460692343248,0.3332198329615051,4,0.9003065553863873,31.0,34.0,2603101003,1,10,Weekday,26.5,37.5,0.0,0,0.7066666666666667,888.0,B,29.333333333333332,0.04526759994948749,0.53,0.29333333333333333,335.589,65.538,67.459,[],0.980639
efd4310b3dc2fcd73f2a9acdbcdfe582,Tôn Thất Thuyết,10.7571329,106.717736,10.7530896,106.7022171,1.0,50.0,,,asphalt,no,,0.019562,255.14857199108883,1.7553393277634817,1,-1.0824117992165274,29.0,10.0,2603101003,1,10,Weekday,34.5,38.5,0.0,0,0.8961038961038961,547.01,B,10.389610389610393,0.18316584289705895,0.69,0.1038961038961039,2241.562,381.445,388.117,[],0.23218
477515b82122a24851cb9c5e7721ea60,Cầu Văn Thánh 2,10.7894924,106.7121753,10.7892164,106.7138262,1.0,50.0,,,asphalt,no,,0.001927,99.65847925970849,0.1831126317503128,2,0.5461119696884547,26.0,27.0,2603101003,1,10,Weekday,32.0,39.0,0.0,0,0.8205128205128205,683.08,B,17.948717948717952,0.02060017107191019,0.64,0.1794871794871795,184.403,18.44,18.44,[],0.980425
8f74804e41a4d09c93121dec7f75639b,Trần Minh Quyền,10.771263,106.6737333,10.770053,106.6752791,1.0,50.0,,,asphalt,no,,0.002756,128.54781257100592,0.2156314600876284,4,0.4637542219459161,29.0,30.0,2603101003,1,10,Weekday,18.0,32.0,0.0,0,0.5625,1147.5,C,43.75,0.04312629201752568,0.36,0.4375,215.252,42.972,43.4,[],0.975062
c53e64beb6af8275a56b2b4a30d6f9f4,cầu vượt,10.8146011,106.6790072,10.8157766,106.6800056,1.0,50.0,,,asphalt,no,,0.002174,39.83660573412618,0.1697853454524619,4,1.1779579649057397,18.0,20.0,2603101003,1,10,Weekday,25.0,33.0,0.0,0,0.7575757575757576,796.36,B,24.242424242424242,0.024449089745154515,0.5,0.24242424242424243,171.231,19.807,20.535,[],0.98228
cdbbe68b75bb1a2f0301dd0e88b79d08,Hoàng Sa,10.7931923,106.659131,10.792888,106.7005738,1.0,50.0,,,asphalt,no,,0.041747,90.42439081955956,4.532437522043847,5,0.2206318333427489,7.0,17.0,2603101003,1,10,Weekday,25.0,36.0,0.0,0,0.6944444444444444,910.0,C,30.555555555555557,0.6526710031743139,0.5,0.3055555555555556,6351.378,1054.926,1151.592,[],0.004241
83eff32d809455af93e472143bd22c95,Phường 7,10.7646858,106.6615305,10.7646858,106.6615305,1.0,50.0,,,asphalt,no,,0.0,0.0,0.0,4,0.0,10.0,10.0,2603101003,1,10,Weekday,23.0,32.0,0.0,0,0.71875,866.25,B,28.125,0.0,0.46,0.28125,0.0,0.0,0.0,[],0.0
7963462bfce8608c85ce6fc58d6db1bb,Võ Văn Tần,10.782412,106.6956364,10.7746152,106.6884994,1.0,50.0,,,asphalt,no,,0.014934,221.9633688116475,1.1632108299897814,1,-1.2895340735549867,32.0,17.0,2603101003,1,10,Weekday,15.0,28.0,0.0,0,0.5357142857142857,1195.71,C,46.42857142857143,0.2791705991975475,0.3,0.4642857142857143,1170.502,299.934,302.155,[],0.983178
71556bf33dd98572aa9d31a6b06cf75f,Phó Ðức Chính,10.7707145,106.6991208,10.7676642,106.7010097,1.0,50.0,,,asphalt,no,,0.004939,148.6858239065915,0.3956275035271278,3,-0.2527630134620888,24.0,23.0,2603101003,1,10,Weekday,27.0,27.0,0.0,0,1.0,360.0,A,0.0,0.05275033380361704,0.54,0.0,394.969,93.42,98.454,[],0.980211
6a00832a711b7b634d2304dea9532ce4,Nguyễn Kiệm,10.8132332,106.6786725,10.8135747,106.6787698,1.0,50.0,,,asphalt,no,,0.000439,15.634813057843305,0.0392444450891587,2,0.0,16.0,16.0,2603101003,1,10,Weekday,18.0,30.0,0.0,0,0.6,1080.0,C,40.0,0.007848889017831739,0.36,0.4,42.333,8.444,8.444,[],0.973059
e5053e4123ff036f85da726f1676370c,D2,10.8291371,106.8033886,10.8294096,106.8037053,1.0,50.0,,,asphalt,no,,0.000589,48.78041930363816,0.0459115030524897,2,0.0,7.0,7.0,2603101003,1,10,Weekday,35.0,41.0,0.0,0,0.8536585365853658,623.41,B,14.634146341463417,0.004722326028256084,0.7,0.14634146341463414,46.196,10.444,10.461,[],0.98383
deb41e409d227136251629f2882ac34f,Mai Chí Thọ,10.7784791,106.7322207,10.8012401,106.7529968,1.0,50.0,,,asphalt,no,,0.043537,41.87923681669963,3.391366828942598,1,0.3833262709611776,5.0,18.0,2603101003,1,10,Weekday,34.5,36.5,0.0,0,0.9452054794520548,458.63,A,5.47945205479452,0.35388175606357547,0.69,0.0547945205479452,5950.724,634.724,665.119,[],0.0
c7695e86589d35c00b8cc3f8b4147749,Điện Biên Phủ,10.7973168,106.7040931,10.7938821,106.7008614,1.0,50.0,,,asphalt,no,,0.006666,222.74580645691745,0.5188944390615582,1,-1.541739397798968,26.0,18.0,2603101003,1,10,Weekday,50.0,50.0,0.0,0,1.0,360.0,A,0.0,0.03736039961243219,1.0,0.0,520.331,52.484,52.552,[],0.979597
0c807e769efb4db2eee959f1506594be,Thành Thái,10.7739209,106.6645769,10.7697668,106.6661869,1.0,50.0,,,asphalt,no,,0.005764,159.15603668570122,0.4920820970934338,5,-0.4064362454584994,22.0,20.0,2603101003,1,10,Weekday,18.0,32.0,0.0,0,0.5625,1147.5,C,43.75,0.09841641941868676,0.36,0.4375,494.855,105.474,100.939,[],0.980372
c63e91db92734676e73437f2103e5801,Dạ Nam,10.7536606,106.686888,10.7531123,106.6869589,1.5,50.0,,primary,asphalt,yes,,0.000619,172.7600320171066,0.0611428506998863,1,0.0,24.0,24.0,2603101003,1,10,Weekday,30.5,36.0,0.0,0,0.8472222222222222,952.5,B,15.277777777777779,0.007216861066216089,0.61,0.1527777777777778,982.139,173.356,163.318,[],0.947224
73318dff2dc6874661d0bafd247488a4,Phạm Văn Chiêu,10.8541753,106.665484,10.8523298,106.6602254,1.0,50.0,,,asphalt,no,,0.007104,250.33661357697443,0.6101445353024589,3,-1.147269146077,14.0,7.0,2603101003,1,10,Weekday,33.0,48.0,0.0,0,0.6875,922.5,C,31.25,0.06656122203299553,0.66,0.3125,610.387,126.033,126.871,[],0.980044
268a920a92850452241197e08b870a5f,Trần Hưng Ðạo,10.7520028,106.6580656,10.752179,106.6632877,1.0,50.0,,,asphalt,no,,0.005398,88.03250970074384,0.5715145636010752,3,0.8748683442982333,25.0,30.0,2603101003,1,10,Weekday,16.0,26.5,0.0,0,0.6037735849056604,1073.21,C,39.62264150943396,0.12859077681024192,0.32,0.39622641509433965,1234.742,333.654,333.619,[],0.0
3a1aa87c6bcdaad34a529936ba1386ac,Hoàng Hoa Thám,10.797138,106.6470466,10.8031077,106.6923844,1.0,50.0,,,asphalt,no,,0.051307,82.36099560608864,5.001943577340994,1,-0.1799300584031048,29.0,20.0,2603101003,1,10,Weekday,20.5,32.5,0.0,0,0.6307692307692307,1024.62,C,36.92307692307693,0.8783900916306137,0.41,0.36923076923076925,5666.975,1162.865,1163.608,[],0.110805
ae51341c1c21607102d98f38b5446a32,Cầu Thanh Lộc,10.8608943,106.6696497,10.8610728,106.6698521,1.0,50.0,,,asphalt,no,,0.000381,48.076056316936445,0.0296578581167027,3,3.3717876593280267,24.0,25.0,2603101003,1,10,Weekday,33.0,48.0,0.0,0,0.6875,922.5,C,31.25,0.0032354027036402945,0.66,0.3125,29.745,4.656,4.656,[],0.980466
92f1cb670876b54073fe61492ce5ff52,Xa lộ Hà Nội,10.8069194,106.7548299,10.8045382,106.7521024,1.0,50.0,,,asphalt,no,,0.005109,228.3697680439091,0.397924268966521,3,-1.005216397177458,25.0,21.0,2603101003,1,10,Weekday,42.0,45.5,0.0,0,0.9230769230769231,498.46,A,7.692307692307687,0.03410779448284466,0.84,0.07692307692307693,1951.854,285.786,275.659,[],0.983521
56d749878949f252ab47fce853218434,Đường 3 Tháng 2,10.767686,106.6667965,10.7579254,106.6489673,1.0,50.0,,,asphalt,no,,0.02759,240.87279303889085,2.2289776594227813,2,0.0897272339875278,18.0,20.0,2603101003,1,10,Weekday,20.5,32.5,0.0,0,0.6307692307692307,1024.62,C,36.92307692307693,0.39143022311814696,0.41,0.36923076923076925,2234.302,489.004,478.421,[],0.980471
6382753a049d38d3dd0ab1586b8521f2,Đất Thánh,10.7821462,106.6568445,10.7827199,106.6600419,1.0,50.0,,,asphalt,no,,0.003771,79.64862600931144,0.3554011301484586,4,1.1254888239463714,23.0,27.0,2603101003,1,10,Weekday,22.0,35.0,0.0,0,0.6285714285714286,1028.57,C,37.142857142857146,0.05815654856974777,0.44,0.37142857142857144,454.335,117.375,124.579,[],5.4e-05
4ff7a3a8dcbb885862c2122ed587bb29,Tân Liễu,10.6811514,106.5954928,10.6818,106.5958303,1.0,50.0,,,asphalt,no,,0.000986,27.08223153462393,0.0806873048939906,3,0.0,11.0,11.0,2603101003,1,10,Weekday,27.0,33.5,0.0,0,0.8059701492537313,709.25,B,19.402985074626866,0.010758307319198747,0.54,0.19402985074626866,83.219,12.49,12.49,[],0.978965
d7d573ef43ad02a39c98a40c157414be,Vòng xoay Điện Biên Phủ,10.7921176,106.6992858,10.7921359,106.6992344,1.0,50.0,,,asphalt,no,,7e-05,289.9226298490714,0.005974634631621,1,0.0,16.0,16.0,2603101003,1,10,Weekday,34.0,41.0,0.0,0,0.8292682926829268,667.32,B,17.07317073170732,0.0006326083727598706,0.68,0.17073170731707318,198.52,68.607,74.331,[],0.814592
bf38e868e866399a9490283a25255d1d,Quốc lộ 1A,10.8599881,106.6986862,10.859221,106.7052214,1.0,50.0,,,asphalt,no,,0.007302,96.81505145145422,0.7195722623640338,5,0.9728001433799958,22.0,29.0,2603101003,1,10,Weekday,33.0,48.0,0.0,0,0.6875,922.5,C,31.25,0.0784987922578946,0.66,0.3125,738.761,103.951,95.217,[],0.980249
c2794fb970057d4089f07e2ba4f432cc,Cầu Lê Văn Sỹ,10.785862,106.6815175,10.7861078,106.6810825,1.0,50.0,,service,asphalt,no,,0.000681,299.9084081322434,0.0547952261392791,2,1.8249764997012483,21.0,22.0,2603101003,1,10,Weekday,15.0,27.0,0.0,0,0.5555555555555556,1160.0,C,44.44444444444444,0.013150854273426982,0.3,0.4444444444444444,51.986,17.014,17.014,[],0.98031
43ccf1a8e1425f3a0fedfc6934db009d,Cầu Phú Mỹ,10.7450815,106.7441524,10.7347762,106.7279543,1.0,50.0,,,asphalt,no,,0.026503,237.07654624288216,2.1067958973872525,1,0.0949308854493358,14.0,16.0,2603101003,1,10,Weekday,45.0,45.0,0.0,0,1.0,360.0,A,0.0,0.1685436717909802,0.9,0.0,2132.164,182.497,182.547,[],
94fe46fdbc64e22f478f143047a9d30b,Đường số 10,10.7414548,106.7099956,10.7498061,106.6287236,1.0,50.0,,,asphalt,no,,0.089623,275.9785150520256,8.937414384343285,5,0.1902116123179976,5.0,22.0,2603101003,1,10,Weekday,22.0,31.5,0.0,0,0.6984126984126984,902.86,C,30.15873015873016,1.462485990165265,0.44,0.30158730158730157,11589.795,2086.634,2087.086,[],
1e451e288c8c3755f9b6d46f70b02cb3,Đướng Nguyễn Hữu Cảnh,10.7980288,106.720103,10.7979697,106.7201402,1.0,50.0,,,asphalt,no,,9.6e-05,148.2716355777331,0.0076997488063948,5,-12.9874366702648,13.0,12.0,2603101003,1,10,Weekday,37.0,37.0,0.0,0,1.0,360.0,A,0.0,0.0007491647487303049,0.74,0.0,8.107,1.48,1.48,[],0.845936
136a16e68a33440c5e2a4f5c988c22e7,Cống Quỳnh,10.7635026,106.6905496,10.7666744,106.688366,1.5,50.0,,secondary,asphalt,no,,0.005355,325.9286856901901,0.4244158927133482,1,0.2356179439009375,8.0,9.0,2603101003,1,10,Weekday,21.0,25.5,0.0,0,0.8235294117647058,1016.47,B,17.647058823529417,0.07275701017943112,0.42,0.17647058823529413,533.24,148.389,150.25,[],0.000189
19c8635315668853c94cc17a523ee97f,Phường Bình Chiểu,10.8878174,106.7287564,10.8878003,106.728711,1.0,50.0,FRC3,,asphalt,no,,6.2e-05,249.01536786896853,0.0053117147700393,1,0.0,20.0,20.0,2603101003,1,10,Weekday,28.0,36.0,0.0,0,0.7777777777777778,760.0,B,22.22222222222222,0.00068293475614791,0.56,0.2222222222222222,574.024,122.663,225.194,[],0.0
401b3c340324b71f3c444195c73c3d6e,Đường dẫn sảnh đi Quốc tế,10.8153557,106.6659991,10.8154126,106.6660397,1.0,50.0,,,asphalt,no,,9.8e-05,35.024994918119035,0.0077022812124145,4,12.983166576522729,5.0,6.0,2603101003,1,10,Weekday,21.0,33.0,0.0,0,0.6363636363636364,1014.55,C,36.36363636363637,0.001320391064985343,0.42,0.36363636363636365,7.714,1.031,1.031,[],0.977003
84422c631f5384d4e096f96f186a2a7d,Lý Thường Kiệt,10.765485,106.6595662,10.7738791,106.6572154,1.0,50.0,,,asphalt,no,,0.010745,344.61752037559535,0.963437929052115,3,0.6227697518513872,9.0,15.0,2603101003,1,10,Weekday,22.0,35.0,0.0,0,0.6285714285714286,1028.57,C,37.142857142857146,0.15765347929943702,0.44,0.37142857142857144,972.097,159.328,162.766,[],0.980765
8fba7e31168ae20e00328be21fe2091a,Lê Lai,10.7700912,106.6941287,10.76857,106.6902339,1.5,50.0,,primary,asphalt,yes,,0.005416,248.31886403983376,0.4580093060161106,1,-1.3100170501314985,19.0,13.0,2603101003,1,10,Weekday,24.0,30.0,0.0,0,0.8,1080.0,B,19.999999999999996,0.0687013959024166,0.48,0.2,457.152,87.968,88.59,[],0.977107
c1bc92586eafb44a409bf6c1095b5a62,Hẻm 86 Ông Ích Khiêm,10.7699913,106.647032,10.7702268,106.6471393,1.0,50.0,,,asphalt,no,,0.000343,24.11329896323275,0.0285708427486514,4,3.500071764761651,31.0,32.0,2603101003,1,10,Weekday,21.0,31.0,0.0,0,0.6774193548387096,940.65,C,32.25806451612904,0.0048978587569116685,0.42,0.3225806451612903,28.722,6.891,3260.423,[],0.980287
738526ef06112b5a346a6f5dc66f120d,Hẻm 131 Tô Hiến Thành,10.7808937,106.6698201,10.7793615,106.6704423,1.0,50.0,,,asphalt,no,,0.002154,158.25208028180623,0.1826323427380344,5,0.0,34.0,34.0,2603101003,1,10,Weekday,18.0,31.0,0.0,0,0.5806451612903226,1114.84,C,41.93548387096774,0.036526468547606876,0.36,0.41935483870967744,183.71,73.491,73.684,[],0.980739
5f4ad30047f2f96391c68e1f137624c7,Trường Chinh,10.8083021,106.6345381,10.829463,106.6235423,1.0,50.0,,,asphalt,no,,0.032157,332.9616280925952,2.6314675766749502,2,-0.7600321652175341,27.0,7.0,2603101003,1,10,Weekday,24.0,35.5,0.0,0,0.676056338028169,943.1,C,32.3943661971831,0.39472013650124255,0.48,0.323943661971831,3163.226,516.269,597.134,[],0.042101
56d965277710f2be9607a53c3c8ec30c,Bình Thới,10.7684923,106.6512531,10.7661016,106.6476679,1.0,50.0,,,asphalt,no,,0.005976,235.8326464681984,0.4729581843642002,2,-1.2686110946712608,34.0,28.0,2603101003,1,10,Weekday,22.0,29.0,0.0,0,0.7586206896551724,794.48,B,24.13793103448276,0.07739315744141458,0.44,0.2413793103448276,475.486,86.135,87.746,[],0.980478
444c90dbab5fb43ac25e4e7b3069667e,Hẻm 504 Kinh Dương Vương,10.7379148,106.6147828,10.7377688,106.6146944,1.0,50.0,,,asphalt,no,,0.000234,210.74746906466493,0.0188229614100835,5,0.0,26.0,26.0,2603101003,1,10,Weekday,24.0,35.0,0.0,0,0.6857142857142857,925.71,C,31.428571428571427,0.0028234442115125254,0.48,0.3142857142857143,27.024,6.442,12.698,[],0.980785
4be0bd6ff2e3ba57c460743447aaf5e4,Hưng Nhơn,10.7159649,106.5856745,10.7117174,106.5985988,1.0,50.0,,,asphalt,no,,0.017172,108.49260324610437,1.489831041198299,5,0.6040953471315199,5.0,14.0,2603101003,1,10,Weekday,33.0,42.5,0.0,0,0.7764705882352941,762.35,B,22.352941176470587,0.16252702267617808,0.66,0.2235294117647059,1490.859,203.44,211.451,[],0.980459
4b75a324dd7eec04c8ac3738ff800766,Phan Đăng Lưu,10.8025532,106.6965436,10.8032397,106.6845465,1.0,50.0,,,asphalt,no,,0.012684,273.33509688712854,1.3141928048713798,2,-0.8370156920069708,23.0,12.0,2603101003,1,10,Weekday,19.0,30.0,0.0,0,0.6333333333333333,1020.0,C,36.66666666666667,0.24900495250194565,0.38,0.36666666666666664,1400.508,325.861,320.665,[],0.943268
c3486a5672e29a8d91a857f094df9b58,Xã Vĩnh Lộc B,10.7888288,106.5759596,10.7800867,106.5682102,1.0,50.0,,,asphalt,no,,0.016492,221.04973689741877,1.2858329372702118,3,1.1665590113008453,8.0,23.0,2603101003,1,10,Weekday,29.0,44.5,0.0,0,0.651685393258427,986.97,C,34.8314606741573,0.15962064048871594,0.58,0.34831460674157305,1725.166,301.753,313.121,[],6e-06
b5a62738d1aa1fb87e965e4b30a49172,Trần Đại Nghĩa,10.8736394,106.7774485,10.7447939,106.5384069,1.0,50.0,,,asphalt,no,,0.367887,241.2668958882888,29.77361530011458,5,-0.0268694275766007,25.0,17.0,2603101003,1,10,Weekday,36.5,46.5,0.0,0,0.7849462365591398,747.1,B,21.505376344086024,2.9365757556277394,0.73,0.21505376344086022,37284.031,4123.137,4147.511,[],
5d212d7c449189e142f8a351a928feed,Nguyễn Trãi,10.7532859,106.6628252,10.7548304,106.6708395,1.0,50.0,,residential,asphalt,no,,0.009559,78.90085260323434,0.8930743042691416,5,-2.351428083823956,30.0,9.0,2603101003,1,10,Weekday,17.0,26.0,0.0,0,0.6538461538461539,983.08,C,34.61538461538461,0.18912161737464175,0.34,0.34615384615384615,893.564,208.604,207.545,[],0.980756
3b44d63b3bc134e06b0cb4e26a5d3304,Tôn Ðức Thắng,10.7704106,106.7062443,10.7705573,106.7062775,1.0,50.0,,,asphalt,no,,0.00018,12.53443831707034,0.016628244963297,1,0.0,31.0,31.0,2603101003,1,10,Weekday,25.0,35.0,0.0,0,0.7142857142857143,874.29,B,28.57142857142857,0.0023944672747147682,0.5,0.2857142857142857,17.42,2.171,2.171,[],0.891519
46d0c6441317268ba24a8d4e830d1d5c,Nhánh A1,10.7932441,106.7532978,10.7926709,106.7524658,1.0,50.0,,,asphalt,no,,0.001405,234.95621758363345,0.1109017783309221,4,-1.8033975920856364,11.0,9.0,2603101003,1,10,Weekday,50.0,50.0,0.0,0,1.0,360.0,A,0.0,0.007984928039826391,1.0,0.0,6433.232,574.32,609.192,[],
823a0dbc9b2b7b01d1fa23d547c80121,Đường Lãnh Binh Thăng,10.7620808,106.6568525,10.7621391,106.6567535,1.0,50.0,,,asphalt,no,,0.000157,300.93984438922075,0.0126028930201831,3,0.0,33.0,33.0,2603101003,1,10,Weekday,23.0,32.5,0.0,0,0.7076923076923077,886.15,B,29.230769230769226,0.001972626733593877,0.46,0.2923076923076923,81.867,35.902,30.856,[],0.193334
23e19b9b24c80c1d54994897c9cb32ba,Quảng trường sáng tạo,10.8754861,106.8052044,10.8742918,106.805084,1.0,50.0,,,asphalt,no,,0.001315,185.6539699706705,0.1327603047084073,1,-0.7532371985710524,25.0,24.0,2603101003,1,10,Weekday,43.0,56.0,0.0,0,0.7678571428571429,777.86,B,23.214285714285708,0.011114816208145728,0.86,0.23214285714285715,1249.123,184.056,225.97,[],0.973279
01324f6a9fa1d0fce5535efbfc86560f,Âu Cơ,10.7760618,106.6470365,10.7722809,106.6496421,1.0,50.0,,,asphalt,no,,0.006386,145.90177491705035,0.5060788355981531,4,-0.3951953449379338,8.0,6.0,2603101003,1,10,Weekday,18.0,31.0,0.0,0,0.5806451612903226,1114.84,C,41.93548387096774,0.10121576711963062,0.36,0.41935483870967744,512.069,129.855,133.611,[],0.984536
5b068f2599657f98ab48176a2693afd4,Quốc lộ 1K,10.8828952,106.7701845,10.8746157,106.765511,1.0,50.0,,,asphalt,no,,0.012953,209.0010213178356,1.0487243512588478,2,-1.2396012340511888,27.0,14.0,2603101003,1,10,Weekday,33.0,45.0,0.0,0,0.7333333333333333,840.0,B,26.66666666666667,0.11440629286460158,0.66,0.26666666666666666,1081.058,149.666,145.927,[],0.967384
bbf44e86b20088618eb9b2fce9be05d0,Đường Quang Trung,10.8388107,106.6491032,10.8408842,106.6452271,1.0,50.0,,,asphalt,no,,0.00595,298.57588232245274,0.4819150704697074,4,-0.4150108852272793,12.0,10.0,2603101003,1,10,Weekday,25.0,36.0,0.0,0,0.6944444444444444,910.0,C,30.555555555555557,0.06939577014763786,0.5,0.3055555555555556,497.539,106.953,109.161,[],0.964301
cbb3cdb1ae52a7a0119f0ed40870900c,Lê Văn Sỹ,10.7915356,106.67201,10.7962369,106.6656372,1.0,50.0,,,asphalt,no,,0.011074,306.9071710351099,0.8695759421943776,1,-0.2299971633245733,18.0,16.0,2603101003,1,10,Weekday,17.0,31.5,0.0,0,0.5396825396825397,1188.57,C,46.03174603174603,0.1841454936411623,0.34,0.4603174603174603,871.659,196.317,195.537,[],0.980487
ffc45fc8323e15dc38fe196bf3e46a21,Cầu Kênh 2,10.7745747,106.7248969,10.7742939,106.7240549,1.0,50.0,,,asphalt,no,,0.001123,251.2489413920973,0.0971863510479673,4,0.0,23.0,23.0,2603101003,1,10,Weekday,34.5,38.0,0.0,0,0.9078947368421053,525.79,A,9.210526315789469,0.010141184457179197,0.69,0.09210526315789473,1337.565,175.403,196.229,[],0.944742
bda846063a0f7891c5c483bb47f70323,Phú Hữu,10.7535742,106.6537519,10.7510733,106.6533152,1.0,50.0,,,asphalt,no,,0.002938,189.73445331227737,0.2807253494519094,1,-0.7124401141203731,21.0,19.0,2603101003,1,10,Weekday,23.0,33.5,0.0,0,0.6865671641791045,924.18,C,31.343283582089555,0.043939619914211914,0.46,0.31343283582089554,287.588,77.077,81.323,[],0.985126
63a550addce33e07b50e3eeba744163b,Nguyễn Hữu Tự,10.7926663,106.6967184,10.7926985,106.6961576,1.0,50.0,,,asphalt,no,,0.000593,273.3452944856376,0.061434227487725,3,0.0,13.0,13.0,2603101003,1,10,Weekday,25.0,35.0,0.0,0,0.7142857142857143,874.29,B,28.57142857142857,0.0088465287582324,0.5,0.2857142857142857,61.563,20.104,21.725,[],0.982587
9a4098e379a9b102af2e32a4d82c34cb,Trịnh Đình Trọng,10.7760645,106.6384349,10.7751926,106.6464389,1.0,50.0,,,asphalt,no,,0.008876,96.32683514771036,0.8806891462487514,2,-2.611591172432098,29.0,6.0,2603101003,1,10,Weekday,20.5,32.0,0.0,0,0.640625,1006.87,C,35.9375,0.15465760617051244,0.41,0.359375,1049.184,232.236,259.156,[],0.006103
308ae609e5b64de9ce478c7a11dc35c0,Cầu Nguyễn Văn Cừ,10.7527375,106.6871934,10.7541132,106.6883922,1.0,50.0,,,asphalt,no,,0.002574,40.56699408741434,0.2008697402692227,3,1.4935051919612898,24.0,27.0,2603101003,1,10,Weekday,28.5,34.0,0.0,0,0.8382352941176471,651.18,B,16.176470588235293,0.025373019823480763,0.57,0.16176470588235295,801.472,121.174,117.874,[],0.975498
cb19f4ec4fb65fd0ede65fb5ba4bb487,Lý Chính Thắng,10.788335,106.6850959,10.7885356,106.6851801,1.0,50.0,,,asphalt,no,,0.000285,22.407417611106663,0.0240239190063426,4,0.0,28.0,28.0,2603101003,1,10,Weekday,15.0,30.0,0.0,0,0.5,1260.0,C,50.0,0.005765740561522224,0.3,0.5,369.879,101.996,116.982,[],0.885616
2a8257ef6c5135d11434e257b932e9df,Khánh Hội,10.7606879,106.6977387,10.7565916,106.7008416,1.0,50.0,,,asphalt,no,,0.007199,143.3440634970902,0.5661120184551081,5,-0.1766434852821092,12.0,11.0,2603101003,1,10,Weekday,26.0,34.0,0.0,0,0.7647058823529411,783.53,B,23.529411764705888,0.07838474101686112,0.52,0.23529411764705882,866.704,220.279,254.65,[],0.973465
93c02284c0d51d86197a2bdc052a0c3f,Cầu Chánh Hưng,10.7460556,106.6689199,10.7416454,106.668879,1.0,50.0,,,asphalt,no,,0.004451,180.52203339897696,0.487845407279432,3,-1.0249148450291876,29.0,24.0,2603101003,1,10,Weekday,21.0,32.0,0.0,0,0.65625,978.75,C,34.375,0.08363064124790263,0.42,0.34375,491.679,68.079,68.079,[],0.981853
550260e29117fbbd7883acfc1a21b7d8,Cầu Chữ Y,10.7509485,106.6836257,10.7536129,106.6842501,1.0,50.0,,,asphalt,no,,0.003289,12.965478479106537,0.3025267648249627,1,1.3221970632298723,18.0,22.0,2603101003,1,10,Weekday,26.5,32.5,0.0,0,0.8153846153846154,692.31,B,18.461538461538463,0.041097975598862864,0.53,0.18461538461538463,2540.45,539.006,544.451,[],0.981531
bf49a14c2b009c4a36d6796e6015b9f2,Đường Lý Thái Tổ,10.7680397,106.667873,10.7681015,106.6679949,1.0,50.0,,,asphalt,no,,0.000184,62.70354156543351,0.0149827839520912,2,0.0,20.0,20.0,2603101003,1,10,Weekday,14.5,35.0,0.0,0,0.4142857142857143,1414.29,D,58.57142857142856,0.003719863601898505,0.29,0.5857142857142857,13.531,2.706,2.706,[],0.938277
e36b882b9c85d454a0300fea6df86f4e,Nguyễn Tuyển,10.7833422,106.7653756,10.7836471,106.7652891,1.0,50.0,,,asphalt,no,,0.000391,344.42739793137235,0.0350276357289759,4,0.0,13.0,13.0,2603101003,1,10,Weekday,31.0,31.0,0.0,0,1.0,360.0,A,0.0,0.004067725439493976,0.62,0.0,38.34,8.626,8.626,[],0.973245
f64084f5e90ce4ca4255d29ea3d64081,Tam Bình,10.845997,106.7287514,10.8560454,106.7381233,1.0,50.0,,,asphalt,no,,0.01942,42.48878961839671,1.5117897682824366,5,1.389082029828682,8.0,29.0,2603101003,1,10,Weekday,32.0,42.0,0.0,0,0.7619047619047619,788.57,B,23.809523809523814,0.17007634893177412,0.64,0.23809523809523808,1738.317,249.229,260.821,[],0.062185
007f9819226a33e189c30b686ee15949,Quốc lộ 22,10.8434511,106.6149314,10.8575697,106.6057733,1.0,50.0,,,asphalt,no,,0.023277,327.5013573279266,1.8551748033773687,1,0.2695163814696835,12.0,17.0,2603101003,1,10,Weekday,29.5,40.0,0.0,0,0.7375,832.5,B,26.249999999999996,0.2263942132935094,0.59,0.2625,1864.258,254.125,248.916,[],0.98073
1fe938e2d17aafebcc703e4d16744c64,Cầu Thầy Tiêu,10.7289172,106.716972,10.7294379,106.7153476,1.5,65.0,,trunk,asphalt,yes,,0.002145,288.0692030528611,0.1867883918695916,5,0.0,29.0,29.0,2603101003,1,10,Weekday,37.5,37.5,0.0,0,1.0,540.0,A,0.0,0.017931685619480792,0.5769230769230769,0.0,626.052,108.488,205.242,[],0.0
4f735e9651a22406b096484436a338f8,Nguyễn Hữu Trí,10.6929789,106.5802906,10.6903712,106.5689492,1.0,50.0,,,asphalt,no,,0.013949,256.8313730894756,1.273831320764586,2,1.2560532732384373,7.0,23.0,2603101003,1,10,Weekday,36.0,43.0,0.0,0,0.8372093023255814,653.02,B,16.279069767441857,0.1273831320764586,0.72,0.16279069767441862,1275.691,169.789,172.153,[],0.981625
ea14fc6b6273dcb810b2b2df002c6e95,Cách Mạng Tháng Tám,10.7752936,106.6864011,10.7766471,106.6839026,1.0,50.0,,,asphalt,no,,0.003852,298.8747474402298,0.3115847487869516,4,-0.6418799404612434,16.0,14.0,2603101003,1,10,Weekday,16.0,31.0,0.0,0,0.5161290322580645,1230.97,C,48.38709677419355,0.0701065684770641,0.32,0.4838709677419355,308.04,63.804,64.426,[],0.97816
7fafdc57528daa49e98ef4e9841cfc29,Nguyễn Du,10.8839415,106.8020366,10.8805839,106.7847868,1.0,50.0,,,asphalt,no,,0.020607,258.79033874161473,1.9221545049490445,4,-1.092524037268102,30.0,9.0,2603101003,1,10,Weekday,38.5,50.0,0.0,0,0.77,774.0,B,23.0,0.17973392773549507,0.77,0.23,1995.688,235.522,243.769,[],0.93059
f661d7fe234a818fcb8118593f40f036,Đường A,10.7495269,106.5938427,10.7495472,106.5939152,1.0,50.0,,,asphalt,no,,9.3e-05,74.09237619809113,0.0082417415619952,4,0.0,17.0,17.0,2603101003,1,10,Weekday,52.0,52.0,0.0,0,1.0,360.0,A,0.0,0.0005705821081381292,1.04,0.0,7.636,1.139,1.139,[],0.369388
a7e8464abc9a8b7fa8ccfdb1d8c3e6bd,Lý Thái Tổ,10.7669304,106.6770101,10.7461614,106.7956925,1.0,50.0,,,asphalt,no,,0.139451,100.08887529995296,13.182753714366536,1,-0.1668847076770041,28.0,6.0,2603101003,1,10,Weekday,28.0,38.5,0.0,0,0.7272727272727273,850.91,B,27.27272727272727,1.6949254775614118,0.56,0.2727272727272727,39410.984,3589.181,3626.289,[],
303c7c39c3a97f956fed9066644c7f50,Cầu vượt Linh Xuân,10.8727455,106.766864,10.8739107,106.7634192,1.0,50.0,,,asphalt,no,,0.00461,289.00570660822603,0.3980763531726686,5,-0.5024161782180728,13.0,11.0,2603101003,1,10,Weekday,27.0,47.0,0.0,0,0.574468085106383,1125.96,C,42.553191489361694,0.05307684708968915,0.54,0.425531914893617,398.352,39.835,39.835,[],0.980428
2af34f0361bde9c96846a777b2d42b51,Âu Cơ,10.7722809,106.6496421,10.7750261,106.6477936,1.0,50.0,,,asphalt,no,,0.004594,326.51601208532355,0.364800411455354,4,0.2741224978367067,6.0,7.0,2603101003,1,10,Weekday,18.0,31.0,0.0,0,0.5806451612903226,1114.84,C,41.93548387096774,0.0729600822910708,0.36,0.41935483870967744,487.866,140.782,234.748,[],0.985087
3fd122b90cd72cb1c43901abd9e51a3b,Quớc Lộ 22,10.8449041,106.6140548,10.877854,106.5914673,1.0,50.0,,,asphalt,no,,0.055537,326.0524984185484,4.402639030114611,3,0.2271364954428179,13.0,23.0,2603101003,1,10,Weekday,37.0,45.0,0.0,0,0.8222222222222222,680.0,B,17.777777777777782,0.42836487860574596,0.74,0.17777777777777778,4436.505,582.087,564.226,[],0.980591
b9346845b0f001277213d25f2c3c0a73,Lãnh Binh Thăng,10.7622847,106.65559,10.7623992,106.6545324,1.0,50.0,,,asphalt,no,,0.001172,276.28885688160733,0.1163654132846607,1,-0.859361877187454,32.0,31.0,2603101003,1,10,Weekday,23.0,32.0,0.0,0,0.71875,866.25,B,28.125,0.018213716861946894,0.46,0.28125,118.14,26.884,26.832,[],0.981485
2db3c07cc93b9ea59e7913ba397c756b,Xa Lộ Hà Nội,10.8594106,106.7904411,10.8581937,106.7878367,1.0,50.0,,,asphalt,no,,0.003821,244.5567002643085,0.3149742157133478,4,-1.269945221052737,24.0,20.0,2603101003,1,10,Weekday,42.5,49.0,0.0,0,0.8673469387755102,598.78,B,13.265306122448983,0.026680168860424756,0.85,0.1326530612244898,2765.269,301.642,309.125,[],
1b5b958c37a611a63e7132e95820b427,Hải Thượng Lãn Ông,10.7504376,106.6601575,10.7507744,106.6593065,1.0,50.0,,,asphalt,no,,0.001188,291.94163520258286,0.1002595051037345,1,-0.9974116658219484,25.0,24.0,2603101003,1,10,Weekday,19.0,26.5,0.0,0,0.7169811320754716,869.43,B,28.301886792452834,0.018996537809128643,0.38,0.2830188679245283,441.884,110.745,101.15,[],0.738749
27d44fb2b3217cd2af1197a6840ae28f,Bạch Đằng,10.8029724,106.7101437,10.8033698,106.7048266,1.0,50.0,,,asphalt,no,,0.005714,274.35166508503977,0.583134153695524,2,4.287178146154929,7.0,32.0,2603101003,1,10,Weekday,19.0,31.0,0.0,0,0.6129032258064516,1056.77,C,38.70967741935484,0.11048857648967823,0.38,0.3870967741935484,580.341,110.729,113.017,[],0.974248
4ff1c86146a8f15a787642fe50ee30d5,Xa Lộ Hà Nội,10.8006952,106.7363742,10.8336803,106.7646754,1.0,50.0,,,asphalt,no,,0.061286,40.11998426460849,4.784390367398653,5,0.020901304517585,31.0,32.0,2603101003,1,10,Weekday,46.0,49.0,0.0,0,0.9387755102040817,470.2,A,6.122448979591832,0.3744305504920685,0.92,0.061224489795918366,7894.627,855.759,864.588,[],0.0
418de2d4cb47c9713d6fb6099c8c7795,Cầu Bình Lợi,10.8252486,106.7108326,10.8239671,106.706066,1.0,50.0,,,asphalt,no,,0.006048,254.69238461724652,0.540166593475048,4,-1.11076843190177,30.0,24.0,2603101003,1,10,Weekday,32.0,42.0,0.0,0,0.7619047619047619,788.57,B,23.809523809523814,0.0607687417659429,0.64,0.23809523809523808,540.34,53.999,53.999,[],0.980275
0679a066d9c8f303377f37ac7a47c74d,Ngã sáu Cộng Hòa,10.7651637,106.681627,10.765182,106.6815426,1.0,50.0,,,asphalt,no,,0.000103,282.44616292204614,0.0094504260127423,5,0.0,31.0,31.0,2603101003,1,10,Weekday,24.0,36.0,0.0,0,0.6666666666666666,960.0,C,33.333333333333336,0.001417563901911345,0.48,0.3333333333333333,169.492,71.621,76.206,[],0.0
bcc5ab397fb38a3f545b029439312938,Cầu Cả Cấm,10.7225313,106.7257177,10.723735,106.7249535,1.0,50.0,,,asphalt,no,,0.001968,328.0445917810511,0.1572116803515358,3,0.0,32.0,32.0,2603101003,1,10,Weekday,26.0,36.0,0.0,0,0.7222222222222222,860.0,B,27.77777777777778,0.021767771125597263,0.52,0.2777777777777778,157.622,16.689,16.689,[],0.977993
63912295e9183a9f8c702bb66225df24,Phan Văn Trị,10.8269605,106.6885765,10.8112469,106.6954833,1.0,50.0,,,asphalt,no,,0.02262,156.64805407407653,1.895142864338763,2,1.1608623504843818,9.0,31.0,2603101003,1,10,Weekday,20.5,30.5,0.0,0,0.6721311475409836,950.16,C,32.786885245901644,0.3328055761765632,0.41,0.32786885245901637,2030.933,510.707,521.87,[],0.734024
0601be6b859ed882ea97ee568f158edf,Phan Huy ích,10.8442903,106.6401134,10.8231377,106.6297806,1.0,50.0,,,asphalt,no,,0.031485,205.63182450716693,2.598289755641854,2,-0.0769737091737846,9.0,7.0,2603101003,1,10,Weekday,24.5,35.5,0.0,0,0.6901408450704225,917.75,C,30.98591549295775,0.38178951511472137,0.49,0.30985915492957744,3147.724,645.723,664.395,[],0.964678
758f0f674d36a6475ec7bb683ef93608,Lê Đức Thọ,10.8472382,106.6693689,10.8428373,106.6753185,1.0,50.0,,,asphalt,no,,0.010351,126.98460856287824,0.8125237247949624,5,0.1230733293667636,11.0,12.0,2603101003,1,10,Weekday,25.0,34.0,0.0,0,0.7352941176470589,836.47,B,26.470588235294112,0.11700341637047458,0.5,0.2647058823529412,835.44,186.512,195.951,[],0.971021
ba4903aed055bfbb3e0fa9242f88926c,Cầu vượt Ngã tư Hàng Xanh,10.8012395,106.7098827,10.8010524,106.7094146,1.0,50.0,,,asphalt,no,,0.000655,247.85814774414783,0.0552166857034823,3,0.0,5.0,5.0,2603101003,1,10,Weekday,42.0,45.5,0.0,0,0.9230769230769231,498.46,A,7.692307692307687,0.0047328587745841975,0.84,0.07692307692307693,1498.406,161.208,151.886,[],0.963774
beb72a2cfa3817e8ac8f13da3f0951b7,Quốc Lộ 1,10.7047068,106.597382,10.7045783,106.5973319,1.0,50.0,,,asphalt,no,,0.000179,200.96176212321097,0.0152337685678206,4,0.0,6.0,6.0,2603101003,1,10,Weekday,28.0,41.0,0.0,0,0.6829268292682927,930.73,C,31.707317073170728,0.00195862738729122,0.56,0.3170731707317073,15.307,1.623,1.623,[],0.979471
3b1dafb6ae9c3305f6a35706e80af864,Hai Bà Trưng,10.7756896,106.7060815,10.7914566,106.6874653,1.0,50.0,,,asphalt,no,,0.034383,310.76885525429253,2.680842697454365,2,1.0071460002348611,6.0,33.0,2603101003,1,10,Weekday,20.0,32.5,0.0,0,0.6153846153846154,1052.31,C,38.46153846153846,0.48255168554178574,0.4,0.38461538461538464,2691.94,779.832,757.258,[],0.98079
2e3cc70791522bc368a202f945597c97,Xa Lộ Hà Nội,10.8310841,106.7636119,10.8167282,106.757767,1.0,50.0,,,asphalt,no,,0.020201,201.7969806045108,1.7117583918834094,5,-1.2268086489060044,29.0,8.0,2603101003,1,10,Weekday,43.0,50.0,0.0,0,0.86,612.0,B,14.000000000000002,0.14331000490186682,0.86,0.14,7386.246,741.98,748.193,[],0.00808
17749bd0352f4a16ca94f60978992bf4,Hẻm 341 Lạc Long Quân,10.7691266,106.6405885,10.7684973,106.6414568,1.0,50.0,,,asphalt,no,,0.001498,126.41766602834042,0.1177464332069316,3,0.0,24.0,24.0,2603101003,1,10,Weekday,22.0,30.0,0.0,0,0.7333333333333333,840.0,B,26.66666666666667,0.019267598161134263,0.44,0.26666666666666666,147.752,37.652,53.687,[],0.690336
c79e211f70eccbf9c5834a86b875367e,An Phú Đông 3,10.8547157,106.7063222,10.8547574,106.7068791,1.0,50.0,,,asphalt,no,,0.000599,85.63998350174734,0.0610662997620373,3,0.0,25.0,25.0,2603101003,1,10,Weekday,33.0,48.0,0.0,0,0.6875,922.5,C,31.25,0.006661778155858615,0.66,0.3125,58.66,9.606,9.606,[],0.980207
bb259e616f06ef8c507c6b087dadc63e,Nguyễn Bỉnh Khiêm,10.7919424,106.6999228,10.7886038,106.7035492,1.0,50.0,,,asphalt,no,,0.006965,133.14315325137852,0.5419108906804024,2,0.184532183648208,15.0,16.0,2603101003,1,10,Weekday,18.0,33.0,0.0,0,0.5454545454545454,1178.18,C,45.45454545454546,0.10838217813608049,0.36,0.45454545454545453,543.413,133.727,132.489,[],0.984342
4c6fa1feb7bf68d7cde9f86a84e33c69,Nguyễn Cư Trinh,10.7646953,106.6921459,10.7639667,106.6902673,1.0,50.0,,,asphalt,no,,0.002607,248.45662255873688,0.220709472169753,3,-1.3592529448362902,11.0,8.0,2603101003,1,10,Weekday,27.0,27.0,0.0,0,1.0,360.0,A,0.0,0.029427929622633735,0.54,0.0,240.436,53.655,60.945,[],0.772044
fe84f77da96da5828f4d4bc487679148,Phường 10,10.7681682,106.6677962,10.7681682,106.6677962,1.0,50.0,,,asphalt,no,,0.0,0.0,0.0,2,0.0,20.0,20.0,2603101003,1,10,Weekday,18.0,33.0,0.0,0,0.5454545454545454,1178.18,C,45.45454545454546,0.0,0.36,0.45454545454545453,0.0,0.0,0.0,[],0.0
c742b494ea61db44309ba54420f04662,Cầu vượt Thủ Đức,10.8620872,106.7959178,10.8622393,106.7945633,1.0,50.0,,,asphalt,no,,0.001507,276.52305407659696,0.149050926444845,3,-0.67091162990526,32.0,31.0,2603101003,1,10,Weekday,37.0,37.0,0.0,0,1.0,360.0,A,0.0,0.014502252302741676,0.74,0.0,743.732,81.175,88.947,[],0.0
0d75079eb78984f37854f4810843277e,Cầu Công Lý,10.7910679,106.6825988,10.7921893,106.681367,1.0,50.0,,,asphalt,no,,0.002353,312.8233983169923,0.1831234990905914,4,0.0,28.0,28.0,2603101003,1,10,Weekday,21.0,33.0,0.0,0,0.6363636363636364,1014.55,C,36.36363636363637,0.031392599844101386,0.42,0.36363636363636365,182.508,23.465,23.465,[],0.97196
ea14fc6b6273dcb810b2b2df002c6e95,Hồ Xuân Hương,10.7752936,106.6864011,10.7756788,106.6867311,1.0,50.0,,,asphalt,no,,0.000715,40.08366449311672,0.0558397871177959,1,0.0,16.0,16.0,2603101003,1,10,Weekday,16.0,31.0,0.0,0,0.5161290322580645,1230.97,C,48.38709677419355,0.012563952101504077,0.32,0.4838709677419355,57.152,12.105,12.105,[],0.979886
19572d98f7efdf320e9828c856d5b4c9,Nguyễn Phúc Nguyên,10.7805493,106.6792239,10.7820636,106.6789157,1.0,50.0,,,asphalt,no,,0.001822,348.6937433762716,0.1708593210373853,1,0.5852768195076651,14.0,15.0,2603101003,1,10,Weekday,16.0,31.0,0.0,0,0.5161290322580645,1230.97,C,48.38709677419355,0.03844334723341169,0.32,0.4838709677419355,254.789,46.365,54.38,[],0.0
c95548f592ae75b176d1b311b379afb2,Tô Ký,10.8876775,106.6024445,10.8527736,106.6262305,1.0,50.0,,,asphalt,no,,0.05869,146.2056015086905,4.655054258530311,4,0.4081585078236803,14.0,33.0,2603101003,1,10,Weekday,27.0,36.0,0.0,0,0.75,810.0,B,25.0,0.6206739011373748,0.54,0.25,4877.572,727.724,735.005,[],0.893711
ee3a62132d60650c698f951d336fd4f7,Lạc Long Quân,10.767159,106.6426234,10.7742613,106.6477025,1.0,50.0,,,asphalt,no,,0.012181,35.088945628055626,0.9621676908981622,2,-1.8707757670804137,24.0,6.0,2603101003,1,10,Weekday,19.5,31.0,0.0,0,0.6290322580645161,1027.74,C,37.096774193548384,0.17763095831966072,0.39,0.3709677419354839,966.297,149.953,151.614,[],0.980361
bbe60f9a46cf61aed393aa19886c8fe9,Trường Chinh,10.8339258,106.6206709,10.83315,106.6211617,1.0,50.0,,,asphalt,no,,0.001267,148.1447052203863,0.101214190878709,4,0.9880037486031564,8.0,9.0,2603101003,1,10,Weekday,26.0,36.0,0.0,0,0.7222222222222222,860.0,B,27.77777777777778,0.014014272583205862,0.52,0.2777777777777778,101.706,11.811,11.811,[],0.980621
23f1e96430b534bcdc0d50fdcea09831,Công Trường Quốc Tế,10.7829947,106.6962159,10.7826997,106.6955259,1.0,50.0,,,asphalt,no,,0.000985,246.48038755953385,0.0822158710173699,5,-1.216310169345196,33.0,32.0,2603101003,1,10,Weekday,15.5,27.0,0.0,0,0.5740740740740741,1126.67,C,42.592592592592595,0.01909529907500204,0.31,0.42592592592592593,91.249,21.914,23.02,[],0.168914
3bdb36a60fa322461bec90c08819e711,Đường Nguyễn Thái Học,10.7610014,106.7004904,10.7610792,106.7004391,2.0,50.0,,primary,asphalt,yes,,0.000129,327.0653464589302,0.0102732823484101,5,0.0,16.0,16.0,2603101003,1,10,Weekday,15.0,25.0,0.0,0,0.6,2160.0,C,40.0,0.0024655877636184237,0.3,0.4,10.227,2.63,2.63,[],0.967309
3ea305cbef3167c345c81b93932e4cf8,Nguyễn Thái Sơn,10.8177209,106.6814029,10.819754,106.683148,1.0,50.0,,,asphalt,no,,0.003778,40.13367616938069,0.2949440808696169,5,1.3561892777120153,23.0,27.0,2603101003,1,10,Weekday,25.0,33.0,0.0,0,0.7575757575757576,796.36,B,24.242424242424242,0.04247194764522483,0.5,0.24242424242424243,793.671,232.24,337.96,[],0.982091
a8358e6b21b29c958798a96d7ac8e39c,Bùi Thị Xuân,10.7984947,106.6626344,10.7979599,106.6628737,1.0,50.0,,,asphalt,no,,0.000774,156.27286120240217,0.0646862049455122,5,-1.5459246694752615,15.0,14.0,2603101003,1,10,Weekday,23.0,37.0,0.0,0,0.6216216216216216,1041.08,C,37.83783783783784,0.010124797295819301,0.46,0.3783783783783784,60.832,15.642,15.642,[],0.944312
d1d0298f9bbffc8d2c987d94ff5eddcd,Phan Đình Phùng,10.7942586,106.6839488,10.7991177,106.6803031,1.0,50.0,,,asphalt,no,,0.008505,323.61007014246354,0.6692140926114495,5,0.2988580219814968,32.0,34.0,2603101003,1,10,Weekday,18.5,30.0,0.0,0,0.6166666666666667,1050.0,C,38.33333333333333,0.1302254450487145,0.37,0.38333333333333336,689.712,177.106,180.331,[],0.95264
79e19c1649105ef8ca20fbe1590908a4,Nguyễn Văn Bá (nối dài),10.8603829,106.7908151,10.8599603,106.7901143,1.0,50.0,,,asphalt,no,,0.001123,238.449213101108,0.0897577618321539,3,-1.1141097767901005,25.0,24.0,2603101003,1,10,Weekday,42.0,48.0,0.0,0,0.875,585.0,B,12.5,0.007693522442756049,0.84,0.125,89.193,10.386,10.476,[],0.969093
c4f2bb74f9ed301a1aae531425440447,Bạch Đằng,10.8033698,106.7048266,10.8139316,106.6656805,1.0,50.0,,,asphalt,no,,0.049708,285.3627530997404,4.43746787089511,4,0.0225353744318667,32.0,33.0,2603101003,1,10,Weekday,20.0,32.0,0.0,0,0.625,1035.0,C,37.5,0.7987442167611197,0.4,0.375,5361.085,1055.885,1079.966,[],0.147657
1b5b958c37a611a63e7132e95820b427,Hải Thượng Lãn Ông,10.7507545,106.6545334,10.7504376,106.6601575,1.5,50.0,,tertiary,asphalt,yes,,0.005941,93.2819891592531,0.6161529738234562,2,0.9737841501872156,19.0,25.0,2603101003,1,10,Weekday,16.0,25.5,0.0,0,0.6274509803921569,1545.88,C,37.254901960784316,0.13863441911027766,0.32,0.37254901960784315,623.076,148.533,147.418,[],0.980632
68e23e96f6b84cac9780535768db6eed,Hiệp Bình,10.8374629,106.7327377,10.8450502,106.7284891,1.0,50.0,,,asphalt,no,,0.011836,331.19101880378616,0.9592580001251936,3,-2.7104282681621337,34.0,8.0,2603101003,1,10,Weekday,32.0,42.0,0.0,0,0.7619047619047619,788.57,B,23.809523809523814,0.10791652501408427,0.64,0.23809523809523808,1029.864,208.348,214.588,[],0.635962
b8069a7f32571a0668f406ccbc79345e,Tân Sơn Nhì,10.80264,106.6353988,10.8028848,106.636066,1.0,50.0,,,asphalt,no,,0.000912,69.51796882254501,0.0778272034292434,3,1.284897768309444,22.0,23.0,2603101003,1,10,Weekday,20.0,34.0,0.0,0,0.5882352941176471,1101.18,C,41.17647058823529,0.014008896617263813,0.4,0.4117647058823529,78.742,30.331,30.462,[],0.980924
f0b893d556fe9601f4799f4ef12eeefe,Cầu vượt Ngã tư Thủ Đức,10.8499117,106.7747696,10.8478386,106.7730798,1.0,50.0,,,asphalt,no,,0.003763,218.6788080705101,0.2944886163656828,2,-1.0187150990837397,28.0,25.0,2603101003,1,10,Weekday,43.0,50.0,0.0,0,0.86,612.0,B,14.000000000000002,0.02465486090503391,0.86,0.14,3514.723,320.836,310.399,[],0.984431
007f9819226a33e189c30b686ee15949,Quốc lộ 22,10.8575697,106.6057733,10.86564,106.6000503,1.0,50.0,,,asphalt,no,,0.013793,325.14567172672884,1.0901568203683385,4,0.2751897657243818,17.0,20.0,2603101003,1,10,Weekday,37.0,45.0,0.0,0,0.8222222222222222,680.0,B,17.777777777777782,0.10606931225205457,0.74,0.17777777777777778,1094.794,132.968,126.473,[],0.980296
85e4979960e7c7c1b78ee51016b220a5,Huỳnh Văn Bánh,10.7958652,106.681914,10.7918192,106.6716163,1.0,50.0,,,asphalt,no,,0.014344,248.2005445839936,1.2118524376601991,2,-1.15525616526635,31.0,17.0,2603101003,1,10,Weekday,18.0,31.0,0.0,0,0.5806451612903226,1114.84,C,41.93548387096774,0.24237048753203982,0.36,0.41935483870967744,1358.56,304.736,328.152,[],0.17065
f3bd3e0952b04e44f2390f3158e257d0,Lê Văn Sỹ,10.7970292,106.6645994,10.7889674,106.675853,1.0,50.0,,,asphalt,no,,0.019315,126.10131954585783,1.5198342433510048,5,0.1315932976737188,16.0,18.0,2603101003,1,10,Weekday,17.0,31.5,0.0,0,0.5396825396825397,1188.57,C,46.03174603174603,0.32184725153315397,0.34,0.4603174603174603,1521.771,343.481,347.653,[],0.97931
a0f9b336cdde1225f168a0c44bf80a06,Cầu Trường Đai,10.8600761,106.6505875,10.860121,106.650645,1.0,50.0,,,asphalt,no,,0.000102,51.51143870382958,0.0080120396496919,4,0.0,5.0,5.0,2603101003,1,10,Weekday,33.0,48.0,0.0,0,0.6875,922.5,C,31.25,0.0008740406890572982,0.66,0.3125,1125.487,174.988,189.353,[],0.0
8eadd9c93eee0f384dceac1a31c39d35,Võ Văn Ngân,10.8497041,106.7710929,10.8496933,106.7715732,1.0,50.0,,,asphalt,no,,0.000491,91.31152474448707,0.0525308125415201,4,0.0,25.0,25.0,2603101003,1,10,Weekday,42.0,48.0,0.0,0,0.875,585.0,B,12.5,0.004502641074987437,0.84,0.125,48.543,9.198,9.198,[],0.983949
0ba552a3c2f0087ed6e8e2aea0968a05,Hậu Giang,10.7453991,106.6239247,10.745339,106.6240715,1.0,50.0,,,asphalt,no,,0.000207,112.62183552665716,0.01737877362657,1,5.754145956945546,13.0,14.0,2603101003,1,10,Weekday,24.0,35.0,0.0,0,0.6857142857142857,925.71,C,31.428571428571427,0.0026068160439855002,0.48,0.3142857142857143,20.135,4.846,4.846,[],0.967842
ce4327b3f6072e0dbf5eb07c335a2423,Vũ Huy Tấn,10.7959469,106.6927346,10.7956893,106.6961219,1.0,50.0,,,asphalt,no,,0.003645,94.4266350762673,0.3715364271563069,3,1.076610449913484,12.0,16.0,2603101003,1,10,Weekday,18.0,32.0,0.0,0,0.5625,1147.5,C,43.75,0.07430728543126139,0.36,0.4375,367.171,98.854,103.364,[],0.980501
51e315913bf3e64b6750e535df7ea2f3,Cầu vượt Ngã Tư Ga,10.8629755,106.6803378,10.8591758,106.6799122,1.0,50.0,,,asphalt,no,,0.004225,186.2774757424584,0.4228671556435677,5,6.148503058940631,7.0,33.0,2603101003,1,10,Weekday,25.0,34.0,0.0,0,0.7352941176470589,836.47,B,26.470588235294112,0.060892870412673744,0.5,0.2647058823529412,425.733,51.09,51.09,[],0.980805
095ad12d2a69e3d431676f5d00db8a29,Tân Thuận,10.764817,106.7500323,10.7644644,106.749763,1.0,50.0,,,asphalt,no,,0.000622,216.88146969883223,0.0488745342250614,3,-2.0460553043740908,9.0,8.0,2603101003,1,10,Weekday,45.0,45.0,0.0,0,1.0,360.0,A,0.0,0.003909962738004912,0.9,0.0,55.811,11.322,88.114,[],0.985733
dc3818d87383c460ac88e73daec72fbe,Cầu vượt Cây Gõ,10.7544547,106.6400826,10.7538631,106.6457375,1.0,50.0,,,asphalt,no,,0.006246,96.0778497772402,0.6219687125309522,3,0.643119166512888,9.0,13.0,2603101003,1,10,Weekday,24.0,35.0,0.0,0,0.6857142857142857,925.71,C,31.428571428571427,0.09329530687964284,0.48,0.3142857142857143,626.092,72.939,72.997,[],0.980229
2a560a0bd3463490f2e2c465fb77b055,Huỳnh Thiện Lộc,10.7803932,106.6363843,10.7789563,106.6401733,1.0,50.0,,,asphalt,no,,0.005226,111.10830676981236,0.443830112088922,2,0.4506228724740734,31.0,33.0,2603101003,1,10,Weekday,20.5,32.0,0.0,0,0.640625,1006.87,C,35.9375,0.07794089773268874,0.41,0.359375,447.202,107.359,109.128,[],0.985221
a055a83d88a493b85b2c98528111f650,Lăng Cha Cả,10.8006191,106.6610875,10.8003982,106.6611458,1.0,50.0,,,asphalt,no,,0.000279,165.46629789265057,0.0252525869655835,1,0.0,16.0,16.0,2603101003,1,10,Weekday,24.5,35.0,0.0,0,0.7,900.0,B,30.000000000000004,0.0037105842071877794,0.49,0.3,99.087,41.312,41.869,[],0.0
e380c78f707437fc909242b77223c5c3,Đường số 18B,10.7796339,106.5996935,10.7796381,106.5996261,1.0,50.0,,,asphalt,no,,7.2e-05,273.6296383576367,0.0073860236587901,1,0.0,23.0,23.0,2603101003,1,10,Weekday,24.0,34.0,0.0,0,0.7058823529411765,889.41,B,29.411764705882348,0.001107903548818515,0.48,0.29411764705882354,7.34,1.391,1.391,[],0.972146
1522e9e000a9027d9582481c644bf9f7,Phạm Văn Đồng,10.8367273,106.7316781,10.8316231,106.7254178,1.0,50.0,,,asphalt,no,,0.011364,230.30367280069,0.8873431738469959,5,-1.2396556737243491,32.0,21.0,2603101003,1,10,Weekday,32.0,42.0,0.0,0,0.7619047619047619,788.57,B,23.809523809523814,0.09982610705778704,0.64,0.23809523809523808,889.357,83.375,83.849,[],0.980004
effeb9ef423badbcb38fb35e6244d543,Quách Thị Trang,10.7130085,106.8474689,10.7086939,106.8475454,1.0,50.0,,,asphalt,no,,0.004391,179.00191034112288,0.477322659252113,4,-1.0475094578233908,25.0,20.0,2603101003,1,10,Weekday,41.0,45.5,0.0,0,0.9010989010989011,538.02,A,9.890109890109889,0.04191125788555138,0.82,0.0989010989010989,482.813,42.702,42.798,[],0.979854
ab78c1a3514ea5c67317dbb2ee112fe9,Đường Ðiện Biên Phủ,10.790616,106.6975675,10.7905389,106.6976523,1.0,50.0,,,asphalt,no,,0.000162,132.7862235207628,0.0125991989935558,2,0.0,12.0,12.0,2603101003,1,10,Weekday,42.0,45.5,0.0,0,0.9230769230769231,498.46,A,7.692307692307687,0.001079931342304783,0.84,0.07692307692307693,19.78,12.049,11.739,[],0.409315
dde9586f3c1888aaba6c91fc8ec11ec1,Ấp Bắc,10.7997419,106.6413422,10.8000771,106.6415662,1.0,50.0,,,asphalt,no,,0.000559,33.28172563664839,0.0444391506122937,1,2.250268032178268,25.0,26.0,2603101003,1,10,Weekday,20.0,34.0,0.0,0,0.5882352941176471,1101.18,C,41.17647058823529,0.007999047110212865,0.4,0.4117647058823529,45.246,10.877,11.073,[],0.977675
52b178c7b399b7c542dfef7654a82b37,Mạc Cửu,10.750597,106.6592038,10.7506107,106.6592357,1.0,50.0,,,asphalt,no,,4.6e-05,66.38795500902938,0.003804042828711,2,0.0,24.0,24.0,2603101003,1,10,Weekday,18.0,29.0,0.0,0,0.6206896551724138,1042.76,C,37.93103448275862,0.0007608085657422,0.36,0.3793103448275862,7.267,2.181,2.181,[],0.068208
5b019332e6114b8ae49c3362815db79b,Trần Văn Quang,10.7795043,106.6499053,10.779603,106.6486116,1.0,50.0,,residential,asphalt,no,,0.001392,274.4409829773384,0.1419099096547796,2,-0.7046724238164008,13.0,12.0,2603101003,1,10,Weekday,19.5,31.0,0.0,0,0.6290322580645161,1027.74,C,37.096774193548384,0.026198752551651616,0.39,0.3709677419354839,140.101,33.628,34.024,[],0.959619
7bc30df6b84e52e3c1f49f4fcee90763,Phạm Hữu Lầu,10.7045223,106.7321155,10.7045223,106.7321155,1.0,50.0,,,asphalt,no,,0.0,0.0,0.0,1,0.0,21.0,21.0,2603101003,1,10,Weekday,35.0,41.0,0.0,0,0.8536585365853658,623.41,B,14.634146341463417,0.0,0.7,0.14634146341463414,0.0,0.0,0.0,[],0.0
d732efee46606ea1b17a47a594fb8a0c,Tô Ký,10.8527736,106.6262305,10.8661857,106.6159466,1.0,50.0,,,asphalt,no,,0.023696,323.0200582676662,1.8615321358457129,5,-1.4504181518055623,33.0,6.0,2603101003,1,10,Weekday,26.0,36.0,0.0,0,0.7222222222222222,860.0,B,27.77777777777778,0.257750603424791,0.52,0.2777777777777778,3772.149,575.03,575.736,[],0.0
31ff27ee9f18e0a23f605cd79eb16bb3,Nguyễn Chí Thanh,10.7584006,106.6614527,10.7595294,106.6669516,1.0,50.0,,,asphalt,no,,0.006628,78.19731086621476,0.6142680725154358,2,-3.907088952502396,34.0,10.0,2603101003,1,10,Weekday,15.5,26.0,0.0,0,0.5961538461538461,1086.92,C,40.38461538461539,0.14266871361648834,0.31,0.40384615384615385,615.146,144.878,145.96,[],0.973801
309416b616752c1e32c69af3a4c8917d,Nguyễn Hồng Đào,10.7924125,106.6418466,10.7926149,106.6419251,1.0,50.0,,,asphalt,no,,0.000281,20.85610906975592,0.0239777030947264,3,0.0,18.0,18.0,2603101003,1,10,Weekday,19.0,31.0,0.0,0,0.6129032258064516,1056.77,C,38.70967741935484,0.0045431437442639494,0.38,0.3870967741935484,23.366,8.476,8.476,[],0.889782
e43538d8c2cafb6c92cd81166c383ffd,Lãnh Binh Thăng,10.7653269,106.6464629,10.7632537,106.6503161,1.0,50.0,,,asphalt,no,,0.005926,118.70843005344028,0.4797904256831437,3,0.4168486682810154,26.0,28.0,2603101003,1,10,Weekday,24.0,29.0,0.0,0,0.8275862068965517,670.34,B,17.24137931034483,0.07196856385247155,0.48,0.1724137931034483,497.624,106.438,99.339,[],0.984344
956280fad4dc9b188c4600632250573e,Hoàng Văn Thụ,10.7999559,106.6710835,10.8002636,106.6676731,1.0,50.0,,,asphalt,no,,0.003718,275.2482681988244,0.3745129401146804,1,-0.8010404124037378,25.0,22.0,2603101003,1,10,Weekday,20.0,32.0,0.0,0,0.625,1035.0,C,37.5,0.06741232922064247,0.4,0.375,374.469,59.717,61.26,[],0.980226
90498184b9db90ea772a2c8b99234878,Lê Văn Khương,10.8619111,106.6498425,10.8621838,106.6494524,1.0,50.0,,,asphalt,no,,0.000663,305.44346474629566,0.0522412488042911,4,1.9141962010637443,5.0,6.0,2603101003,1,10,Weekday,30.0,47.5,0.0,0,0.631578947368421,1023.16,C,36.8421052631579,0.006268949856514932,0.6,0.3684210526315789,271.281,65.234,63.199,[],0.00062
ab2c4555571dab5a5fb56672015ee2fe,Quốc lộ 1,10.7226708,106.6008754,10.8684975,106.7794278,1.0,50.0,,,asphalt,no,,0.324379,50.24210654666382,25.327600544924096,1,-0.0197413094506579,27.0,22.0,2603101003,1,10,Weekday,29.0,43.0,0.0,0,0.6744186046511628,946.05,C,32.55813953488372,3.144115929714715,0.58,0.32558139534883723,31189.645,3406.062,3371.826,[],
3d4e866d3bc5c188f49992bb3a26fed2,Tô Hiệu,10.7723432,106.6271541,10.7732289,106.6274402,1.0,50.0,,,asphalt,no,,0.001172,17.605687466702534,0.1028457116995436,3,0.9723302833679912,14.0,15.0,2603101003,1,10,Weekday,22.0,30.0,0.0,0,0.7333333333333333,840.0,B,26.66666666666667,0.016829298278107134,0.44,0.26666666666666666,101.91,20.461,21.954,[],0.97532
ab5324396a6dc13b932dac13aac14dac,Hoà Hưng,10.7780404,106.6712231,10.7800043,106.676489,1.0,50.0,,,asphalt,no,,0.00723,69.21048042769115,0.6155291106173068,3,-3.736622623247433,34.0,11.0,2603101003,1,10,Weekday,19.0,32.5,0.0,0,0.5846153846153846,1107.69,C,41.53846153846153,0.1166265683274897,0.38,0.4153846153846154,615.542,135.625,139.488,[],0.979517
949aedf36205bae2a02199956ab9e470,Ngô Gia Tự,10.7565017,106.6664916,10.7615444,106.670086,1.0,50.0,,primary,asphalt,yes,,0.008637,35.001780382784204,0.6824116574573804,3,1.3188520303907747,7.0,16.0,2603101003,1,10,Weekday,29.0,38.0,0.0,0,0.7631578947368421,786.32,B,23.684210526315784,0.08471317127057136,0.58,0.23684210526315788,712.909,142.296,147.703,[],0.98417
d519d510f092a4abf0a1500a25695c64,Phạm Văn Đồng,10.8344857,106.7294684,10.8156051,106.6818266,1.0,50.0,,,asphalt,no,,0.066522,248.03123060451128,5.612718935005804,2,-0.1247167385550326,28.0,21.0,2603101003,1,10,Weekday,33.0,43.0,0.0,0,0.7674418604651163,778.6,B,23.25581395348837,0.6122966110915423,0.66,0.23255813953488372,6720.5,720.66,707.554,[],0.116488
cfc1d8a13eb70ffc6d5cf19f6e2839df,Tô Hiến Thành,10.7768372,106.664107,10.7797849,106.6679193,1.0,50.0,,,asphalt,no,,0.00676,51.7935867020941,0.5292964057174593,1,1.1335803408426746,25.0,31.0,2603101003,1,10,Weekday,20.0,30.0,0.0,0,0.6666666666666666,960.0,C,33.333333333333336,0.09527335302914268,0.4,0.3333333333333333,535.565,135.87,137.482,[],0.974403
92a17ad1350b0cfcec303e7ff62e9253,Ngã Sáu Nguyễn Tri Phương,10.7598992,106.6687226,10.7599392,106.6687397,1.0,50.0,,,asphalt,no,,5.7e-05,22.781611919971223,0.0048035866224848,3,0.0,12.0,12.0,2603101003,1,10,Weekday,24.0,35.0,0.0,0,0.6857142857142857,925.71,C,31.428571428571427,0.0007205379933727201,0.48,0.3142857142857143,125.186,60.254,64.18,[],0.0
541049ab7793d155f754a28632b82bfd,Đặng Nguyên Cẩn,10.7534511,106.6316452,10.7563978,106.6332036,1.0,50.0,,,asphalt,no,,0.004505,27.455024173029244,0.3678221606739447,5,1.3593525715902255,29.0,34.0,2603101003,1,10,Weekday,23.0,34.5,0.0,0,0.6666666666666666,960.0,C,33.333333333333336,0.05757216427940004,0.46,0.3333333333333333,390.378,115.025,122.637,[],0.871108
f2b9e01aa16f341cced2e96d0714ff2f,Phạm Phú Thứ,10.7444878,106.6438571,10.7897886,106.6466566,1.0,50.0,,,asphalt,no,,0.0481,3.473903836053239,5.020205244633848,5,-0.2390340517019085,32.0,20.0,2603101003,1,10,Weekday,26.5,36.5,0.0,0,0.726027397260274,853.15,B,27.397260273972602,0.6819901464408247,0.53,0.273972602739726,5956.18,1252.214,1282.588,[],0.024868
9e0cf64a0c081b39123a6df04e7d0521,3 Tháng 2,10.766037,106.6639913,10.7580658,106.6494435,1.0,50.0,,,asphalt,no,,0.022519,240.8511286794635,1.8191211386466224,4,0.4397728018240603,14.0,22.0,2603101003,1,10,Weekday,23.0,32.5,0.0,0,0.7076923076923077,886.15,B,29.230769230769226,0.28473200430990614,0.46,0.2923076923076923,1871.058,416.245,416.404,[],0.98038
3ea305cbef3167c345c81b93932e4cf8,Nguyễn Thái Sơn,10.8145897,106.6790274,10.8177209,106.6814029,1.0,50.0,,,asphalt,no,,0.005507,36.6924035116682,0.4329453985465218,1,1.154880041868081,18.0,23.0,2603101003,1,10,Weekday,25.0,33.0,0.0,0,0.7575757575757576,796.36,B,24.242424242424242,0.06234413739069914,0.5,0.24242424242424243,753.57,201.814,899.508,[],0.98003
413e109f5978d8f37bd40bd818e0401a,Trần Quốc Thảo,10.7815324,106.6881451,10.7799599,106.689846,1.0,50.0,,,asphalt,no,,0.003273,133.26245667038938,0.2546752288420123,3,-0.3926569555063989,24.0,23.0,2603101003,1,10,Weekday,18.5,28.5,0.0,0,0.6491228070175439,991.58,C,35.08771929824561,0.049558422909797,0.37,0.3508771929824561,255.436,57.762,61.865,[],0.980357
ba81ae121da65d6eefde7171c47aedfa,Nguyễn Kim,10.7605205,106.6623843,10.7556227,106.6633772,1.0,50.0,,,asphalt,no,,0.005891,168.73622533959465,0.5525377059524778,2,4.7055612168911765,7.0,33.0,2603101003,1,10,Weekday,23.0,35.0,0.0,0,0.6571428571428571,977.14,C,34.285714285714285,0.08648416267082261,0.46,0.34285714285714286,877.188,249.153,248.884,[],0.98094
d8e73a0a5d9a67a181e31ed261d77952,Xuân Thới 15,10.8691692,106.5938542,10.8689519,106.5939939,1.0,50.0,,,asphalt,no,,0.000357,147.733433764835,0.0284788948182933,5,-3.5113722157422105,17.0,16.0,2603101003,1,10,Weekday,41.0,47.0,0.0,0,0.8723404255319149,589.79,B,12.765957446808507,0.0025005858864842897,0.82,0.1276595744680851,28.597,5.726,5.726,[],0.979866
cfdfe5236258e46748f0b5bd4c361605,Quang Trung,10.844692,106.6397062,10.8350079,106.6634568,1.0,50.0,,,asphalt,no,,0.033435,112.54349441566605,2.8092793820169857,1,0.5339447580763722,8.0,23.0,2603101003,1,10,Weekday,26.0,36.0,0.0,0,0.7222222222222222,860.0,B,27.77777777777778,0.3889771452023519,0.52,0.2777777777777778,2974.747,524.871,525.294,[],0.972622
669adfb273da5ee10f530c17145c6cbc,Đường số 17,10.8599601,106.7899405,10.8599391,106.7903213,1.0,50.0,,,asphalt,no,,0.000402,93.21390268829292,0.0417009707169905,4,2.3980257121270383,23.0,24.0,2603101003,1,10,Weekday,42.0,48.0,0.0,0,0.875,585.0,B,12.5,0.003574368918599186,0.84,0.125,39.466,5.57,6.583,[],0.96408
ddba054645927d488ac5ce38f7733b99,Lê Hồng Phong,10.760492,106.6770991,10.7663147,106.6749228,1.0,50.0,,,asphalt,no,,0.007999,339.8376935119911,0.6866439210241753,5,0.4369076763288458,22.0,25.0,2603101003,1,10,Weekday,24.0,36.0,0.0,0,0.6666666666666666,960.0,C,33.333333333333336,0.10299658815362629,0.48,0.3333333333333333,693.74,138.903,147.292,[],0.975588
05922703e6e8034668238b7e7d28a66d,Võ Văn Kiệt,10.7186024,106.6036625,10.7581329,106.6915488,1.0,50.0,,,asphalt,no,,0.127417,65.39311200298056,10.560967233632775,4,0.0757506374465679,26.0,34.0,2603101003,1,10,Weekday,35.0,42.0,0.0,0,0.8333333333333334,660.0,B,16.666666666666664,1.0862709154593713,0.7,0.16666666666666666,13459.333,1449.751,1402.87,[],
265f3cfde64bfa120f6891ed00051bf0,Phan Xích Long,10.8015575,106.6832089,10.799015,106.6869344,1.0,50.0,,,asphalt,no,,0.006268,124.78989414005925,0.4950613408290377,4,0.2019951706035829,9.0,10.0,2603101003,1,10,Weekday,19.0,30.0,0.0,0,0.6333333333333333,1020.0,C,36.66666666666667,0.09380109615708082,0.38,0.36666666666666664,688.086,130.616,163.356,[],3.1e-05
db585c3051dd77e3cd88da25f7d29703,Đoàn Văn Bơ,10.7633776,106.7037719,10.763364,106.7038326,1.0,50.0,,,asphalt,no,,7.4e-05,102.84742296007936,0.0068072911028033,2,0.0,21.0,21.0,2603101003,1,10,Weekday,22.0,27.5,0.0,0,0.8,720.0,B,19.999999999999996,0.0011139203622769036,0.44,0.2,383.761,113.161,204.337,[],0.000174
7d7423620b02bdbc2d5f2f733f73ce30,Hai Bà Trưng,10.7916908,106.6871714,10.7821327,106.6989225,1.0,50.0,,,asphalt,no,,0.021309,129.623999703079,1.664158749157409,1,-1.6825317905624606,33.0,5.0,2603101003,1,10,Weekday,15.0,27.0,0.0,0,0.5555555555555556,1160.0,C,44.44444444444444,0.39939809979777813,0.3,0.4444444444444444,1675.965,462.0,459.161,[],0.984789
bd9be7bc6890594c19dea0d8b64f71e6,Hẻm Số 354,10.775411,106.6582765,10.7755941,106.6584192,1.0,50.0,,,asphalt,no,,0.000326,37.43813862853432,0.0255689936954097,1,0.0,18.0,18.0,2603101003,1,10,Weekday,22.0,35.0,0.0,0,0.6285714285714286,1028.57,C,37.142857142857146,0.004184017150157951,0.44,0.37142857142857144,25.648,10.168,10.168,[],0.979298
f7c0caf8bd77b349c6509b1ffaa95dff,Trung Mỹ Tây 2A,10.8471993,106.6123545,10.8472751,106.6124805,1.0,50.0,,,asphalt,no,,0.000202,58.51119574151926,0.016128028934367,3,0.0,14.0,14.0,2603101003,1,10,Weekday,39.0,46.0,0.0,0,0.8478260869565217,633.91,B,15.217391304347828,0.0014887411324031076,0.78,0.15217391304347827,16.166,3.423,3.423,[],0.981079
de3f61bf66722bfe12fa74c4e6f9ad41,Thiên Phước,10.778088,106.6555539,10.7756928,106.6532873,1.0,50.0,,,asphalt,no,,0.004662,222.911329087395,0.3628301317796972,3,-1.3780553383134937,18.0,13.0,2603101003,1,10,Weekday,16.0,31.0,0.0,0,0.5161290322580645,1230.97,C,48.38709677419355,0.08163677965043187,0.32,0.4838709677419355,364.838,62.613,65.74,[],0.982569
2cbbb6b3a0228834f79263bf3e857124,Trần Nhân Tôn,10.7633139,106.6746238,10.7664111,106.673962,1.0,50.0,,,asphalt,no,,0.003759,348.1448605117263,0.3501538054791571,3,0.5711775707429946,22.0,24.0,2603101003,1,10,Weekday,27.0,35.0,0.0,0,0.7714285714285715,771.43,B,22.857142857142854,0.04668717406388761,0.54,0.22857142857142856,350.38,86.974,89.984,[],0.973174
997d78e071529c77b516901bdfd5ec4b,Xa Lộ Hà Nội,10.8685319,106.804085,10.8752397,106.810076,1.0,50.0,,,asphalt,no,,0.012699,41.2537179636285,0.989738402191124,4,1.313478386937403,17.0,30.0,2603101003,1,10,Weekday,43.0,56.0,0.0,0,0.7678571428571429,777.86,B,23.214285714285708,0.08286181971832665,0.86,0.23214285714285715,6443.854,730.222,766.187,[],
2016fae29720e80048b5a8d7ea8a84a8,Tân Vĩnh,10.7564549,106.7023549,10.757461,106.7015563,1.0,50.0,,,asphalt,no,,0.001805,322.05261433175525,0.141472912061452,1,0.0,13.0,13.0,2603101003,1,10,Weekday,25.0,33.0,0.0,0,0.7575757575757576,796.36,B,24.242424242424242,0.020372099336849084,0.5,0.24242424242424243,140.881,31.719,37.298,[],0.983263
f9534a14ca55def329c3d76ef4b88a70,Vòng xoay Dương Bá Trạc,10.7388523,106.6893329,10.738675,106.6895522,1.0,50.0,,,asphalt,no,,0.000397,129.45070100061974,0.0309842353716211,1,0.0,12.0,12.0,2603101003,1,10,Weekday,23.0,31.0,0.0,0,0.7419354838709677,824.52,B,25.806451612903224,0.004849706405992868,0.46,0.25806451612903225,35.26,13.244,15.976,[],0.669929
b21b9defc7b6a2819b3490e827421fde,Cầu Kênh B,10.7447939,106.5384069,10.7446677,106.5386627,1.0,50.0,,,asphalt,no,,0.000382,116.66386873854412,0.0312684780260041,4,0.0,17.0,17.0,2603101003,1,10,Weekday,46.0,46.0,0.0,0,1.0,360.0,A,0.0,0.002447098280295973,0.92,0.0,31.304,8.721,8.721,[],0.980244
0ab89b0cbb7852e76760887f26a0f538,Phú Châu,10.8628859,106.7448654,10.8658949,106.7473789,1.0,50.0,,,asphalt,no,,0.005523,39.363675215942976,0.4316315659597421,4,1.3900744229998263,11.0,17.0,2603101003,1,10,Weekday,29.5,44.5,0.0,0,0.6629213483146067,966.74,C,33.70786516853933,0.052673682625595644,0.59,0.33707865168539325,435.909,88.402,92.769,[],0.98587
70c4bc5a0849c2df4cb224daea730d5a,Vòng xoay An Lạc,10.7237483,106.6010824,10.7238063,106.6010908,1.0,50.0,,,asphalt,no,,6.6e-05,8.098718386147482,0.0064810057775018,1,0.0,29.0,29.0,2603101003,1,10,Weekday,41.0,53.0,0.0,0,0.7735849056603774,767.55,B,22.64150943396226,0.0005690639219269873,0.82,0.22641509433962265,204.282,58.914,59.889,[],0.976967
b99d1ebd5f548dc07398b33076af0e66,Nguyễn Xiển,10.8592096,106.8363216,10.8837836,106.8346037,1.0,50.0,,,asphalt,no,,0.026292,356.0728217750798,2.7247047036497385,4,0.8074269468735833,10.0,32.0,2603101003,1,10,Weekday,30.0,35.5,0.0,0,0.8450704225352113,638.87,B,15.492957746478876,0.3269645644379686,0.6,0.15492957746478872,3019.199,437.514,451.107,[],0.244598
49ecdc5552ce5a28149992c19a4c4a1d,Phạm Thế Hiển,10.7404244,106.6548139,10.7508219,106.6874216,1.0,50.0,,,asphalt,no,,0.043005,72.01572620446262,3.747481819562808,4,0.346899614886367,9.0,22.0,2603101003,1,10,Weekday,35.0,35.0,0.0,0,1.0,360.0,A,0.0,0.3854552728693174,0.7,0.0,3808.147,633.347,652.259,[],0.974848
3c45cb822d65c8e4e3364f4e7b3ae167,Đường Số 354/15 Đướng Lý Thường Kiêt,10.7760663,106.6587872,10.7760663,106.6587872,1.0,50.0,,,asphalt,no,,0.0,0.0,0.0,4,0.0,19.0,19.0,2603101003,1,10,Weekday,22.0,35.0,0.0,0,0.6285714285714286,1028.57,C,37.142857142857146,0.0,0.44,0.37142857142857144,0.0,0.0,0.0,[],0.0
ea055712dcc767bdcd57ebca88d87b65,Nguyễn Văn Luông,10.7357509,106.6337889,10.7485677,106.6353149,1.0,50.0,,,asphalt,no,,0.014343,6.671768810090441,1.4274952021471248,5,1.0507916227976244,13.0,28.0,2603101003,1,10,Weekday,29.5,38.5,0.0,0,0.7662337662337663,780.78,B,23.376623376623375,0.1742028043298186,0.59,0.23376623376623376,1469.085,224.026,229.73,[],0.961916
524857f06019efbf0d456424d0ab340a,Hẻm 200C Xóm Chiếu,10.7550068,106.7100356,10.7550302,106.710014,1.0,50.0,,,asphalt,no,,4.5e-05,317.79630523537844,0.0035044415844618,5,0.0,20.0,20.0,2603101003,1,10,Weekday,30.0,35.0,0.0,0,0.8571428571428571,617.14,B,14.28571428571429,0.000420532990135416,0.6,0.14285714285714285,0.0,0.0,0.0,[],0.982377
d18072f177d6608c95ab07b28340de09,Lý Thường Kiệt,10.7738791,106.6572154,10.7820115,106.6549226,1.0,50.0,,,asphalt,no,,0.010425,344.5195857560881,0.9338474514168768,2,0.6425032258637662,15.0,21.0,2603101003,1,10,Weekday,22.0,35.0,0.0,0,0.6285714285714286,1028.57,C,37.142857142857146,0.15281140114094346,0.44,0.37142857142857144,939.843,168.654,168.036,[],0.980835
60823706c378f8042fc9c5041b936b84,Lữ Gia,10.7711526,106.6529443,10.7705227,106.6571756,1.0,50.0,,,asphalt,no,,0.004861,98.61644700831216,0.4679976179460747,3,0.8547052050296766,8.0,12.0,2603101003,1,10,Weekday,17.5,31.0,0.0,0,0.5645161290322581,1143.87,C,43.548387096774185,0.09627379569176395,0.35,0.43548387096774194,466.279,79.039,80.293,[],0.979249
a179566adbd5698884012c45a0a01aee,Trần Văn Trà,10.7229109,106.7191654,10.7230616,106.8257234,1.0,50.0,,,asphalt,no,,0.106709,89.90761611386063,11.656213704347802,4,-0.1115284974155111,26.0,13.0,2603101003,1,10,Weekday,47.0,47.0,0.0,0,1.0,360.0,A,0.0,0.8928163688436614,0.94,0.0,31863.865,2816.123,2898.802,[],
aca6705b1d62342359f176619f7beaba,Nguyễn Ngọc Lộc,10.7659563,106.6640385,10.7659563,106.6640385,1.0,50.0,,,asphalt,no,,0.0,0.0,0.0,4,0.0,14.0,14.0,2603101003,1,10,Weekday,23.0,33.0,0.0,0,0.696969696969697,905.45,C,30.303030303030297,0.0,0.46,0.30303030303030304,0.0,0.0,0.0,[],0.0
c35879175da769f5bcd97e8c2f9edcbd,Nguyễn Kiệm,10.7998472,106.680033,10.8194173,106.6787757,1.0,50.0,,,asphalt,no,,0.020827,356.3892004109875,2.169076346775784,3,-0.5532308725710535,34.0,22.0,2603101003,1,10,Weekday,21.5,32.0,0.0,0,0.671875,950.62,C,32.8125,0.363194178995015,0.43,0.328125,4032.133,635.771,637.4,[],0.000384
a960c9c163a0e85f4a7ae26917c861a5,Đường N - Bắc,10.7336611,106.7115662,10.7320511,106.7122498,1.0,50.0,,,asphalt,no,,0.002294,157.35557836377086,0.193148138898524,1,0.0,29.0,29.0,2603101003,1,10,Weekday,34.0,34.0,0.0,0,1.0,360.0,A,0.0,0.020450979412784894,0.68,0.0,200.108,32.746,32.746,[],0.940402
f6d6fdc8243654b3205cca9e58cd0e26,Ngô Quyền,10.7613478,106.6650929,10.756629,106.6661917,1.0,50.0,,,asphalt,no,,0.005818,167.1144940513077,0.5356178046849397,5,-0.7468011640040373,11.0,7.0,2603101003,1,10,Weekday,20.0,31.5,0.0,0,0.6349206349206349,1017.14,C,36.50793650793651,0.09641120484328915,0.4,0.36507936507936506,535.614,141.55,147.732,[],0.980184
8da38d271aa21402dd0b42416c8a052d,Calmette,10.7673072,106.6997404,10.7699124,106.6976851,1.0,50.0,,,asphalt,no,,0.00466,322.22346787339814,0.3654762935269281,2,0.0,21.0,21.0,2603101003,1,10,Weekday,26.5,29.5,0.0,0,0.8983050847457628,543.05,B,10.169491525423723,0.04964960968667703,0.53,0.1016949152542373,363.173,89.635,92.675,[],0.98027
295d4adfd20e4e1fd791b42819f8d8c0,Xa Lộ Hà Nội,10.8581167,106.7877131,10.8685319,106.804085,1.0,50.0,,,asphalt,no,,0.026787,57.06443983497206,2.128751144637229,4,-0.1409276987381841,20.0,17.0,2603101003,1,10,Weekday,42.5,52.0,0.0,0,0.8173076923076923,688.85,B,18.26923076923077,0.18031774401633,0.85,0.18269230769230768,4804.321,573.71,579.464,[],0.0
547363d49bad58f120835e66b68860f2,Nguyễn Thị Minh Khai,10.7660316,106.682324,10.7657285,106.6818889,1.0,50.0,,,asphalt,no,,0.000738,234.65948721488456,0.0582123577307438,1,-3.4356966080137585,33.0,31.0,2603101003,1,10,Weekday,21.5,35.0,0.0,0,0.6142857142857143,1054.29,C,38.57142857142857,0.009747185480496636,0.43,0.38571428571428573,989.113,258.942,281.697,[],0.970873
c182fc0e10dbac715c00b92ce423a21c,Tháp Mười,10.7497109,106.6494313,10.7507545,106.6545334,1.0,50.0,,,asphalt,no,,0.006146,78.2387129124213,0.5698741839981846,3,1.0528639774317474,13.0,19.0,2603101003,1,10,Weekday,21.0,32.5,0.0,0,0.6461538461538462,996.92,C,35.38461538461538,0.09769271725683165,0.42,0.35384615384615387,569.326,119.124,112.829,[],0.984061
70a0fb385cfe3f055585918736e16293,Hẻm 312 Kinh Dương Vương,10.7433547,106.6207621,10.7433184,106.6207225,1.0,50.0,,,asphalt,no,,7.6e-05,226.98451630124305,0.0059062678405921,1,0.0,8.0,8.0,2603101003,1,10,Weekday,24.0,35.0,0.0,0,0.6857142857142857,925.71,C,31.428571428571427,0.0008859401760888151,0.48,0.3142857142857143,8.39,0.983,0.983,[],0.978818
1a18ebf92c26b4fa90079e937e3a53c2,Đường Nguyễn Tri Phương,10.758935,106.6691456,10.756601,106.6695945,1.0,50.0,,,asphalt,no,,0.002783,169.30003515497583,0.2627980047940139,2,-0.7610407855141967,12.0,10.0,2603101003,1,10,Weekday,18.0,29.5,0.0,0,0.6101694915254238,1061.69,C,38.983050847457626,0.05255960095880278,0.36,0.3898305084745763,558.221,171.627,168.897,[],0.978456
6809c850a7deedba242b8f5915efc051,Tô Hiến Thành,10.7703883,106.6581461,10.7736176,106.6614007,1.0,50.0,,,asphalt,no,,0.006484,44.713954430404215,0.5042814860044006,2,1.1898116759233237,13.0,19.0,2603101003,1,10,Weekday,21.0,32.5,0.0,0,0.6461538461538462,996.92,C,35.38461538461538,0.08644825474361154,0.42,0.35384615384615387,512.585,82.832,86.101,[],0.985777
3b8503c98906d29b3dc213c8b61b3094,Nguyễn Tri Phương,10.7614123,106.6684746,10.7666599,106.6674092,1.0,50.0,,,asphalt,no,,0.006313,348.72025959141246,0.5920337639124053,3,0.6756371416329936,14.0,18.0,2603101003,1,10,Weekday,21.0,33.5,0.0,0,0.6268656716417911,1031.64,C,37.31343283582089,0.10149150238498376,0.42,0.373134328358209,749.178,185.805,197.238,[],0.980152
b742e1d71e699d94790e1193f8662294,Sư Van Hạnh,10.7575965,106.6738445,10.7589142,106.6735498,1.0,50.0,,,asphalt,no,,0.001612,347.60811261398004,0.1492762683480435,3,0.6698988466595779,15.0,16.0,2603101003,1,10,Weekday,18.0,28.5,0.0,0,0.631578947368421,1023.16,C,36.8421052631579,0.0298552536696087,0.36,0.3684210526315789,254.04,72.265,84.62,[],0.976739
d71dd5fac508e54d226b3a5e3a350cea,3 Tháng 2,10.7637713,106.6597513,10.7659517,106.6640311,1.0,50.0,,,asphalt,no,,0.00646,62.58883332691562,0.5265754138129072,3,1.329344252765874,7.0,14.0,2603101003,1,10,Weekday,23.0,32.5,0.0,0,0.7076923076923077,886.15,B,29.230769230769226,0.0824204995533246,0.46,0.2923076923076923,1237.092,314.986,299.9,[],0.981511
e842a54217c2ffbbf2e95a3f78ac3cd3,Cầu Bình Triệu 2,10.8235017,106.7135696,10.8190196,106.7129039,1.0,50.0,,,asphalt,no,,0.005148,188.2999950819577,0.5010963233568995,4,-0.9978121504672892,31.0,26.0,2603101003,1,10,Weekday,26.0,44.0,0.0,0,0.5909090909090909,1096.36,C,40.90909090909091,0.06938256784941685,0.52,0.4090909090909091,504.033,53.359,53.359,[],0.979851
d9eec1e51c8d82b8c962493b9f272f9f,Đường Ông Ích Khiêm,10.7665527,106.6429996,10.7666288,106.6427319,1.0,50.0,,,asphalt,no,,0.000344,286.1387428786277,0.0304650607718458,1,0.0,23.0,23.0,2603101003,1,10,Weekday,18.0,29.0,0.0,0,0.6206896551724138,1042.76,C,37.93103448275862,0.00609301215436916,0.36,0.3793103448275862,188.801,62.296,71.417,[],0.909494
03623143fab66f59fb8fe2674244cb4e,Phạm Văn Đồng,10.8154234,106.6814749,10.8212703,106.6975926,1.0,50.0,,,asphalt,no,,0.021965,69.72795591389166,1.8774464406447864,4,-0.4261106909261548,21.0,13.0,2603101003,1,10,Weekday,36.0,44.0,0.0,0,0.8181818181818182,687.27,B,18.181818181818176,0.18774464406447863,0.72,0.18181818181818182,2767.352,383.857,384.356,[],0.0
e6c235ab937f2d2476eb461312d549ac,Quốc lộ 1,10.8678819,106.7813371,10.8617623,106.6586551,1.0,50.0,,,asphalt,no,,0.128802,267.1038789766513,13.430757046569086,1,-0.0670103700691918,23.0,14.0,2603101003,1,10,Weekday,28.5,46.0,0.0,0,0.6195652173913043,1044.78,C,38.04347826086957,1.6965166795666216,0.57,0.3804347826086957,15373.305,1744.194,1746.521,[],
491e02e3f3e1182208ca7614ab5e7887,Ngã tư An Sương,10.8428093,106.6150302,10.8429984,106.6152871,1.0,50.0,,,asphalt,no,,0.000446,53.14971880079287,0.0350230134880718,2,0.0,12.0,12.0,2603101003,1,10,Weekday,13.0,19.0,0.0,0,0.6842105263157895,928.42,C,31.57894736842105,0.009698680658235266,0.26,0.3157894736842105,186.735,57.696,56.689,[],0.0
a51528395d31c090fff4145cdd95a9a5,Phú Thọ,10.7589846,106.641575,10.7589257,106.641586,1.0,50.0,,,asphalt,no,,7e-05,169.60332975120218,0.0066252628348205,3,0.0,14.0,14.0,2603101003,1,10,Weekday,20.0,31.0,0.0,0,0.6451612903225806,998.71,C,35.483870967741936,0.00119254731026769,0.4,0.3548387096774194,6.7,2.688,2.688,[],0.985259
1546bffddbe259fb943c0c70473a4f91,Nguyễn Hữu Trí,10.6854735,106.5540502,10.6963436,106.5939709,1.5,50.0,,secondary,asphalt,yes,,0.050791,74.50812846682936,4.529807727959195,3,-0.2207599218456294,34.0,24.0,2603101003,1,10,Weekday,35.5,43.5,0.0,0,0.8160919540229885,1036.55,B,18.39080459770115,0.4593607836803691,0.71,0.1839080459770115,4554.908,506.708,522.279,[],0.98317
418457226cadd3afae1b65cab44e1785,Nguyễn Văn Tăng,10.8428497,106.8286983,10.8424012,106.8281916,1.0,50.0,,,asphalt,no,,0.000955,227.9739786624524,0.0743700480771035,4,0.0,15.0,15.0,2603101003,1,10,Weekday,30.0,35.0,0.0,0,0.8571428571428571,617.14,B,14.28571428571429,0.008924405769252419,0.6,0.14285714285714285,71.032,25.582,25.582,[],0.981083
a087bae8763010f3d9314b1be78089de,Nguyễn Văn Khối,10.8463002,106.6441247,10.8425938,106.6571611,1.0,50.0,,,asphalt,no,,0.016743,106.1435146548447,1.4832440548445311,1,0.6067780936390371,15.0,24.0,2603101003,1,10,Weekday,25.0,36.0,0.0,0,0.6944444444444444,910.0,C,30.555555555555557,0.2135871438976125,0.5,0.3055555555555556,1522.19,286.079,297.564,[],0.954181
3c0167e8901fdb249e907289256872ee,3 Tháng 2,10.7776498,106.6811565,10.7575536,106.6482993,1.0,50.0,,,asphalt,no,,0.052953,238.0973284960429,4.225604367695022,1,0.1656567768983624,13.0,20.0,2603101003,1,10,Weekday,20.5,32.5,0.0,0,0.6307692307692307,1024.62,C,36.92307692307693,0.7420573523757111,0.41,0.36923076923076925,4277.065,864.606,850.756,[],0.981611
4ff07a09ef09e659f1c634d7433f9bf1,Tạ Uyên,10.7537462,106.6538517,10.7556925,106.6537349,1.0,50.0,,,asphalt,no,,0.002063,356.62591755478763,0.2156646982376226,5,0.9273654966917066,21.0,23.0,2603101003,1,10,Weekday,19.5,29.5,0.0,0,0.6610169491525424,970.17,C,33.89830508474576,0.03981502121309956,0.39,0.3389830508474576,215.531,33.767,35.936,[],0.98199
1fa36dd030c0bc95440c70597984b5d3,Cầu Bông,10.7929272,106.6959206,10.7941308,106.6960125,1.0,50.0,,,asphalt,no,,0.001296,4.289340825439865,0.1335129014655219,2,2.2469738632522445,12.0,15.0,2603101003,1,10,Weekday,18.0,32.0,0.0,0,0.5625,1147.5,C,43.75,0.026702580293104378,0.36,0.4375,774.591,173.555,168.623,[],0.980954
42207b521df1859c147c0601fb423ed8,Công Xã Paris,10.7791557,106.7000845,10.7792456,106.6999777,1.0,50.0,,,asphalt,no,,0.000197,310.5926137223091,0.0153401393294058,1,-6.518845614935696,34.0,33.0,2603101003,1,10,Weekday,13.0,23.5,0.0,0,0.5531914893617021,1164.26,C,44.680851063829785,0.00424803858352776,0.26,0.44680851063829785,26.402,13.14,15.245,[],0.980288
2612cb55d06e5399ec789f2dc1b3f036,Thăng Long,10.8045573,106.6610854,10.8039431,106.6609131,1.0,50.0,,,asphalt,no,,0.000787,195.4058107478161,0.070503247143415,3,-2.8367487754594847,20.0,18.0,2603101003,1,10,Weekday,38.5,41.5,0.0,0,0.927710843373494,490.12,A,7.2289156626506035,0.006592511421202441,0.77,0.07228915662650602,71.001,14.853,16.333,[],0.971106
eec9f602f390a983b7168d8f462f8628,Trường Chinh,10.7936226,106.6519615,10.8152248,106.6323883,1.0,50.0,,,asphalt,no,,0.041175,318.3323613977312,3.2080254789629925,2,0.0935154667465347,29.0,32.0,2603101003,1,10,Weekday,21.0,34.5,0.0,0,0.6086956521739131,1064.35,C,39.13043478260869,0.5499472249650844,0.42,0.391304347826087,4577.205,972.809,975.369,[],0.023902
0b0a8e08ffa48b8dd690d2211a56eb23,Lê Văn Ninh,10.8510377,106.7547163,10.8495638,106.7534794,1.0,50.0,,,asphalt,no,,0.002711,219.49543509823235,0.2118283596429768,3,-1.4162409627569736,10.0,7.0,2603101003,1,10,Weekday,34.0,44.0,0.0,0,0.7727272727272727,769.09,B,22.72727272727273,0.02242888513866813,0.68,0.22727272727272727,211.748,36.674,36.852,[],0.975119
3ff2b88cd61445ae362d9d551f4378d6,Ngô Chí Quốc,10.8740594,106.730453,10.8738081,106.7302504,1.0,50.0,,,asphalt,no,,0.000454,218.3698044483681,0.0355436980758493,2,-2.813438258073277,9.0,8.0,2603101003,1,10,Weekday,28.0,36.0,0.0,0,0.7777777777777778,760.0,B,22.22222222222222,0.004569904038323481,0.56,0.2222222222222222,35.83,5.48,5.522,[],0.984456
edd04a4ad93a14c44c8817dc0837f268,Thuận Kiều,10.7552474,106.6584197,10.7552474,106.6584197,1.0,50.0,,,asphalt,no,,0.0,0.0,0.0,1,0.0,28.0,28.0,2603101003,1,10,Weekday,18.0,29.0,0.0,0,0.6206896551724138,1042.76,C,37.93103448275862,0.0,0.36,0.3793103448275862,0.0,0.0,0.0,[],0.0
ed7605973c49b176471c75042af01014,Lương Định Của,10.7750334,106.7104127,10.7749435,106.7108802,1.0,50.0,,,asphalt,no,,0.000557,101.07559884334272,0.052088311382175,1,-1.9198165067455155,10.0,9.0,2603101003,1,10,Weekday,32.0,32.0,0.0,0,1.0,360.0,A,0.0,0.005859935030494687,0.64,0.0,0.0,0.0,0.0,[],
df3dea084f020e6d6702fa2ead3b3286,Phạm Thiều,10.7266492,106.7230082,10.7267196,106.7231231,1.0,50.0,,,asphalt,no,,0.000185,58.052183737567134,0.0147854110995479,3,0.0,34.0,34.0,2603101003,1,10,Weekday,41.0,41.0,0.0,0,1.0,360.0,A,0.0,0.0012982312184968887,0.82,0.0,12.175,1.906,1.906,[],0.961409
f59492720cc4552001643fc05a7e5c6f,Phạm Văn Đồng,10.8575701,106.7518877,10.849516,106.7489666,1.0,50.0,,,asphalt,no,,0.010975,199.6060232790428,0.94641704649127,2,2.0075716165975948,13.0,32.0,2603101003,1,10,Weekday,32.0,42.0,0.0,0,0.7619047619047619,788.57,B,23.809523809523814,0.10647191773026787,0.64,0.23809523809523808,975.489,101.651,95.978,[],0.956595
a7e8464abc9a8b7fa8ccfdb1d8c3e6bd,Lý Thái Tổ,10.7461614,106.7956925,10.7443127,106.8027109,1.0,50.0,,,asphalt,no,,0.008867,105.0078700560266,0.7944437990509825,2,0.6293711406612831,6.0,11.0,2603101003,1,10,Weekday,43.0,43.0,0.0,0,1.0,360.0,A,0.0,0.06651157387403574,0.86,0.0,794.732,79.351,80.359,[],0.973533
10b2860fd7c0d270a4e512a6eb7f16b0,Đường số 41,10.7579629,106.6997338,10.7579884,106.6997668,1.0,50.0,,,asphalt,no,,5.9e-05,51.81312816178979,0.0045807994080243,5,0.0,11.0,11.0,2603101003,1,10,Weekday,27.0,35.0,0.0,0,0.7714285714285715,771.43,B,22.857142857142854,0.00061077325440324,0.54,0.22857142857142856,15.821,9.072,16.297,[],0.978419
d9ff27de775687ba6ae535d9cdf8a20f,Kinh Dương Vương,10.7282004,106.6071858,10.7265851,106.6050773,1.0,50.0,,,asphalt,no,,0.003724,232.05608299928556,0.2917527681549944,5,-1.3710238381954236,10.0,6.0,2603101003,1,10,Weekday,24.0,35.0,0.0,0,0.6857142857142857,925.71,C,31.428571428571427,0.04376291522324916,0.48,0.3142857142857143,1197.634,144.223,140.726,[],0.0
e1fda064de6cd569c93337cdac6a2683,Huỳnh Tấn Phát,10.6783267,106.753584,10.7525133,106.7282216,1.0,50.0,,,asphalt,no,,0.099549,341.43455141198854,8.662302131154227,3,-0.1269870276221164,16.0,5.0,2603101003,1,10,Weekday,26.5,35.0,0.0,0,0.7571428571428571,797.14,B,24.28571428571429,1.1767655725341593,0.53,0.24285714285714285,10507.482,1463.839,1487.091,[],0.580824
dc93c8af5cdfc8db446940a3fa18c38c,Bến Bình Đông,10.7482848,106.6604156,10.7482848,106.6604156,1.0,50.0,,,asphalt,no,,0.0,0.0,0.0,3,0.0,23.0,23.0,2603101003,1,10,Weekday,29.0,29.0,0.0,0,1.0,360.0,A,0.0,0.0,0.58,0.0,0.0,0.0,0.0,[],0.0
e5e232dd1ecdfa053e24715dba274d25,Trương Định,10.7824606,106.6835712,10.7840477,106.6803024,1.0,50.0,,,asphalt,no,,0.004856,296.301534578113,0.3982760369495962,5,-0.2510821408335332,20.0,19.0,2603101003,1,10,Weekday,15.0,27.0,0.0,0,0.5555555555555556,1160.0,C,44.44444444444444,0.09558624886790308,0.3,0.4444444444444444,406.627,84.667,90.757,[],0.982213
0c29b3b2d9fb79d0ba9b100c3778cd32,Lê Văn Thịnh,10.7765916,106.7657368,10.7769125,106.7659642,1.0,50.0,,,asphalt,no,,0.000548,34.843066318995284,0.0433415501255278,3,0.0,6.0,6.0,2603101003,1,10,Weekday,31.0,31.0,0.0,0,1.0,360.0,A,0.0,0.005033212272641939,0.62,0.0,47.711,14.312,14.312,[],0.979877
e14650c64d83c7e91d7b8b66816e9b22,Đường số 6,10.8656041,106.7485967,10.8697421,106.7272126,1.0,50.0,,,asphalt,no,,0.025522,281.14890252621774,2.382434811469547,2,0.5456602605626496,18.0,31.0,2603101003,1,10,Weekday,29.5,44.5,0.0,0,0.6629213483146067,966.74,C,33.70786516853933,0.29073780750136846,0.59,0.33707865168539325,3649.485,637.094,692.064,[],0.0
e77cd0dfaeb77e9030f6ebb1e2149b6a,Hồng Bàng,10.75373,106.65443,10.7554182,106.6634172,1.0,50.0,,,asphalt,no,,0.010675,79.17466588883764,1.000572466500804,3,1.0993706471325493,22.0,33.0,2603101003,1,10,Weekday,24.0,35.0,0.0,0,0.6857142857142857,925.71,C,31.428571428571427,0.1500858699751206,0.48,0.3142857142857143,1001.47,209.52,201.938,[],0.981145
042d47f888a4c04594fb225b07cdf24f,Trần Văn Giàu,10.7482734,106.5880278,10.7535831,106.5750441,1.0,50.0,,,asphalt,no,,0.018293,292.60110410385505,1.5367918923923205,5,1.4315536221207317,11.0,33.0,2603101003,1,10,Weekday,34.0,48.0,0.0,0,0.7083333333333334,885.0,B,29.166666666666664,0.16271914154742217,0.68,0.2916666666666667,3949.513,515.813,547.524,[],0.0
d6cd77b733df1b8a42e6d92e31d647a2,Đường Long Thuận,10.8119329,106.8596808,10.8119103,106.8596881,1.0,50.0,,,asphalt,no,,3e-05,162.39707434555953,0.0026242319753065,3,0.0,15.0,15.0,2603101003,1,10,Weekday,71.0,71.0,0.0,0,1.0,360.0,A,0.0,0.00013305964945216058,1.42,0.0,26.75,8.907,7.292,[],0.0
9724a40a02e52298459bb51cb91e8b7a,Trần Hưng Ðạo,10.7529032,106.6714119,10.752615,106.6684652,1.0,50.0,,,asphalt,no,,0.003235,264.3150790038624,0.323875744704682,4,-0.9262811584533676,8.0,5.0,2603101003,1,10,Weekday,19.0,28.5,0.0,0,0.6666666666666666,960.0,C,33.333333333333336,0.06136593057562396,0.38,0.3333333333333333,459.894,118.075,111.477,[],0.0
8629283de10ddcf5f663899146bb0fab,Bà Hom,10.7546911,106.6313514,10.754722,106.6311219,1.0,50.0,,,asphalt,no,,0.00026,277.803665547431,0.0253336315685744,2,0.0,30.0,30.0,2603101003,1,10,Weekday,24.0,35.0,0.0,0,0.6857142857142857,925.71,C,31.428571428571427,0.0038000447352861608,0.48,0.3142857142857143,25.33,4.799,4.799,[],0.980102
b07cddff21e96635b34fd7221a0b4c62,Hồng Bàng,10.7554182,106.6634172,10.7550108,106.6603376,1.0,50.0,,,asphalt,no,,0.003487,262.3312344650785,0.3398376603091959,2,-0.8827744392044417,33.0,30.0,2603101003,1,10,Weekday,24.0,35.0,0.0,0,0.6857142857142857,925.71,C,31.428571428571427,0.050975649046379384,0.48,0.3142857142857143,362.579,98.8,90.449,[],0.779728
cc87908123841e95270c11abdbbb8628,Hiền Vương,10.7817224,106.6249308,10.7821668,106.6241211,1.0,50.0,,,asphalt,no,,0.001254,299.1925414944162,0.1012830974257282,4,0.987331573990723,20.0,21.0,2603101003,1,10,Weekday,23.0,30.0,0.0,0,0.7666666666666667,780.0,B,23.33333333333333,0.01585300655359224,0.46,0.23333333333333334,117.626,26.983,30.95,[],0.613581
23b2f235a90abe1a200e390bb787a70d,Pasteur,10.7732727,106.7014834,10.7778266,106.6988251,1.0,50.0,,,asphalt,no,,0.007212,330.1682036034698,0.5816035242582889,3,0.1719384354273448,29.0,30.0,2603101003,1,10,Weekday,14.0,25.0,0.0,0,0.56,1152.0,C,43.99999999999999,0.14955519195213143,0.28,0.44,594.133,181.848,180.718,[],0.984028
1fb9c9a180180aeee163ef5ba2f67729,Hùng Vương,10.7581844,106.6702787,10.7562461,106.666373,1.0,50.0,,,asphalt,no,,0.005844,243.19966110750855,0.4779739095159837,1,-1.2552986429899178,13.0,7.0,2603101003,1,10,Weekday,20.0,29.0,0.0,0,0.6896551724137931,918.62,C,31.034482758620683,0.08603530371287707,0.4,0.3103448275862069,479.828,105.257,100.858,[],0.983067
10c32f2911bb190ca64b7c313ade54d0,Cầu Bến Cát 1,10.8615207,106.6642282,10.8615229,106.6653693,1.0,50.0,,,asphalt,no,,0.001143,89.88741340697936,0.1247661163253383,3,0.8014996614885521,20.0,21.0,2603101003,1,10,Weekday,33.0,48.0,0.0,0,0.6875,922.5,C,31.25,0.01361084905367327,0.66,0.3125,124.741,17.272,17.272,[],0.98019
aad48e9b8f4d68a89d782d2d3005101f,Đường đất,10.8368731,106.7001735,10.830835,106.6929691,1.0,50.0,,,asphalt,no,,0.013243,229.52581722197507,1.0328096344086215,4,-1.3555256974356449,31.0,17.0,2603101003,1,10,Weekday,25.5,38.5,0.0,0,0.6623376623376623,967.79,C,33.76623376623377,0.1458084189753348,0.51,0.33766233766233766,1135.475,223.773,227.949,[],0.279492
61befe6a24cb50fc81cd2d1620af1bc3,Đường Thành Thái,10.7681721,106.666908,10.7764553,106.6636154,1.0,50.0,,,asphalt,no,,0.011576,338.6697395641091,0.984459040124781,2,0.5078931470187166,19.0,24.0,2603101003,1,10,Weekday,19.0,31.5,0.0,0,0.6031746031746031,1074.29,C,39.682539682539684,0.18652908128680062,0.38,0.3968253968253968,990.949,225.086,223.444,[],0.979665
f2cca9ecbb9945a5cdf82c34e47e6227,Hẻm 373 Lý Thường Kiệt,10.7801804,106.654269,10.7803895,106.6547735,1.0,50.0,,,asphalt,no,,0.000714,67.12429913756432,0.0598276809808253,4,0.0,19.0,19.0,2603101003,1,10,Weekday,16.0,31.0,0.0,0,0.5161290322580645,1230.97,C,48.38709677419355,0.01346122822068569,0.32,0.4838709677419355,64.705,15.511,18.504,[],0.974905
3f79f4e2d4a12633ac5c041f5d1dc195,Tôn Thất Hiệp,10.7623556,106.6521869,10.7602645,106.6532907,1.0,50.0,,,asphalt,no,,0.003195,152.5898595753423,0.2609140880364116,5,-0.3832679206883018,29.0,28.0,2603101003,1,10,Weekday,23.0,32.0,0.0,0,0.71875,866.25,B,28.125,0.04083872682309051,0.46,0.28125,300.466,88.516,100.156,[],0.964764
bcc920cc86be8735dfd10dea8cc8b01a,Xa Lộ Hà Nội,10.8187919,106.7581999,10.8418294,106.7695847,1.0,50.0,,,asphalt,no,,0.034422,25.89008443560408,2.8360983774527666,4,0.141038831085704,11.0,15.0,2603101003,1,10,Weekday,43.0,50.0,0.0,0,0.86,612.0,B,14.000000000000002,0.2374407943913944,0.86,0.14,2870.408,287.318,306.954,[],0.984734
b2c16b0585d24925d45b474129c80584,Đường số 1A,10.7356907,106.6934274,10.7357575,106.6934288,1.0,50.0,,,asphalt,no,,6.8e-05,1.1796249573374098,0.0073905228220577,3,0.0,13.0,13.0,2603101003,1,10,Weekday,23.0,34.0,0.0,0,0.6764705882352942,942.35,C,32.35294117647059,0.00115677748519164,0.46,0.3235294117647059,7.35,1.89,1.89,[],0.961673
f022a7d9fd692cd2af3ead98c7582eee,Nguyễn Ảnh Thủ,10.8552391,106.6071961,10.8551791,106.6071458,1.0,50.0,,,asphalt,no,,0.00011,219.465737578441,0.0086194840902958,2,0.0,17.0,17.0,2603101003,1,10,Weekday,36.5,39.5,0.0,0,0.9240506329113924,496.71,A,7.594936708860756,0.00085014089657712,0.73,0.0759493670886076,10.55,2.532,2.532,[],0.979129
98e7086cdf3fb34a7d50cdbb21c5ece0,Lê Hoàng Phái,10.8428373,106.6753185,10.8395688,106.6754115,1.0,50.0,,,asphalt,no,,0.003361,178.39924354521168,0.3616834334868191,5,-0.8294546341474415,12.0,9.0,2603101003,1,10,Weekday,25.0,34.0,0.0,0,0.7352941176470589,836.47,B,26.470588235294112,0.052082414422101944,0.5,0.2647058823529412,363.942,61.13,63.426,[],0.980137
012dc1c1d5e5cfb05bab3a2b4b76190c,Cầu Chà Và,10.750294,106.6601636,10.7487665,106.6603921,1.0,50.0,,,asphalt,no,,0.001756,171.63930945378638,0.1707997321384457,3,-1.170962023745361,25.0,23.0,2603101003,1,10,Weekday,21.5,30.5,0.0,0,0.7049180327868853,891.15,B,29.508196721311474,0.028599024916204863,0.43,0.29508196721311475,678.077,154.939,144.513,[],0.0
ac1c4efbeecd268d1562a4cfe1d97564,Cầu vượt Lý Thái Tổ - Nguyễn Tri Phương,10.7692426,106.6699972,10.7681372,106.667887,1.0,50.0,,,asphalt,no,,0.003216,241.93245382963585,0.2611846164244171,4,-1.148612824549012,23.0,20.0,2603101003,1,10,Weekday,20.5,32.5,0.0,0,0.6307692307692307,1024.62,C,36.92307692307693,0.0458665667867269,0.41,0.36923076923076925,1053.912,242.768,241.746,[],0.979569
ab4140bae34e4fa081cbfa58de1e6e37,Hương lộ 8,10.6817688,106.5406723,10.6828162,106.5444885,1.0,50.0,,,asphalt,no,,0.004864,74.39450382264346,0.4332800506309869,2,1.1539880483115912,16.0,21.0,2603101003,1,10,Weekday,36.0,43.0,0.0,0,0.8372093023255814,653.02,B,16.279069767441857,0.04332800506309869,0.72,0.16279069767441862,433.358,43.336,43.336,[],0.980092
357ed077dbeb535b9abb98b40ce50f74,Bắc Hải,10.7837858,106.6617536,10.7855566,106.6633132,1.0,50.0,,,asphalt,no,,0.00333,40.865421003904544,0.2597301974011401,2,1.5400596619199434,29.0,33.0,2603101003,1,10,Weekday,26.5,33.5,0.0,0,0.7910447761194029,736.12,B,20.895522388059707,0.03528410228845677,0.53,0.208955223880597,258.31,52.174,52.572,[],0.981918
4f567f2a96a55fa7d1f6b97970a6caab,Mã Lò,10.7834104,106.5989412,10.7764236,106.6008637,1.0,50.0,,,asphalt,no,,0.008909,164.87390944289905,0.8009233031071288,1,-0.6242795009962667,26.0,21.0,2603101003,1,10,Weekday,24.5,40.5,0.0,0,0.6049382716049383,1071.11,C,39.50617283950617,0.11768668943614954,0.49,0.3950617283950617,806.79,144.093,148.32,[],0.980401
d1a299017f3767c5c0ce6f5ededa0f9d,Nguyễn Trọng Tuyển,10.7980849,106.6699079,10.7984011,106.6665835,1.0,50.0,,,asphalt,no,,0.003641,275.5309891391742,0.3652389257967301,4,-0.8213801399880412,22.0,19.0,2603101003,1,10,Weekday,17.0,31.5,0.0,0,0.5396825396825397,1188.57,C,46.03174603174603,0.07734471369813108,0.34,0.4603174603174603,365.253,73.031,76.044,[],0.980392
1265859dbdd78f907bbf04739172186d,Cầu Rạch Chiếc 1,10.8099607,106.7563406,10.815571,106.7575697,1.0,50.0,,,asphalt,no,,0.006839,12.144144888576022,0.6349631265850332,2,-3.6222575826881314,30.0,7.0,2603101003,1,10,Weekday,43.0,50.0,0.0,0,0.86,612.0,B,14.000000000000002,0.05315970362107254,0.86,0.14,5059.638,560.963,607.882,[],0.981068
daaeaeb9ed3c25549d5261ad2fe56800,Nguyễn Văn Lượng,10.8384914,106.6799748,10.8386842,106.6659911,1.0,50.0,,,asphalt,no,,0.014176,270.8055746877205,1.529218570455867,2,1.0462860122886375,12.0,28.0,2603101003,1,10,Weekday,26.0,35.0,0.0,0,0.7428571428571429,822.86,B,25.71428571428571,0.21173795590927388,0.52,0.2571428571428571,1573.071,270.209,288.984,[],0.980767
033917c1a30a4170547643656b2e2087,Kênh Tân Hoá,10.7693744,106.6355574,10.7786413,106.6399809,1.0,50.0,,,asphalt,no,,0.01369,25.122855017068275,1.1334762459172911,5,1.1469141984073477,19.0,32.0,2603101003,1,10,Weekday,20.0,30.0,0.0,0,0.6666666666666666,960.0,C,33.333333333333336,0.20402572426511242,0.4,0.3333333333333333,2226.092,350.279,386.489,[],0.88031
484c28c23410d622d39953dfe9ae544b,Nguyễn Kim,10.7556227,106.6633772,10.7555118,106.6633989,1.0,50.0,,,asphalt,no,,0.000133,169.11852788414467,0.0124944825311056,4,0.0,33.0,33.0,2603101003,1,10,Weekday,24.0,35.0,0.0,0,0.6857142857142857,925.71,C,31.428571428571427,0.0018741723796658401,0.48,0.3142857142857143,12.262,3.34,3.34,[],0.921623
cbadfd14b7db0b0b93dcc7c35c27bfea,Phường Thạnh Lộc,10.8587824,106.6796891,10.8587301,106.6795635,1.0,50.0,,,asphalt,no,,0.000178,247.0234049063613,0.0149017758128695,2,0.0,32.0,32.0,2603101003,1,10,Weekday,29.0,29.0,0.0,0,1.0,360.0,A,0.0,0.0018498756181493173,0.58,0.0,14.855,2.967,2.967,[],0.975258
74ef85fbba86aea448f55f140da46e7f,Lê Minh Xuân,10.786231,106.651613,10.7874965,106.6560086,1.0,50.0,,,asphalt,no,,0.005661,73.6647718759533,0.5006918722741983,1,1.1983418010656597,22.0,28.0,2603101003,1,10,Weekday,21.5,33.0,0.0,0,0.6515151515151515,987.27,C,34.84848484848485,0.08383677861335413,0.43,0.3484848484848485,501.241,109.204,120.645,[],0.981058
05679f6366bc9176fb5f49648782371b,Chu Văn An,10.8113215,106.6960454,10.811203,106.7048425,1.0,50.0,,,asphalt,no,,0.008916,90.78486637398588,0.9621093042319984,1,-2.286642474324833,32.0,10.0,2603101003,1,10,Weekday,18.5,32.0,0.0,0,0.578125,1119.38,C,42.1875,0.18722127001271321,0.37,0.421875,985.201,151.344,166.895,[],0.958603
8b7b56809af4395a2a2a9a0c41c89784,Cầu vượt Ngã tư Gò Mây,10.819436,106.6017747,10.8133227,106.6004668,1.0,50.0,,,asphalt,no,,0.007421,191.86771456885063,0.6911728689849779,3,3.327676914427596,5.0,28.0,2603101003,1,10,Weekday,31.0,46.0,0.0,0,0.6739130434782609,946.96,C,32.608695652173914,0.0802652363982555,0.62,0.32608695652173914,696.962,67.103,67.615,[],0.980472
4500eb560fbde7f2b33f070ca8bfadb4,Nguyễn Thị Nhỏ,10.7716614,106.6527803,10.753478,106.6507502,1.0,50.0,,,asphalt,no,,0.020213,186.2594782197154,2.0235395313436224,5,0.4941835751219567,8.0,18.0,2603101003,1,10,Weekday,21.5,33.0,0.0,0,0.6515151515151515,987.27,C,34.84848484848485,0.3388252238528856,0.43,0.3484848484848485,2640.243,549.729,590.374,[],0.00713
b4bf24f08221cf29789dd8670dd2c61a,Xa Lộ Hà Nội,10.8633078,106.7965925,10.8010884,106.7392519,1.0,50.0,,,asphalt,no,,0.11956,222.1557193720376,9.310246084847297,1,-0.31148478499616,34.0,5.0,2603101003,1,10,Weekday,48.5,52.0,0.0,0,0.9326923076923077,481.15,A,6.730769230769229,0.6910698124835107,0.97,0.0673076923076923,11856.039,1366.006,1367.062,[],
66c08a73a2cf82eaa5ad8644dab4e87c,Tân Kỳ Tân Quý,10.7994476,106.6193962,10.7916934,106.6052666,1.0,50.0,,,asphalt,no,,0.021884,240.81015520573052,1.767330479320397,1,-1.24481528822271,33.0,11.0,2603101003,1,10,Weekday,23.5,41.0,0.0,0,0.573170731707317,1128.29,C,42.6829268292683,0.27073998832142254,0.47,0.4268292682926829,1776.255,271.416,278.83,[],0.978686
89479dc4a7719faf7acf04a66a8cac89,Trường Sơn,10.8130718,106.6649688,10.8111229,106.6650145,1.0,50.0,,,asphalt,no,,0.001995,178.68054400355027,0.2156322972908082,4,-0.4637524213969531,32.0,31.0,2603101003,1,10,Weekday,21.0,33.0,0.0,0,0.6363636363636364,1014.55,C,36.36363636363637,0.03696553667842427,0.42,0.36363636363636365,1666.526,337.24,334.403,[],0.0
31ff27ee9f18e0a23f605cd79eb16bb3,Nguyễn Chí Thanh,10.7595294,106.6669516,10.756343,106.6510842,1.0,50.0,,,asphalt,no,,0.019054,258.448976289405,1.7709368076552727,2,0.6776074644858755,10.0,22.0,2603101003,1,10,Weekday,17.0,28.0,0.0,0,0.6071428571428571,1067.14,C,39.28571428571429,0.3750219122093519,0.34,0.39285714285714285,1776.54,400.248,409.405,[],0.981418
59a09b8bcaecdc05468d4c15f26974e7,Cầu Số 7,10.7879997,106.6710981,10.7880524,106.6711168,1.0,50.0,,,asphalt,no,,7.1e-05,19.216889062613063,0.0061776568329983,3,16.187367266152286,13.0,14.0,2603101003,1,10,Weekday,16.0,31.0,0.0,0,0.5161290322580645,1230.97,C,48.38709677419355,0.0013899727874246174,0.32,0.4838709677419355,7.839,1.485,1.485,[],0.017849
c1d462a1c4850c61eadcf64e9a0f8fc1,Lê Đại Hành,10.7587163,106.6592488,10.766178,106.6543476,1.0,50.0,,,asphalt,no,,0.012363,327.16656377786785,0.9841676821158828,2,-2.7434349339689894,32.0,5.0,2603101003,1,10,Weekday,19.0,31.0,0.0,0,0.6129032258064516,1056.77,C,38.70967741935484,0.18647387661143042,0.38,0.3870967741935484,988.71,210.109,210.319,[],0.983402
ae0a5c7b6986f71651b93f2aa09885af,Hẻm 416 Lạc Long Quân,10.7697921,106.6444644,10.7697654,106.6445026,1.0,50.0,,,asphalt,no,,6.5e-05,125.43127729031892,0.0051164434556512,4,0.0,28.0,28.0,2603101003,1,10,Weekday,19.5,31.0,0.0,0,0.6290322580645161,1027.74,C,37.096774193548384,0.0009445741764279138,0.39,0.3709677419354839,5.088,1.249,1.249,[],0.969813
54ae9072ba7a089aa63f221944f17678,Cầu Băng Ky,10.8182453,106.6985355,10.8184238,106.6989116,1.0,50.0,,,asphalt,no,,0.000555,64.21033863276011,0.0456219081953483,4,0.0,11.0,11.0,2603101003,1,10,Weekday,40.0,46.0,0.0,0,0.8695652173913043,594.78,B,13.043478260869568,0.0041059717375813475,0.8,0.13043478260869565,646.946,168.799,258.728,[],0.981513
8b17cd945b85bbcd43656e3bf38630fb,Đường Cao tốc Tp. Hồ Chí Minh-Long Thành-Dầu Giây,10.7859271,106.8534308,10.7963832,106.7909752,1.0,50.0,,,asphalt,no,,0.072912,279.67785663016286,6.927609345465881,1,0.1154799527666207,13.0,21.0,2603101003,1,10,Weekday,69.0,69.0,0.0,0,1.0,360.0,A,0.0,0.3614404875895242,1.38,0.0,6937.177,342.3,357.5,[],0.981704
0c807e769efb4db2eee959f1506594be,Thành Thái,10.7697668,106.6661869,10.7675961,106.6670725,1.0,50.0,,,asphalt,no,,0.003056,158.15928619652084,0.2589083615402287,4,-0.3862370431186795,20.0,19.0,2603101003,1,10,Weekday,18.0,32.5,0.0,0,0.5538461538461539,1163.08,C,44.61538461538461,0.05178167230804574,0.36,0.4461538461538462,258.456,67.371,69.514,[],0.985016
5c0ee164d2f247a7660b2fa34ac8345b,Thành Thái,10.7807392,106.6588525,10.7782236,106.6617292,1.0,50.0,,,asphalt,no,,0.005392,131.674635604439,0.4200152016026003,3,0.2380866207185889,23.0,24.0,2603101003,1,10,Weekday,33.0,33.0,0.0,0,1.0,360.0,A,0.0,0.045819840174829124,0.66,0.0,432.794,62.73,70.353,[],0.985462
8365b8d2eabde3e12751af23962cfaef,Út Tịch,10.8009968,106.6575383,10.7934217,106.6591633,1.0,50.0,,,asphalt,no,,0.0092,168.10051648028104,0.8565447939649607,1,-0.583740632740865,12.0,7.0,2603101003,1,10,Weekday,19.5,34.0,0.0,0,0.5735294117647058,1127.65,C,42.64705882352941,0.1581313465781466,0.39,0.4264705882352941,873.247,206.93,238.971,[],0.984023
35bd388c4c5d180e6304bb827612154f,Ung Văn Khiêm,10.8070705,106.7184953,10.8069599,106.7190173,1.0,50.0,,,asphalt,no,,0.000633,102.17232709633834,0.0583810896119177,2,0.0,20.0,20.0,2603101003,1,10,Weekday,31.0,41.0,0.0,0,0.7560975609756098,799.02,B,24.390243902439025,0.006779739438803346,0.62,0.24390243902439024,58.26,9.536,9.536,[],0.977612
3744e21c2023db0f4531107364d601a9,Trần Quang Khải,10.7916682,106.6898524,10.7915069,106.6888956,1.0,50.0,,,asphalt,no,,0.001118,260.26197439461544,0.1061493094005031,2,27.320008169419665,5.0,34.0,2603101003,1,10,Weekday,15.0,23.0,0.0,0,0.6521739130434783,986.09,C,34.78260869565217,0.025475834256120742,0.3,0.34782608695652173,106.125,21.785,22.183,[],0.979949
b045ce8b1239f0484ea7f11485b073c8,Dương Văn Cam,10.8495638,106.7534794,10.8494184,106.7536678,1.0,50.0,,,asphalt,no,,0.000334,128.16054679934223,0.026134961656295,2,0.0,7.0,7.0,2603101003,1,10,Weekday,34.0,44.0,0.0,0,0.7727272727272727,769.09,B,22.72727272727273,0.002767231234195941,0.68,0.22727272727272727,27.541,9.915,9.915,[],0.977446
81b575c76e07e31e195a8cc54482dc4e,Đường Lê Đại Hành,10.7684337,106.652716,10.7623035,106.65706,1.0,50.0,,,asphalt,no,,0.010474,145.15583585378772,0.8279663544052426,4,3.5025577845891727,5.0,34.0,2603101003,1,10,Weekday,20.5,31.5,0.0,0,0.6507936507936508,988.57,C,34.92063492063492,0.14539896955409137,0.41,0.3492063492063492,866.132,183.132,182.583,[],0.977659
7e414735915eb505134c1ae99ee1f5f8,Đường Hoàng Sa,10.7916133,106.661654,10.7915741,106.6616367,1.0,50.0,,,asphalt,no,,5.6e-05,203.43777309040388,0.0047308406284431,5,0.0,7.0,7.0,2603101003,1,10,Weekday,15.0,34.0,0.0,0,0.4411764705882353,1365.88,D,55.88235294117647,0.0011354017508263439,0.3,0.5588235294117647,881.593,188.315,212.418,[],0.947011
969830c68d13ebb9e778fa22de3c6db3,Phường Bình Hưng Hòa B,10.8045394,106.5779904,10.785662,106.5934583,1.0,50.0,,,asphalt,no,,0.034345,141.1684244167477,2.6873130324802896,3,-0.1116356733934755,26.0,23.0,2603101003,1,10,Weekday,28.0,46.5,0.0,0,0.6021505376344086,1076.13,C,39.784946236559136,0.34551167560460866,0.56,0.3978494623655914,3878.028,739.596,800.416,[],2.5e-05
e6c235ab937f2d2476eb461312d549ac,Quốc lộ 1,10.8617623,106.6586551,10.8620129,106.6541628,1.0,50.0,,,asphalt,no,,0.004743,273.25144416975843,0.4919611939277294,5,-0.609804195336738,14.0,11.0,2603101003,1,10,Weekday,27.0,47.0,0.0,0,0.574468085106383,1125.96,C,42.553191489361694,0.0655948258570306,0.54,0.425531914893617,491.971,87.01,80.957,[],0.980416
cd895fd509f55daf8729076c41d8fa39,Phường Tân Thuận Tây,10.7523982,106.7241939,10.7522526,106.7242338,1.0,50.0,,,asphalt,no,,0.000185,164.93170303525892,0.0166860680150407,1,0.0,31.0,31.0,2603101003,1,10,Weekday,24.0,35.5,0.0,0,0.676056338028169,943.1,C,32.3943661971831,0.002502910202256105,0.48,0.323943661971831,3502.985,620.988,646.936,[],0.009102
297a5d1464ab34331df3247aed652926,Phạm Văn Đồng,10.8163711,106.6833531,10.8384481,106.7354087,2.5,65.0,,trunk,asphalt,yes,,0.074133,66.64085078772109,6.194018099763111,5,-0.2583137430711079,24.0,8.0,2603101003,1,10,Weekday,33.0,43.0,0.0,0,0.7674418604651163,1946.51,B,23.25581395348837,0.6757110654287031,0.5076923076923077,0.23255813953488372,7636.218,783.982,798.788,[],0.153109
f96c06c220bb6aec5f6839606772eb70,Tân Chánh Hiệp 39,10.877165,106.6248126,10.8825854,106.6163333,1.0,50.0,,,asphalt,no,,0.0139,303.0629835402649,1.104045754219961,3,-0.2717278689341623,26.0,23.0,2603101003,1,10,Weekday,26.0,41.5,0.0,0,0.6265060240963856,1032.29,C,37.34939759036144,0.15286787366122537,0.52,0.37349397590361444,1121.683,173.437,184.414,[],0.982567
61c36bba58e63f03d429f5069ede8f46,Cầu Bến Cát,10.8614957,106.6652403,10.8614424,106.6653095,1.0,50.0,,,asphalt,no,,0.000123,128.10641281392958,0.009592023557221,5,0.0,21.0,21.0,2603101003,1,10,Weekday,33.0,48.0,0.0,0,0.6875,922.5,C,31.25,0.0010464025698786546,0.66,0.3125,9.658,1.832,1.832,[],0.984765
af4f9bffc8e9c8f8229437465291e32e,Số 12,10.867114,106.7578623,10.8672756,106.7622334,1.0,50.0,,tertiary,asphalt,no,,0.004533,87.84369506742462,0.4782535763825671,3,1.0454704882332913,29.0,34.0,2603101003,1,10,Weekday,32.0,42.0,0.0,0,0.7619047619047619,788.57,B,23.809523809523814,0.053803527343038796,0.64,0.23809523809523808,490.195,93.11,98.764,[],0.968105
c89147228d920f596f87b65b4493588f,Phú Thuận,10.729784,106.729495,10.729912,106.7298359,1.0,50.0,,,asphalt,no,,0.000469,69.08519391561157,0.039887073925499,5,0.0,13.0,13.0,2603101003,1,10,Weekday,27.0,37.0,0.0,0,0.7297297297297297,846.49,B,27.027027027027028,0.005318276523399866,0.54,0.2702702702702703,39.926,5.133,5.133,[],0.980573
3b8503c98906d29b3dc213c8b61b3094,Nguyễn Tri Phương,10.7590308,106.6690295,10.7614123,106.6684746,1.0,50.0,,,asphalt,no,,0.002936,347.1067512150298,0.2703260641592207,1,0.3699236339308387,13.0,14.0,2603101003,1,10,Weekday,19.5,30.5,0.0,0,0.639344262295082,1009.18,C,36.065573770491795,0.04990635030631767,0.39,0.36065573770491804,604.592,172.795,184.807,[],0.833438
07c3b6b25b61229d668d7c4c6917d65c,Phường Bến Thành,10.7713876,106.6930624,10.7715326,106.6933233,1.0,50.0,,,asphalt,no,,0.000406,60.50154990538459,0.0327335386537872,1,0.0,19.0,19.0,2603101003,1,10,Weekday,19.0,30.5,0.0,0,0.6229508196721312,1038.69,C,37.704918032786885,0.006202144165980732,0.38,0.3770491803278688,92.831,31.831,36.666,[],0.0
6270a26aabe5671399538bb8e15191fe,Bến Hàm Tử,10.7494447,106.673072,10.7507824,106.6681836,1.0,50.0,,,asphalt,no,,0.006226,285.56489638150265,0.5547824487741712,4,4.686521727111003,7.0,33.0,2603101003,1,10,Weekday,35.0,42.0,0.0,0,0.8333333333333334,660.0,B,16.666666666666664,0.057063337588200466,0.7,0.16666666666666666,573.198,90.182,94.292,[],0.931804
9105769bba4279532a89697abbb61d88,Cầu Cá Trê Lớn,10.7780689,106.7323124,10.7793052,106.7347388,1.0,50.0,,,asphalt,no,,0.003663,62.58530132067938,0.2985342488290599,3,1.004909825846412,5.0,8.0,2603101003,1,10,Weekday,35.0,43.0,0.0,0,0.813953488372093,694.88,B,18.6046511627907,0.030706379879560448,0.7,0.18604651162790697,296.549,22.714,22.714,[],0.982074
7f8b583c5b4428827747d1af9e579b87,Phạm Văn Đồng,10.8289838,106.7222594,10.8705207,106.7634123,1.0,50.0,,,asphalt,no,,0.08269,44.21341321722309,6.430997102570999,4,-0.108847817661145,15.0,8.0,2603101003,1,10,Weekday,32.0,42.0,0.0,0,0.7619047619047619,788.57,B,23.809523809523814,0.7234871740392373,0.64,0.23809523809523808,8156.265,971.863,952.86,[],0.012218
b3153071a495f769721580a41acd5142,Võ Văn Kiệt,10.7169989,106.59955,10.7687081,106.7032148,1.0,50.0,,,asphalt,no,,0.155374,63.07299162311301,12.699899044036826,5,0.0472444700481085,20.0,26.0,2603101003,1,10,Weekday,32.5,36.0,0.0,0,0.9027777777777778,535.0,A,9.722222222222221,1.4067580479548485,0.65,0.09722222222222222,13914.007,1484.972,1420.016,[],
781c8b16c457964f56e5df5fe4d2fe98,Đường D2,10.8011202,106.6193571,10.8012387,106.6193967,1.0,50.0,,,asphalt,no,,0.000158,18.172766434692903,0.0138045552270648,2,0.0,5.0,5.0,2603101003,1,10,Weekday,20.0,34.0,0.0,0,0.5882352941176471,1101.18,C,41.17647058823529,0.002484819940871664,0.4,0.4117647058823529,16.204,2.778,2.778,[],0.879433
a27d6f142e0e8d4af8e0ea7b1e45798e,Đường Hồng Bàng,10.7537647,106.6538338,10.7566007,106.6695824,2.0,50.0,,primary,asphalt,yes,,0.018585,79.61155247035936,1.7508622385367874,4,-0.6282618790838054,21.0,10.0,2603101003,1,10,Weekday,19.5,30.5,0.0,0,0.639344262295082,2018.36,C,36.065573770491795,0.3232361055760223,0.39,0.36065573770491804,1772.077,404.473,381.667,[],0.984227
30f6a3c6075e4c488d2fc6fde201b263,Nguyễn Văn Đậu,10.8143614,106.6938401,10.8085648,106.6882022,1.0,50.0,,,asphalt,no,,0.011434,223.69264667130736,0.8895143753408157,3,-1.2366298179032094,32.0,21.0,2603101003,1,10,Weekday,29.5,38.5,0.0,0,0.7662337662337663,780.78,B,23.376623376623375,0.10855090682125208,0.59,0.23376623376623376,969.901,206.355,234.794,[],0.528526
20ca31c84c747b68760945e40693c888,3 Tháng 2,10.7711007,106.6734728,10.7674299,106.6665142,1.0,50.0,,,asphalt,no,,0.010629,241.76585897791853,0.8626125382169273,4,-1.2751959324330795,29.0,18.0,2603101003,1,10,Weekday,18.0,32.5,0.0,0,0.5538461538461539,1163.08,C,44.61538461538461,0.17252250764338545,0.36,0.4461538461538462,997.165,261.795,276.082,[],0.98021
57ea3c7bfa4eaa6b92261fdedaec2005,Nguyễn Lương Bằng,10.7310052,106.7203264,10.7318083,106.7200097,2.0,65.0,,service,asphalt,no,,0.00112,338.8211646507593,0.0953489137571674,1,0.0,6.0,6.0,2603101003,1,10,Weekday,43.0,43.0,0.0,0,1.0,720.0,A,0.0,0.007982699756414016,0.6615384615384615,0.0,106.982,31.078,37.671,[],0.660337
e8c79d619669b25ac8a8b5c6cd0d1892,Phạm Hồng Thái,10.7712522,106.6938843,10.7711253,106.6963858,1.0,50.0,,,asphalt,no,,0.002628,92.95585895320404,0.273951350511494,3,1.0950849464325343,19.0,22.0,2603101003,1,10,Weekday,20.0,34.0,0.0,0,0.5882352941176471,1101.18,C,41.17647058823529,0.04931124309206892,0.4,0.4117647058823529,273.926,45.334,45.453,[],0.980291
608546c09584d04780051ef25b4d4be4,Đại lộ ĐHQG TPHCM,10.8738915,106.8076326,10.8749777,106.8056563,1.0,50.0,,,asphalt,no,,0.003063,299.2343021457507,0.2472337104516236,4,-0.4044755863483554,25.0,24.0,2603101003,1,10,Weekday,43.0,56.0,0.0,0,0.7678571428571429,777.86,B,23.214285714285708,0.02069863622385686,0.86,0.23214285714285715,247.988,41.36,41.609,[],0.982027
6b0fbf6a2e4ef04b02bd48b90ded9f0e,Hẻm 297 Lý Thường Kiệt,10.7765701,106.656462,10.7765446,106.6563765,1.0,50.0,,,asphalt,no,,0.000111,253.1117204761973,0.009767198685867,5,0.0,17.0,17.0,2603101003,1,10,Weekday,19.0,33.0,0.0,0,0.5757575757575758,1123.64,C,42.42424242424242,0.0018506271194274316,0.38,0.42424242424242425,300.257,75.863,80.368,[],0.026045
3dd2bf959a14fc2ab7163d4942282df7,Cầu Phú An,10.7923372,106.7131767,10.792197,106.7134711,1.0,50.0,,,asphalt,no,,0.000435,115.86397184071336,0.0357367692726037,2,0.0,30.0,30.0,2603101003,1,10,Weekday,37.0,37.0,0.0,0,1.0,360.0,A,0.0,0.0034770910643614414,0.74,0.0,35.753,6.103,6.103,[],0.979531
dc5b08ac8f96170963f58e21ea5aa31e,Đướng Song Hành Xa Lộ Hà Nội,10.8007157,106.7326817,10.8007639,106.732697,1.0,50.0,,,asphalt,no,,6.4e-05,17.31769154291476,0.0055879488897282,2,0.0,27.0,27.0,2603101003,1,10,Weekday,41.0,41.0,0.0,0,1.0,360.0,A,0.0,0.0004906491708054029,0.82,0.0,1293.979,229.662,233.19,[],0.34976
04333fe7c5c67cf08d89fe0bc6d041fa,Nguyễn Cao Bắc,10.7311497,106.712272,10.7302354,106.7122946,1.0,50.0,,,asphalt,no,,0.000937,178.60877927637137,0.1011634745958487,4,-0.98849906450429,28.0,27.0,2603101003,1,10,Weekday,34.0,34.0,0.0,0,1.0,360.0,A,0.0,0.010711426721913391,0.68,0.0,101.889,15.297,15.583,[],0.981138
564f596f23a465368cd92f0aae0f3bf2,Cách Mạng Tháng Tám,10.7766471,106.6839026,10.7879441,106.662713,1.0,50.0,,,asphalt,no,,0.032487,298.4915762174919,2.632875029443652,1,0.7596258757570491,14.0,34.0,2603101003,1,10,Weekday,18.0,32.5,0.0,0,0.5538461538461539,1163.08,C,44.61538461538461,0.5265750058887304,0.36,0.4461538461538462,2680.81,615.596,625.16,[],0.97967
e70acbe9f7d46f0d61297b911d0ecb2c,Mai Chí Thọ,10.7833905,106.7417533,10.7733243,106.7224129,1.0,50.0,,,asphalt,no,,0.029407,242.0861627540652,2.390391317157587,3,0.0418341546349448,19.0,20.0,2603101003,1,10,Weekday,34.5,38.0,0.0,0,0.9078947368421053,525.79,A,9.210526315789469,0.24943213744253082,0.69,0.09210526315789473,2409.559,223.488,234.09,[],0.983432
745c19b541bdadd331a6485c6e92a834,Quận Gò Vấp,10.8193084,106.6900639,10.8195596,106.6899222,1.0,50.0,,,asphalt,no,,0.000393,331.01071767325266,0.0318146827104098,3,-3.1432028070259417,34.0,33.0,2603101003,1,10,Weekday,40.0,46.0,0.0,0,0.8695652173913043,594.78,B,13.043478260869568,0.002863321443936882,0.8,0.13043478260869565,59.91,22.505,33.052,[],0.833693
bcdfbeb63259abe653c415f33f8e1fb7,Đường Điện Biên Phủ,10.78553,106.6927956,10.7780742,106.685171,1.0,50.0,,,asphalt,no,,0.01508,225.1318240600835,1.1728183272241064,4,-1.1937057662746455,32.0,18.0,2603101003,1,10,Weekday,34.0,41.0,0.0,0,0.8292682926829268,667.32,B,17.07317073170732,0.12418076405902302,0.68,0.17073170731707318,1785.566,467.053,469.143,[],0.0
d9f08bb369d8a76c946053c9dc973675,Võ Chí Công,10.7568077,106.7614378,10.7917842,106.7927383,1.0,50.0,,,asphalt,no,,0.066277,41.31658154427362,5.165971761704874,4,0.1161446534508326,12.0,18.0,2603101003,1,10,Weekday,35.5,38.5,0.0,0,0.922077922077922,500.26,A,7.792207792207795,0.523873192736269,0.71,0.07792207792207792,6951.912,715.125,753.296,[],4e-06
798016db3d58f253bb6838065124c4b4,Hẻm 574 Kinh Dương Vương,10.7321249,106.6096162,10.731368,106.6109526,1.0,50.0,,,asphalt,no,,0.002093,119.96137499725154,0.1684600624100633,3,0.0,16.0,16.0,2603101003,1,10,Weekday,24.0,35.0,0.0,0,0.6857142857142857,925.71,C,31.428571428571427,0.025269009361509498,0.48,0.3142857142857143,168.775,31.98,34.978,[],0.980699
f8be83903596d3581c3ed2722b904f55,Đường số 12,10.8159526,106.7573234,10.8100275,106.756146,1.0,50.0,,,asphalt,no,,0.007103,191.04457073321336,0.6679228582442687,5,3.593229323381363,7.0,31.0,2603101003,1,10,Weekday,42.0,48.0,0.0,0,0.875,585.0,B,12.5,0.057250530706651606,0.84,0.125,671.65,57.557,57.557,[],0.979649
1ce67cf699aa7fd135d62ab8400fa8fe,Tây Thạnh,10.8131648,106.6226738,10.8157799,106.6249673,1.0,50.0,,,asphalt,no,,0.004909,40.7429044244933,0.3828552472909416,1,1.044781292225648,20.0,24.0,2603101003,1,10,Weekday,20.0,34.0,0.0,0,0.5882352941176471,1101.18,C,41.17647058823529,0.0689139445123695,0.4,0.4117647058823529,394.938,70.457,84.367,[],0.978513
f1284f78967f73484fddadf068a2efbb,Đường Hải Thượng Lãn Ông,10.750916,106.6564736,10.7504187,106.6633972,2.5,50.0,,secondary,asphalt,yes,,0.007421,94.18080953957563,0.75928730964239,3,0.9219171598293758,21.0,28.0,2603101003,1,10,Weekday,23.0,32.0,0.0,0,0.71875,2165.62,B,28.125,0.11884497020489583,0.46,0.28125,904.925,241.073,227.729,[],0.016302
40bdc09d799d5156e887ecab50ad1479,Ngô Quyền,10.756629,106.6661917,10.7533937,106.6666573,1.0,50.0,,,asphalt,no,,0.003701,171.95255929005225,0.3614714055679125,4,7.469470498663632,7.0,34.0,2603101003,1,10,Weekday,20.5,30.5,0.0,0,0.6721311475409836,950.16,C,32.786885245901644,0.06347790536802365,0.41,0.32786885245901637,371.916,107.175,106.854,[],0.985862
b735a8d0930fb7584bff1435f4a8e3c6,Nguyễn Văn Quỳ,10.7432943,106.7405148,10.7383028,106.7313895,1.0,50.0,,,asphalt,no,,0.014117,240.8939864217424,1.140670957304302,2,1.402683210047892,8.0,24.0,2603101003,1,10,Weekday,32.5,36.5,0.0,0,0.8904109589041096,557.26,B,10.95890410958904,0.12635124450139962,0.65,0.1095890410958904,1140.422,156.229,160.0,[],0.978377
4ea94be526554335f1d9ce80bc93b90c,Đường số 7,10.7390636,106.6046711,10.7388319,106.6048642,1.0,50.0,,,asphalt,no,,0.000425,140.6890459488684,0.0332110661379488,2,-3.0110445592029427,18.0,17.0,2603101003,1,10,Weekday,52.0,52.0,0.0,0,1.0,360.0,A,0.0,0.0022992276557041477,1.04,0.0,33.521,6.354,9.343,[],0.985615
9793e9678dd4c80b990793cdd330a5cb,Hà Huy Giáp,10.8589939,106.6798911,10.8717216,106.6768789,1.0,50.0,,,asphalt,no,,0.01574,346.91578081709594,1.4458676899254137,2,-1.3832524330792475,32.0,12.0,2603101003,1,10,Weekday,26.0,40.5,0.0,0,0.6419753086419753,1004.44,C,35.802469135802475,0.20019706475890342,0.52,0.35802469135802467,2352.029,362.507,364.971,[],0.742083
5dcb49eb56272f22e7b44f699bc23285,Võ Văn Kiệt,10.7503613,106.6692116,10.7491553,106.6606556,1.0,50.0,,,asphalt,no,,0.009762,261.83620411890206,0.94530401369909,2,-1.057860736343304,34.0,24.0,2603101003,1,10,Weekday,35.0,42.0,0.0,0,0.8333333333333334,660.0,B,16.666666666666664,0.09723126998047783,0.7,0.16666666666666666,966.818,100.061,94.506,[],0.978074
63fae86ec55193cab7357c63f4f2845a,Đặng Văn Ngữ,10.7937455,106.6690254,10.794193,106.6693074,1.0,50.0,,residential,asphalt,no,,0.000729,31.758227714519137,0.0583208065452064,5,1.7146539275393349,17.0,18.0,2603101003,1,10,Weekday,15.0,33.0,0.0,0,0.45454545454545453,1341.82,D,54.54545454545454,0.013996993570849534,0.3,0.5454545454545454,60.214,17.758,17.886,[],0.980218
c7e8f053575a31e8be6d29c76e300110,Vĩnh Phú,10.8838911,106.7070109,10.8701485,106.7005955,1.0,50.0,,,asphalt,no,,0.020158,204.6291737965145,1.6741412464404588,2,-1.1946423303603435,25.0,5.0,2603101003,1,10,Weekday,32.0,45.0,0.0,0,0.7111111111111111,880.0,B,28.888888888888886,0.1883408902245516,0.64,0.28888888888888886,2930.424,479.649,506.311,[],0.270613
20ca31c84c747b68760945e40693c888,3 Tháng 2,10.7674299,106.6665142,10.766037,106.6639913,1.0,50.0,,,asphalt,no,,0.003916,240.66441499783247,0.3160366869950672,4,-1.2656758422677783,18.0,14.0,2603101003,1,10,Weekday,20.5,32.5,0.0,0,0.6307692307692307,1024.62,C,36.92307692307693,0.05549912552108497,0.41,0.36923076923076925,316.484,73.1,70.274,[],0.980266
a15f1b5b38741dfeb44c3281a591add9,Cầu Phú Mỹ,10.7342194,106.7271372,10.7399509,106.7344584,1.0,50.0,,,asphalt,no,,0.013053,51.45099928953073,1.0213886749405292,4,1.1748710647000962,16.0,28.0,2603101003,1,10,Weekday,32.5,36.5,0.0,0,0.8904109589041096,557.26,B,10.95890410958904,0.11313843783956633,0.65,0.1095890410958904,8474.391,884.472,878.49,[],0.0
81f76bbbcd1147a3e9f2e52b5b9c05eb,Hương lộ 10,10.6817688,106.5406723,10.681336,106.5412694,1.0,50.0,,,asphalt,no,,0.00103,126.41308932186536,0.0809885106477968,5,1.234743041946781,16.0,17.0,2603101003,1,10,Weekday,35.5,43.5,0.0,0,0.8160919540229885,691.03,B,18.39080459770115,0.008212919389635732,0.71,0.1839080459770115,98.033,22.387,16.42,[],0.984854
9b1017f69eb0df6c948c7c8b77e3b590,Đường số 7,10.7515592,106.6190633,10.7516045,106.6193735,1.0,50.0,,,asphalt,no,,0.000355,81.54519114990478,0.0342970780957299,3,0.0,15.0,15.0,2603101003,1,10,Weekday,24.0,35.0,0.0,0,0.6857142857142857,925.71,C,31.428571428571427,0.005144561714359485,0.48,0.3142857142857143,35.441,7.982,7.982,[],0.972659
1170d5855840fd58018af34a95589f02,Nguyễn Cơ Thạch,10.7768151,106.7226291,10.779091,106.7220698,1.0,50.0,,,asphalt,no,,0.002835,346.42775350354265,0.2590694608115524,4,1.1579905985839851,23.0,26.0,2603101003,1,10,Weekday,40.0,40.0,0.0,0,1.0,360.0,A,0.0,0.023316251473039718,0.8,0.0,263.496,40.718,38.836,[],0.981021
859cc58eabb3db34a6b9b682885efa1e,Vĩnh Phú 14,10.8683289,106.706146,10.868702,106.7062328,1.0,50.0,,residential,asphalt,no,,0.00046,12.869596722019937,0.0423471256456021,3,0.0,9.0,9.0,2603101003,1,10,Weekday,36.0,49.0,0.0,0,0.7346938775510204,837.55,B,26.530612244897956,0.00423471256456021,0.72,0.2653061224489796,42.598,9.021,9.021,[],0.980131
018c801b805c535de3e65e1877a42922,Trường Chinh,10.8311999,106.6227295,10.8373896,106.6187325,1.0,50.0,,,asphalt,no,,0.010187,327.61588535058974,0.8122751235406859,4,0.2462219932677554,8.0,10.0,2603101003,1,10,Weekday,22.0,35.0,0.0,0,0.6285714285714286,1028.57,C,37.142857142857146,0.13291774748847587,0.44,0.37142857142857144,815.9,84.458,84.947,[],0.980237
af1638d7752e8b881830970c73587a23,Hoàng Minh Giám,10.8123044,106.6768879,10.80837,106.6736261,1.0,50.0,,,asphalt,no,,0.007196,219.15739074969207,0.5627002095361479,3,-1.244001669338337,13.0,6.0,2603101003,1,10,Weekday,21.5,30.5,0.0,0,0.7049180327868853,891.15,B,29.508196721311474,0.09421956996884336,0.43,0.29508196721311475,2461.419,435.549,456.363,[],0.982427
84b55ced01b46649bc0c300d9222f91f,Phạm Thái Bường,10.7273833,106.7086074,10.7274088,106.7097716,1.0,50.0,,,asphalt,no,,0.00119,88.72280559873803,0.1273792843366883,4,0.7850570092361366,20.0,21.0,2603101003,1,10,Weekday,41.0,41.0,0.0,0,1.0,360.0,A,0.0,0.01118452252712385,0.82,0.0,124.744,26.416,26.416,[],0.980874
fff16b993097609c251d6367c38cca99,Tôn Đức Thắng,10.7154014,106.8475443,10.7829212,106.7056039,1.0,50.0,,,asphalt,no,,0.20946,295.84889428415903,17.228288565566665,2,-0.0870661060900719,27.0,12.0,2603101003,1,10,Weekday,46.0,46.0,0.0,0,1.0,360.0,A,0.0,1.348300844261739,0.92,0.0,25331.574,1903.457,1955.644,[],
63912295e9183a9f8c702bb66225df24,Phan Văn Trị,10.8319624,106.6745438,10.8269605,106.6885765,1.0,50.0,,,asphalt,no,,0.019035,109.94497931801544,1.631173656648981,4,-1.2874165736063672,30.0,9.0,2603101003,1,10,Weekday,23.5,32.0,0.0,0,0.734375,838.12,B,26.5625,0.24988192186963112,0.47,0.265625,1644.545,304.195,321.187,[],0.980444
f633bf06989ace67548c52bce7130e95,Phan Văn Trị,10.8112469,106.6954833,10.831922,106.6746596,1.0,50.0,,,asphalt,no,,0.041499,315.31082278617873,3.2272941510128983,1,-0.0309857097992182,31.0,30.0,2603101003,1,10,Weekday,22.0,32.5,0.0,0,0.676923076923077,941.54,C,32.30769230769231,0.5281026792566561,0.44,0.3230769230769231,3655.275,790.086,812.344,[],0.07505
df2b038c0bd8d1cae19775a89f3aeb75,Đường cao tốc Tp. Hồ Chí Minh-Long Thành-Dầu Giây,10.7942306,106.7570472,10.7939773,106.7555931,1.0,50.0,,,asphalt,no,,0.001707,259.9441451406279,0.1614737025786867,3,-1.8578876634962205,16.0,13.0,2603101003,1,10,Weekday,64.0,64.0,0.0,0,1.0,360.0,A,0.0,0.009082895770051128,1.28,0.0,162.311,11.764,11.864,[],0.985245
849475e29344d63175677faaf9f43a7f,Nguyễn Khoái,10.7558779,106.6939259,10.7533608,106.6952956,1.0,50.0,,,asphalt,no,,0.003887,151.8709113834649,0.3161707798698561,4,0.0,33.0,33.0,2603101003,1,10,Weekday,29.5,33.0,0.0,0,0.8939393939393939,550.91,B,10.606060606060607,0.038583552797677355,0.59,0.10606060606060606,317.814,65.868,68.635,[],0.980581
9eb7d002bf67659a94abdec50d79d48d,Tô Ký,10.8599399,106.61763,10.8571859,106.6200389,1.0,50.0,,,asphalt,no,,0.005163,139.33619904449083,0.4027064464923388,1,0.2483198391061823,31.0,32.0,2603101003,1,10,Weekday,26.0,36.0,0.0,0,0.7222222222222222,860.0,B,27.77777777777778,0.05575935412970844,0.52,0.2777777777777778,425.527,90.314,90.599,[],0.805109
6c15256cf0002f82edd3c632b8618c01,Đường số 8,10.8824106,106.7698521,10.8418186,106.6623835,1.0,50.0,,,asphalt,no,,0.148061,248.97333809475825,12.579046586262796,5,0.015899456181235,26.0,28.0,2603101003,1,10,Weekday,29.0,40.5,0.0,0,0.7160493827160493,871.11,B,28.395061728395067,1.5615368176050368,0.58,0.2839506172839506,15907.118,2134.004,2129.998,[],
14cd7594142d9c3e798e5b9e2f7c0c75,Đào Trinh Nhất,10.8625105,106.7609449,10.8650568,106.7590353,1.0,50.0,,,asphalt,no,,0.004456,323.628150646264,0.3506045278503562,5,0.5704432889850279,27.0,29.0,2603101003,1,10,Weekday,33.0,43.0,0.0,0,0.7674418604651163,778.6,B,23.25581395348837,0.038247766674584315,0.66,0.23255813953488372,355.399,80.503,92.533,[],0.982605
19159488838aabb5e7b22630b92d0b76,Nguyễn Thị Thập,10.7394635,106.7068498,10.7399476,106.7035805,1.0,50.0,,,asphalt,no,,0.003753,278.57109973356046,0.361590521569828,5,-0.8296677653428641,30.0,27.0,2603101003,1,10,Weekday,21.5,29.0,0.0,0,0.7413793103448276,825.52,B,25.86206896551724,0.06054538965820376,0.43,0.25862068965517243,362.407,93.78,92.156,[],0.98263
3f3172997a45be4a39c53a0697c17f35,Hẻm 602 Điện Biên Phủ,10.7987712,106.7178735,10.7986979,106.7178674,1.0,50.0,,,asphalt,no,,7.9e-05,184.6733068292354,0.0081353497400646,3,0.0,10.0,10.0,2603101003,1,10,Weekday,34.0,41.0,0.0,0,0.8292682926829268,667.32,B,17.07317073170732,0.0008613899724774282,0.68,0.17073170731707318,7.135,1.019,1.019,[],0.017043
51f7836e378c5d826cafa0ac7ff82474,Cao Xuân Dục,10.7470453,106.6603737,10.746165,106.6591277,1.0,50.0,,,asphalt,no,,0.002126,234.27971319655455,0.1674981548786777,5,-1.1940430039057088,22.0,20.0,2603101003,1,10,Weekday,18.0,29.0,0.0,0,0.6206896551724138,1042.76,C,37.93103448275862,0.033499630975735536,0.36,0.3793103448275862,174.241,48.17,46.813,[],0.908786
a89aa36b7c2eff6f567f7598e4be48a7,Xa Lộ Hà Nội,10.8025311,106.74573,10.817913,106.7579707,1.0,50.0,,,asphalt,no,,0.027623,38.01230403572248,2.164895408098169,1,-0.1385748239281203,12.0,9.0,2603101003,1,10,Weekday,42.0,45.5,0.0,0,0.9230769230769231,498.46,A,7.692307692307687,0.18556246355127165,0.84,0.07692307692307693,3415.703,371.007,365.885,[],0.0
4adadefb2f494e815b54b8b48c9e86cf,Phan Thúc Duyện,10.8052601,106.6589142,10.8026411,106.6635788,1.0,50.0,,,asphalt,no,,0.007284,119.75162491303502,0.5866369432581906,5,0.3409263639095024,18.0,20.0,2603101003,1,10,Weekday,38.5,41.5,0.0,0,0.927710843373494,490.12,A,7.2289156626506035,0.0548543635254412,0.77,0.07228915662650602,1237.976,261.242,281.436,[],0.982543
5e821e35fcda063be2bb55ed0cd66a70,Đường Liên Ấp 6-2,10.8195165,106.5507126,10.8195126,106.5508201,1.0,50.0,,,asphalt,no,,0.000111,92.11528583731206,0.011763414459228,5,0.0,14.0,14.0,2603101003,1,10,Weekday,27.0,43.0,0.0,0,0.627906976744186,1029.77,C,37.2093023255814,0.0015684552612303998,0.54,0.37209302325581395,14.99,2.698,2.698,[],0.978655
a0616551a649b424c725bc667b4a8e72,Cầu Thị Nghè 2,10.7875007,106.7093873,10.7876817,106.7096016,1.0,50.0,,,asphalt,no,,0.000395,49.31087218336796,0.030824173298449,5,0.0,21.0,21.0,2603101003,1,10,Weekday,34.5,38.0,0.0,0,0.9078947368421053,525.79,A,9.210526315789469,0.003216435474620765,0.69,0.09210526315789473,785.769,122.389,116.983,[],0.028928
386ac6318097163e888241a001ada6e8,Sư Van Hạnh,10.7589142,106.6735498,10.7633633,106.6725291,1.0,50.0,,,asphalt,no,,0.00547,347.2988439732827,0.5046319804709956,1,0.7926568578286738,16.0,20.0,2603101003,1,10,Weekday,27.0,35.0,0.0,0,0.7714285714285715,771.43,B,22.857142857142854,0.0672842640627994,0.54,0.22857142857142856,507.75,138.208,143.575,[],0.980405
45b1b3b95545b4b05224dd0d92480fd6,Phan Văn Đối,10.8296291,106.5950621,10.8295371,106.5949971,1.0,50.0,,,asphalt,no,,0.000157,214.7582892888676,0.0124128932188832,1,-8.056139550759516,9.0,8.0,2603101003,1,10,Weekday,31.0,46.0,0.0,0,0.6739130434782609,946.96,C,32.608695652173914,0.0014414972770315974,0.62,0.32608695652173914,12.466,2.244,2.244,[],0.980289
5b019332e6114b8ae49c3362815db79b,Trần Văn Quang,10.7796593,106.6445172,10.7795043,106.6499053,1.0,50.0,,,asphalt,no,,0.005543,91.67685729688644,0.5895348096112603,1,0.8481263393584858,8.0,13.0,2603101003,1,10,Weekday,19.5,31.0,0.0,0,0.6290322580645161,1027.74,C,37.096774193548384,0.10883719562054035,0.39,0.3709677419354839,619.327,148.917,171.638,[],0.824908
1c221f6e40451be98217be4aea879576,Xã Tân Thới Nhì,10.8598764,106.6039116,10.8590069,106.6045252,1.0,50.0,,,asphalt,no,,0.001483,145.27583065522526,0.1172665726710702,4,0.8527579319683662,17.0,18.0,2603101003,1,10,Weekday,41.0,47.0,0.0,0,0.8723404255319149,589.79,B,12.765957446808507,0.010296577112581773,0.82,0.1276595744680851,114.645,13.314,13.314,[],0.979698
573db5c9e513464ec598b4100d46964e,Tản Đà,10.7510333,106.6646409,10.7548043,106.663899,1.0,50.0,,,asphalt,no,,0.004513,349.0606241608229,0.4249413177155262,1,0.4706532211910928,30.0,32.0,2603101003,1,10,Weekday,19.0,29.5,0.0,0,0.6440677966101694,1000.68,C,35.59322033898306,0.08051519704083654,0.38,0.3559322033898305,427.524,105.889,106.798,[],0.980203
aecdc48bd5b765a23d6774bcb21df781,Pasteur,10.7778266,106.6988251,10.7743326,106.7010371,1.0,50.0,,,asphalt,no,,0.005706,148.1214415685656,0.4559561787218035,3,0.0,30.0,30.0,2603101003,1,10,Weekday,14.0,25.0,0.0,0,0.56,1152.0,C,43.99999999999999,0.11724587452846376,0.28,0.44,1036.633,293.336,312.872,[],0.0
bbe60f9a46cf61aed393aa19886c8fe9,Trường Chinh,10.7959135,106.647854,10.8339258,106.6206709,1.0,50.0,,,asphalt,no,,0.065195,324.9178946598881,5.149336454023067,4,-0.3689795795952642,27.0,8.0,2603101003,1,10,Weekday,24.0,35.5,0.0,0,0.676056338028169,943.1,C,32.3943661971831,0.7724004681034601,0.48,0.323943661971831,5873.559,1053.358,1043.735,[],0.054256
c0463e7f9e4e9d97dac360cd1f8fb1cc,Xa Lộ Hà Nội,10.8000814,106.7343734,10.8019073,106.7457465,1.0,50.0,,,asphalt,no,,0.013199,80.7165266595672,1.2600562646348807,4,-1.4285076393168643,29.0,11.0,2603101003,1,10,Weekday,44.0,44.0,0.0,0,1.0,360.0,A,0.0,0.1030955125610357,0.88,0.0,1263.314,124.949,124.972,[],0.982927
945f4133aaa997f4ea99a4b9f3d73e0b,Lê Quang Sung,10.7510631,106.6528193,10.7510631,106.6528193,1.0,50.0,,,asphalt,no,,0.0,0.0,0.0,4,0.0,18.0,18.0,2603101003,1,10,Weekday,22.0,32.0,0.0,0,0.6875,922.5,C,31.25,0.0,0.44,0.3125,0.0,0.0,0.0,[],0.0
3c39db0c557be235aff028b5bb55ca41,3 Tháng 2,10.7580658,106.6494435,10.7711007,106.6734728,1.0,50.0,,,asphalt,no,,0.037064,61.09136239332747,2.9976867161454885,4,0.233513394254914,22.0,29.0,2603101003,1,10,Weekday,20.5,32.5,0.0,0,0.6307692307692307,1024.62,C,36.92307692307693,0.5264230330792077,0.41,0.36923076923076925,3007.784,600.378,590.46,[],0.980771
92f1cb670876b54073fe61492ce5ff52,Xa lộ Hà Nội,10.8557659,106.7838587,10.8069194,106.7548299,1.0,50.0,,,asphalt,no,,0.077875,210.27478417014785,6.266524386997125,2,0.1914937094141002,13.0,25.0,2603101003,1,10,Weekday,38.0,44.5,0.0,0,0.8539325842696629,622.92,B,14.60674157303371,0.5936707313997277,0.76,0.14606741573033707,9791.75,1011.367,1005.85,[],
22700581d6bd3daf2342f1772c11114c,Đường Nguyễn Oanh,10.8263467,106.6799853,10.8259802,106.6799069,1.0,50.0,,,asphalt,no,,0.000445,191.8657162438378,0.0414364158543089,4,-2.4133361425756847,30.0,29.0,2603101003,1,10,Weekday,25.0,34.0,0.0,0,0.7352941176470589,836.47,B,26.470588235294112,0.005966843883020481,0.5,0.2647058823529412,42.061,6.443,6.925,[],0.983279
c0298e6264c5625c9b66f21d640bf1c7,Song Hành,10.7992821,106.7334658,10.8021502,106.7485095,1.0,50.0,,,asphalt,no,,0.017912,79.0146441185496,1.675493050808332,1,-0.7162070886662687,27.0,15.0,2603101003,1,10,Weekday,38.0,38.0,0.0,0,1.0,360.0,A,0.0,0.15873092060289462,0.76,0.0,1805.838,195.257,198.71,[],0.979943
e79105746e9eb70d7876bb37723ea3a4,Nguyễn Ðình Chiểu,10.7803604,106.6918856,10.767872,106.6800536,1.0,50.0,,,asphalt,no,,0.02432,222.94658373545175,1.8928328220422044,2,0.3169852049335511,26.0,32.0,2603101003,1,10,Weekday,19.0,25.0,0.0,0,0.76,792.0,B,24.0,0.358642008386944,0.38,0.24,1898.646,444.716,448.178,[],0.979969
900ad9b82bb6e75e454ac498bc1e67e3,Cầu vượt Lý Thái Tổ - Nguyễn Tri Phương,10.7666392,106.6652083,10.7692426,106.6699972,1.0,50.0,,,asphalt,no,,0.007392,61.04046238837293,0.5977157637072338,4,1.1711252111846022,16.0,23.0,2603101003,1,10,Weekday,18.0,32.0,0.0,0,0.5625,1147.5,C,43.75,0.11954315274144675,0.36,0.4375,598.168,75.268,75.331,[],0.979557
c3215633a558ad6ac300609ca953bd94,Nguyễn Bỉnh Khiêm,10.7886678,106.7034865,10.7918707,106.700004,1.0,50.0,,,asphalt,no,,0.006685,313.11509103284845,0.520164530867115,5,0.0,16.0,16.0,2603101003,1,10,Weekday,8.0,25.0,0.0,0,0.32,1584.0,D,68.0,0.23407403889020173,0.16,0.68,816.543,218.153,242.766,[],0.0
22ad63cc1fad145a51f5915af4b63bc3,Học Lạc,10.7519423,106.6544294,10.7516397,106.6544546,1.0,50.0,,,asphalt,no,,0.000328,175.3226886434685,0.0335847704038934,2,0.0,20.0,20.0,2603101003,1,10,Weekday,22.0,32.0,0.0,0,0.6875,922.5,C,31.25,0.005495689702455284,0.44,0.3125,35.845,10.754,10.754,[],0.975979
218b6419daf3a9e5e99de93e29777c75,Trường Sa,10.7925479,106.6855754,10.7939608,106.7006919,1.0,50.0,,,asphalt,no,,0.016529,84.56321586559437,1.6605567930359535,3,-0.8430907066059546,32.0,18.0,2603101003,1,10,Weekday,35.5,39.5,0.0,0,0.8987341772151899,542.28,B,10.126582278481012,0.16839449168815304,0.71,0.10126582278481013,3908.758,635.744,675.484,[],3e-06
2c13b08f45398838cbdc9f0c9a8d89e2,Vạn Kiếp,10.7504541,106.6597273,10.7502217,106.659871,1.0,50.0,,,asphalt,no,,0.000376,148.7222127818028,0.0301308306261385,3,0.0,24.0,24.0,2603101003,1,10,Weekday,16.0,25.0,0.0,0,0.64,1008.0,C,36.0,0.006779436890881162,0.32,0.36,544.003,143.276,128.608,[],0.977118
c11a22a51386b6683718470043bdd752,Nguyễn Trãi,10.7527545,106.6535477,10.7669665,106.6883289,1.0,50.0,,,asphalt,no,,0.048993,67.41314533142446,4.1162107319089225,1,-0.2672360750320154,20.0,9.0,2603101003,1,10,Weekday,21.0,31.0,0.0,0,0.6774193548387096,940.65,C,32.25806451612904,0.705636125470101,0.42,0.3225806451612903,4508.0,1009.654,1005.927,[],0.456034
6237c4a356ad9dae779897d9c87f4f64,Cao tốc TP. Hồ Chí Minh - Long Thành - Dầu Giây,10.794041,106.8052263,10.7950193,106.7995037,1.0,50.0,,,asphalt,no,,0.006701,279.8730282192795,0.6351247028278337,2,-0.7872469733483777,34.0,29.0,2603101003,1,10,Weekday,79.0,79.0,0.0,0,1.0,360.0,A,0.0,0.028942391521268374,1.58,0.0,635.173,32.592,32.642,[],0.980289
8457240fccffc65244c51d3867b23542,Đỗ Xuân Hợp,10.8355189,106.7658175,10.8354781,106.7658807,1.0,50.0,,,asphalt,no,,0.000104,123.31644997259832,0.0082538639201561,1,0.0,5.0,5.0,2603101003,1,10,Weekday,42.0,48.0,0.0,0,0.875,585.0,B,12.5,0.0007074740502990944,0.84,0.125,17.786,11.638,13.725,[],0.940595
4ff1c86146a8f15a787642fe50ee30d5,Xa Lộ Hà Nội,10.8020857,106.7438001,10.8006952,106.7363742,1.0,50.0,,,asphalt,no,,0.008816,259.2080360296418,0.8265338708828588,4,2.5407307237837617,10.0,31.0,2603101003,1,10,Weekday,50.0,50.0,0.0,0,1.0,360.0,A,0.0,0.05951043870356583,1.0,0.0,826.628,66.147,66.147,[],0.980291
1f44fb04b5944655da7f198ac258e82d,Cầu Sài Gòn 2,10.7988988,106.728642,10.7994998,106.7320752,1.0,50.0,,,asphalt,no,,0.004034,79.89499357771018,0.3812976367062461,5,1.3113115631115302,21.0,26.0,2603101003,1,10,Weekday,38.5,42.0,0.0,0,0.9166666666666666,510.0,A,8.333333333333337,0.035653804990713925,0.77,0.08333333333333333,381.209,29.194,29.194,[],0.980367
ea14fc6b6273dcb810b2b2df002c6e95,Cách Mạng Tháng Tám,10.7782417,106.68085,10.7752936,106.6864011,1.5,50.0,,primary,asphalt,no,,0.008499,118.39596774389828,0.6891535218595868,3,0.4353166464135465,13.0,16.0,2603101003,1,10,Weekday,16.0,31.0,0.0,0,0.5161290322580645,1846.45,C,48.38709677419355,0.15505954241840703,0.32,0.4838709677419355,729.691,209.363,220.456,[],0.897434
899a284c09ee8dbccf54ce3e20b0336c,Rạch Bùng Binh,10.7794508,106.6785811,10.7840477,106.6803024,1.0,50.0,,,asphalt,no,,0.006318,20.195270083606715,0.5422074173756464,2,1.2910188565624756,12.0,19.0,2603101003,1,10,Weekday,17.5,30.5,0.0,0,0.5737704918032787,1127.21,C,42.622950819672134,0.1115398115744187,0.35,0.4262295081967213,583.761,140.686,153.673,[],0.790022
6bcf7958157a9d3a991fc9aaa3836e34,Quận 11,10.7673207,106.6534073,10.753578,106.6497631,1.0,50.0,,,asphalt,no,,0.017387,194.60196632092848,1.5715080034298723,5,0.7635977655735492,5.0,17.0,2603101003,1,10,Weekday,21.0,33.0,0.0,0,0.6363636363636364,1014.55,C,36.36363636363637,0.26940137201654957,0.42,0.36363636363636365,2137.065,431.052,440.894,[],0.004451
363d1a8264d89a6d6301bf2c3e5dfd61,Lê Duẩn,10.7857663,106.7035568,10.7803753,106.6984806,1.0,50.0,,,asphalt,no,,0.010467,222.7686838309276,0.8147409336301014,4,2.45476803416387,13.0,33.0,2603101003,1,10,Weekday,18.5,29.5,0.0,0,0.6271186440677966,1031.19,C,37.28813559322034,0.1585441816793711,0.37,0.3728813559322034,826.457,188.744,195.058,[],0.980796
89479dc4a7719faf7acf04a66a8cac89,Đường dẫn Ga Quốc tế,10.8133493,106.6648995,10.8130718,106.6649688,1.0,50.0,,,asphalt,no,,0.000347,166.21771990750608,0.0316168842267898,2,0.0,32.0,32.0,2603101003,1,10,Weekday,21.0,33.0,0.0,0,0.6363636363636364,1014.55,C,36.36363636363637,0.005420037296021109,0.42,0.36363636363636365,31.813,11.483,11.483,[],0.980509
d3909245c1ca175af9d20da52ea53220,Đường N,10.7246478,106.7159815,10.7255698,106.715968,1.0,50.0,,,asphalt,no,,0.000935,359.17578356541986,0.101995637585983,1,0.9804340888177624,24.0,25.0,2603101003,1,10,Weekday,43.0,43.0,0.0,0,1.0,360.0,A,0.0,0.008539169658361366,0.86,0.0,102.0,20.4,20.4,[],0.971813
cfee41269e100ac72dee07e16c1b7ab4,Trần Não,10.7912282,106.730462,10.7916195,106.7303648,1.0,50.0,,,asphalt,no,,0.000488,346.2872407482637,0.0445692025312389,5,0.0,16.0,16.0,2603101003,1,10,Weekday,32.0,32.0,0.0,0,1.0,360.0,A,0.0,0.005014035284764376,0.64,0.0,57.697,11.495,25.238,[],3.7e-05
2e7b0341cc7b2135881d31cacb53f4b1,Lý Thái Tổ,10.7677321,106.6723696,10.7676423,106.6741538,1.0,50.0,,,asphalt,no,,0.001874,92.93268926022364,0.1953945949489752,5,1.0235697668721464,24.0,26.0,2603101003,1,10,Weekday,15.0,35.0,0.0,0,0.42857142857142855,1388.57,D,57.14285714285714,0.046894702787754046,0.3,0.5714285714285714,194.71,50.702,51.607,[],0.976082
6aa6fd37562921a2408c2a7be27f2fef,Nhánh B1,10.7923857,106.7519936,10.7926848,106.7536837,2.5,65.0,,trunk,asphalt,yes,,0.001989,79.78707289539034,0.1877724808453984,3,1.0651188028168466,8.0,10.0,2603101003,1,10,Weekday,31.5,34.0,0.0,0,0.9264705882352942,1230.88,A,7.352941176470584,0.02145971209661696,0.4846153846153846,0.07352941176470588,2548.149,314.533,329.283,[],
7d37add08c105b05319c0a817946b108,Lý Thái Tổ,10.7677425,106.6740246,10.7669304,106.6770101,1.0,50.0,,,asphalt,no,,0.003798,105.47658212160422,0.3386618531463757,4,0.5905595748144579,26.0,28.0,2603101003,1,10,Weekday,13.5,34.5,0.0,0,0.391304347826087,1455.65,D,60.86956521739131,0.09030982750570019,0.27,0.6086956521739131,1319.513,303.685,310.366,[],0.939225
d8ff2b0f0bf87975af40b356ad7e578e,Nguyễn Lương Bằng,10.7348064,106.7180368,10.7232098,106.7253596,1.0,50.0,,,asphalt,no,,0.018919,148.1829366161635,1.5122907540840438,3,1.7192461125471563,7.0,33.0,2603101003,1,10,Weekday,29.5,34.5,0.0,0,0.855072463768116,620.87,B,14.492753623188403,0.18455073609161213,0.59,0.14492753623188406,2068.654,339.504,360.652,[],2e-06
f92b3d0350a5ebeec92b2332dd10257e,Nguyễn Oanh,10.8506971,106.6787535,10.8308983,106.6775689,1.0,50.0,,,asphalt,no,,0.020983,183.3631800913753,2.193843137042644,3,0.4102389933006891,23.0,32.0,2603101003,1,10,Weekday,26.0,34.0,0.0,0,0.7647058823529411,783.53,B,23.529411764705888,0.30376289589821226,0.52,0.23529411764705882,2353.994,467.779,462.49,[],0.900491
9b8f748464a27e77deaba78654baa271,Phạm Ngũ Lão,10.7690424,106.6941176,10.7667354,106.6883701,1.0,50.0,,,asphalt,no,,0.008054,247.7762871721337,0.6784377501250242,2,-1.3265771249228773,18.0,9.0,2603101003,1,10,Weekday,15.0,24.0,0.0,0,0.625,1035.0,C,37.5,0.1628250600300058,0.3,0.375,1117.271,309.495,336.273,[],0.0
45451154c2024c922a22984ec583ee80,Cầu Calmette,10.7671805,106.6998985,10.7645089,106.700715,1.0,50.0,,,asphalt,no,,0.003488,163.28791880985534,0.3087125044629598,4,-0.6478519564600163,21.0,19.0,2603101003,1,10,Weekday,31.5,34.5,0.0,0,0.9130434782608695,516.52,A,8.695652173913048,0.03528142908148112,0.63,0.08695652173913043,862.877,199.208,225.691,[],0.000214
386ac6318097163e888241a001ada6e8,Sư Van Hạnh,10.7633633,106.6725291,10.7696215,106.6710798,1.0,50.0,,,asphalt,no,,0.007708,347.1830786847614,0.7101554472370639,4,0.7040712029250832,20.0,25.0,2603101003,1,10,Weekday,23.5,33.0,0.0,0,0.7121212121212122,878.18,B,28.787878787878785,0.10878977064057149,0.47,0.2878787878787879,719.2,176.563,186.692,[],0.982544
c9e93cbf8c75b64a0675bd2fc62a5449,Cầu Văn Thánh,10.8003961,106.7165178,10.8006159,106.716054,1.0,50.0,,,asphalt,no,,0.000684,295.7553828850519,0.0562473754742848,5,0.0,11.0,11.0,2603101003,1,10,Weekday,50.0,50.0,0.0,0,1.0,360.0,A,0.0,0.004049811034148506,1.0,0.0,57.635,7.685,7.685,[],0.979762
98c9357b3e508c6dca3ff35cc3c350f2,Lý Tự Trọng,10.7721656,106.6944832,10.7779424,106.7010583,1.0,50.0,,,asphalt,no,,0.012352,48.19133604990668,0.9619956472829648,3,1.2474068914856826,21.0,33.0,2603101003,1,10,Weekday,14.0,23.0,0.0,0,0.6086956521739131,1064.35,C,39.13043478260869,0.24737030930133383,0.28,0.391304347826087,973.164,273.157,278.821,[],0.984521
42d38218242c47283340f4bf54a67bac,Tân Sơn,10.8385379,106.6467909,10.8248067,106.6412646,1.0,50.0,,,asphalt,no,,0.019258,201.5690363609863,1.6346551177800768,2,0.6729248194529507,9.0,20.0,2603101003,1,10,Weekday,29.0,29.0,0.0,0,1.0,360.0,A,0.0,0.20292270427614748,0.58,0.0,1677.985,216.287,233.206,[],0.96573
c96cc95eb47b29a1666a1f505b6e9462,Lê Văn Qưới,10.7763027,106.6087456,10.7763962,106.6028052,1.0,50.0,,,asphalt,no,,0.006034,270.9184835902165,0.6497786118757239,5,-0.923391427532483,29.0,23.0,2603101003,1,10,Weekday,23.5,32.0,0.0,0,0.734375,838.12,B,26.5625,0.09954055330862153,0.47,0.265625,653.276,90.675,96.292,[],0.980347
b001fef67f6c2ecbf851f1f2f2485b76,Dương Thị Mười,10.8703305,106.6368278,10.8704226,106.6368738,1.0,50.0,,,asphalt,no,,0.000138,26.127716735209788,0.0113613697688565,5,0.0,31.0,31.0,2603101003,1,10,Weekday,30.0,47.5,0.0,0,0.631578947368421,1023.16,C,36.8421052631579,0.00136336437226278,0.6,0.3684210526315789,11.179,3.047,3.047,[],0.935541
831b123fd6bb71ec3ccaebb02de8b7a4,Lê Văn Quới,10.7735866,106.6215672,10.7762952,106.6093332,1.0,50.0,,,asphalt,no,,0.014943,282.7018616766393,1.371161198285025,1,1.5315485900757455,9.0,30.0,2603101003,1,10,Weekday,22.5,29.5,0.0,0,0.7627118644067796,787.12,B,23.728813559322038,0.219385791725604,0.45,0.23728813559322035,1386.759,210.255,221.083,[],0.982413
f633bf06989ace67548c52bce7130e95,Nơ Trang Long,10.8112469,106.6954833,10.8252639,106.706678,1.0,50.0,,,asphalt,no,,0.025212,38.1116298765117,1.9754947828399587,4,-0.253101149313694,31.0,26.0,2603101003,1,10,Weekday,25.5,36.5,0.0,0,0.6986301369863014,902.47,C,30.136986301369863,0.2788933811068177,0.51,0.3013698630136986,2279.147,418.909,439.602,[],0.031807
6470374b64563b292d6d81869518d2b7,Quốc lộ 22,10.8704157,106.5966668,10.8774435,106.5916776,1.0,50.0,,,asphalt,no,,0.012017,325.11716708780875,0.9496650731147532,3,0.210600563990451,21.0,23.0,2603101003,1,10,Weekday,37.0,45.0,0.0,0,0.8222222222222222,680.0,B,17.777777777777782,0.09239984495170572,0.74,0.17777777777777778,953.62,97.056,97.155,[],0.9802
2c9483f432b8e6ee5257e25203c3c2d2,Phan Đăng Lưu,10.8039468,106.6857885,10.8037891,106.687792,1.0,50.0,,,asphalt,no,,0.002161,94.581284599706,0.2197943913754398,2,0.9099413262933164,13.0,15.0,2603101003,1,10,Weekday,19.0,30.5,0.0,0,0.6229508196721312,1038.69,C,37.704918032786885,0.041645253102714906,0.38,0.3770491803278688,258.928,57.423,76.065,[],0.979643
40ee8f79ed99e5258c294b0ede150772,Liên Xã,10.8884699,106.5839509,10.8885006,106.5840148,1.0,50.0,,,asphalt,no,,9.5e-05,63.92997625354889,0.0077677013435755,4,12.873821427584526,26.0,27.0,2603101003,1,10,Weekday,37.0,45.0,0.0,0,0.8222222222222222,680.0,B,17.777777777777782,0.0007557763469424811,0.74,0.17777777777777778,10.805,2.047,2.047,[],0.186867
5c7a7f20cc257f980d2163ca90a814cb,Cầu vượt Tân Thới Hiệp,10.8621176,106.6511715,10.8620995,106.6499973,1.0,50.0,,,asphalt,no,,0.001192,269.10087184671386,0.1284003345810585,5,-1.5576283399303832,8.0,6.0,2603101003,1,10,Weekday,27.0,47.0,0.0,0,0.574468085106383,1125.96,C,42.553191489361694,0.0171200446108078,0.54,0.425531914893617,128.548,14.022,14.022,[],0.981657
98c9357b3e508c6dca3ff35cc3c350f2,Lý Tự Trọng,10.7779424,106.7010583,10.7818664,106.7046426,1.0,50.0,,,asphalt,no,,0.007508,41.90163611186,0.5848636141316033,4,-3.9325407572413367,33.0,10.0,2603101003,1,10,Weekday,14.0,23.0,0.0,0,0.6086956521739131,1064.35,C,39.13043478260869,0.15039350077669797,0.28,0.391304347826087,587.825,144.273,148.18,[],0.981984
26ab458d485349580f5ada61278363de,An Dương Vương,10.7566251,106.6697746,10.7566534,106.669461,1.0,50.0,,,asphalt,no,,0.000342,275.24828410350057,0.0344429298789684,3,0.0,10.0,10.0,2603101003,1,10,Weekday,21.0,31.0,0.0,0,0.6774193548387096,940.65,C,32.25806451612904,0.0059045022649660125,0.42,0.3225806451612903,422.723,109.715,105.33,[],0.631396
2331810cce9f2f72825928a584de44d2,Trần Phú,10.7529727,106.668592,10.7626244,106.6790625,1.0,50.0,,,asphalt,no,,0.020122,46.82255884477661,1.5656641055376213,5,1.3412838632325277,5.0,26.0,2603101003,1,10,Weekday,17.5,28.5,0.0,0,0.6140350877192983,1054.74,C,38.59649122807017,0.32207947313916785,0.35,0.38596491228070173,1727.977,363.871,368.892,[],0.23986
e8b212948238c2edd102706d16576d8f,Quớc Lộ 22,10.8798576,106.5900475,10.8851888,106.5863138,1.0,50.0,,,asphalt,no,,0.009065,325.481946144111,0.7172064299713334,1,0.2788597419685626,24.0,26.0,2603101003,1,10,Weekday,37.0,45.0,0.0,0,0.8222222222222222,680.0,B,17.777777777777782,0.06978224724045407,0.74,0.17777777777777778,720.293,118.441,121.158,[],0.980313
64f139ba573a5097543a281c37f2811e,Đường Cộng Hòa,10.8021815,106.6453771,10.8022319,106.644295,1.0,50.0,,,asphalt,no,,0.001133,272.71482299062734,0.1184694530364686,3,-0.8440994487348301,32.0,31.0,2603101003,1,10,Weekday,26.0,39.0,0.0,0,0.6666666666666666,960.0,C,33.333333333333336,0.01640346272812642,0.52,0.3333333333333333,117.53,12.518,13.006,[],0.969279
83e87b7516a10efbe845ec087ce6ddbd,Nguyễn Du,10.7801784,106.7010865,10.8802415,106.7933053,1.0,50.0,,,asphalt,no,,0.192282,42.14245983303175,14.97320165330798,1,0.0801431803154062,6.0,18.0,2603101003,1,10,Weekday,24.0,37.5,0.0,0,0.64,1008.0,C,36.0,2.245980247996197,0.48,0.36,20300.1,2270.383,2308.161,[],
b27f4ea2c0973e77fb34bb8981236aee,Cầu vượt Bình Phước,10.8653758,106.7238705,10.8648149,106.7227673,1.0,50.0,,,asphalt,no,,0.001664,242.62902038163892,0.1356417171489141,3,-1.4744726342591945,23.0,21.0,2603101003,1,10,Weekday,27.0,36.0,0.0,0,0.75,810.0,B,25.0,0.01808556228652188,0.54,0.25,2767.991,448.193,555.351,[],0.980137
2268892ea7efae68e2fa50c4e77360bf,Phạm Văn Đồng,10.8212703,106.6975926,10.8370873,106.7325701,1.0,50.0,,,asphalt,no,,0.050795,65.27518258535986,4.205950890672308,1,0.4992925629867071,13.0,34.0,2603101003,1,10,Weekday,37.0,45.0,0.0,0,0.8222222222222222,680.0,B,17.777777777777782,0.40922765422757595,0.74,0.17777777777777778,4305.242,400.612,415.565,[],0.96801
3dc3aeb6ac2cd4c7167f26a1d7f12ea3,Cầu vượt Sóng Thần 1,10.8753473,106.7511683,10.8754506,106.7515008,1.0,50.0,,,asphalt,no,,0.000436,72.44475611265193,0.0381067500488708,4,0.0,31.0,31.0,2603101003,1,10,Weekday,33.0,48.0,0.0,0,0.6875,922.5,C,31.25,0.00415710000533136,0.66,0.3125,38.121,3.925,3.925,[],0.980186
70f1b14a609deef6532cfd6eac842e1d,Trần Văn Kiểu,10.7465385,106.6289013,10.7460179,106.6288456,1.0,50.0,,,asphalt,no,,0.000576,186.00064711043208,0.0579064633825122,5,0.0,19.0,19.0,2603101003,1,10,Weekday,24.0,35.0,0.0,0,0.6857142857142857,925.71,C,31.428571428571427,0.008685969507376832,0.48,0.3142857142857143,70.369,15.33,28.048,[],0.92827
2b4070260e2726ad3905ed6b34017434,Đường Song Hành Xa lộ Hà Nội,10.8488622,106.7742039,10.855961,106.7849851,1.0,50.0,,,asphalt,no,,0.01788,56.15978555379763,1.416412679913675,3,-0.9178116084637354,27.0,14.0,2603101003,1,10,Weekday,43.0,50.0,0.0,0,0.86,612.0,B,14.000000000000002,0.11858338715556348,0.86,0.14,1675.036,192.416,191.095,[],0.984301
ad966e26648e05b8e1e20a288d61ccde,Tân Xuân 2,10.8819132,106.6077482,10.8822319,106.6079617,1.0,50.0,,,asphalt,no,,0.000532,33.339401630294844,0.042280054148949,3,2.3651814552485777,13.0,14.0,2603101003,1,10,Weekday,27.0,36.0,0.0,0,0.75,810.0,B,25.0,0.005637340553193201,0.54,0.25,42.933,7.741,7.741,[],0.981038
71bcdd26e2e19e96475f384f69fe894c,Hòa Bình,10.7728903,106.6238934,10.7731687,106.6229767,1.0,50.0,,,asphalt,no,,0.001195,287.1789044434228,0.1048824741235468,2,0.0,10.0,10.0,2603101003,1,10,Weekday,22.0,29.0,0.0,0,0.7586206896551724,794.48,B,24.13793103448276,0.017162586674762205,0.44,0.2413793103448276,1162.24,242.711,270.466,[],0.970808
3a76c7fe821ece69b8833a45c6a0a111,Xô Viết Nghệ Tĩnh,10.7924505,106.707195,10.8011855,106.7113752,1.5,50.0,,primary,asphalt,yes,,0.012915,25.177165843009163,1.0688990259291653,1,-1.5904215073282866,24.0,7.0,2603101003,1,10,Weekday,28.0,41.0,0.0,0,0.6829268292682927,1396.1,C,31.707317073170728,0.13742987476232124,0.56,0.3170731707317073,1116.303,236.481,237.4,[],0.958398
2947a56d595711934870681ef813b92f,Cầu Kỳ Hà 4,10.7559963,106.7606269,10.7550762,106.7597266,1.0,50.0,,,asphalt,no,,0.00182,223.8694136726356,0.1416151011164791,5,-0.7061393821111598,10.0,9.0,2603101003,1,10,Weekday,45.0,45.0,0.0,0,1.0,360.0,A,0.0,0.011329208089318327,0.9,0.0,139.658,13.985,13.985,[],0.980345
23c3b821848dd456f7eaf4509b567d43,Nguyễn Văn Bá (nối dài),10.8565707,106.7843268,10.8603829,106.7908151,1.0,50.0,,,asphalt,no,,0.0103,59.1089313814029,0.8252886472221967,3,1.2116972690292744,15.0,25.0,2603101003,1,10,Weekday,42.0,48.0,0.0,0,0.875,585.0,B,12.5,0.07073902690475972,0.84,0.125,836.754,125.788,126.013,[],0.981839
320440cb37367194702ef3389c7420b7,Trần Hữu Trang,10.7935553,106.6753149,10.7940624,106.673077,1.0,50.0,,,asphalt,no,,0.002745,282.98984317690304,0.2510885497469216,4,-0.3982658711470216,23.0,22.0,2603101003,1,10,Weekday,18.0,33.0,0.0,0,0.5454545454545454,1178.18,C,45.45454545454546,0.050217709949384313,0.36,0.45454545454545453,1099.812,257.085,275.553,[],0.0
2663bf870792abf3dde0cccf2e32b12a,Nguyễn Trọng Trí,10.7407342,106.6176488,10.7406865,106.6175944,1.0,50.0,,,asphalt,no,,0.000102,228.2519283814525,0.0079527127686264,2,0.0,32.0,32.0,2603101003,1,10,Weekday,24.0,35.0,0.0,0,0.6857142857142857,925.71,C,31.428571428571427,0.00119290691529396,0.48,0.3142857142857143,10.481,2.119,8.056,[],0.983221
72748935effec2442f680715600ec526,Lũy Bán Bích,10.7592472,106.6339978,10.7696046,106.6317019,1.0,50.0,,,asphalt,no,,0.012653,347.7148876096315,1.1728601037822748,4,0.6820932841181448,7.0,15.0,2603101003,1,10,Weekday,22.5,33.5,0.0,0,0.6716417910447762,951.04,C,32.83582089552238,0.18765761660516397,0.45,0.3283582089552239,1406.449,246.614,245.311,[],0.931101
7872630f267e6a8b1cb8cefd4969f75f,Phổ Quang,10.8025366,106.6658741,10.8087826,106.6687556,1.0,50.0,,,asphalt,no,,0.009128,24.37763397244169,0.7593605849676858,1,1.1852076836965393,22.0,31.0,2603101003,1,10,Weekday,21.0,33.0,0.0,0,0.6363636363636364,1014.55,C,36.36363636363637,0.1301761002801747,0.42,0.36363636363636365,876.569,212.427,221.105,[],0.037823
791e2278ccf9bb7011c4cab854078dca,Kha Vạn Cân,10.8416342,106.7466044,10.8487665,106.7531191,1.0,50.0,,,asphalt,no,,0.013647,41.89446878502554,1.0629413433485582,4,-1.505257096275472,22.0,6.0,2603101003,1,10,Weekday,34.0,44.0,0.0,0,0.7727272727272727,769.09,B,22.72727272727273,0.11254673047220028,0.68,0.22727272727272727,1063.983,152.924,156.683,[],0.982466
de5324453bfbe514a3a5401164d9b6d7,Phường An Phú Đông,10.8643469,106.6941172,10.8519273,106.6913666,1.0,50.0,,,asphalt,no,,0.01517,192.27138445827487,1.4063127129549609,4,-1.1377270398402792,23.0,7.0,2603101003,1,10,Weekday,30.0,47.5,0.0,0,0.631578947368421,1023.16,C,36.8421052631579,0.16875752555459528,0.6,0.3684210526315789,2031.569,476.831,493.567,[],5e-06
ce594929665cfa4da77b08cbace9a6ae,Ni Sư Huỳnh Liên,10.782654,106.6494573,10.7821504,106.6497547,1.0,50.0,,,asphalt,no,,0.000801,149.881018016032,0.0645053908695066,1,0.0,16.0,16.0,2603101003,1,10,Weekday,17.0,31.0,0.0,0,0.5483870967741935,1172.9,C,45.16129032258065,0.01365996512530728,0.34,0.45161290322580644,72.66,20.721,27.595,[],0.097158
43ccf1a8e1425f3a0fedfc6934db009d,Cầu Phú Mỹ,10.7470262,106.7483935,10.7450815,106.7441524,1.0,50.0,,,asphalt,no,,0.006186,244.9809229407492,0.5113387510560188,5,-1.1733904359113752,20.0,14.0,2603101003,1,10,Weekday,45.0,45.0,0.0,0,1.0,360.0,A,0.0,0.0409071000844815,0.9,0.0,511.851,51.181,51.181,[],
9fe2681384cc7911bbe192c9dbe7a28b,Phạm Văn Bạch,10.8138819,106.6330654,10.8374497,106.6464179,1.0,50.0,,,asphalt,no,,0.03692,29.09354755920856,2.987965819380135,4,-0.7697544547136567,31.0,8.0,2603101003,1,10,Weekday,23.5,35.5,0.0,0,0.6619718309859155,968.45,C,33.80281690140845,0.4577309340327015,0.47,0.3380281690140845,3101.114,388.185,414.722,[],0.953568
9364df0a65839c6b289e2c4469d3d22c,Nguyễn Thị Nghĩa,10.7701435,106.6940986,10.7693254,106.6945589,1.0,50.0,,,asphalt,no,,0.001278,151.06900194707288,0.1035537959420057,4,-0.9656816448911631,19.0,18.0,2603101003,1,10,Weekday,24.0,30.0,0.0,0,0.8,720.0,B,19.999999999999996,0.015533069391300856,0.48,0.2,104.599,26.909,26.947,[],0.980278
86163a5b85f5781a1a097719e51b4386,Phạm Văn Đồng,10.8666573,106.7617638,10.8185142,106.6869633,1.0,50.0,,,asphalt,no,,0.122944,236.76945385103903,9.75990810371127,1,-0.0307379943347953,32.0,29.0,2603101003,1,10,Weekday,32.0,42.0,0.0,0,0.7619047619047619,788.57,B,23.809523809523814,1.0979896616675178,0.64,0.23809523809523808,10444.212,1046.613,1034.434,[],
b991be0a1f91f3eb050b949ffcda202f,Nguyễn Xuân Khoát,10.7951766,106.6345051,10.7954885,106.6345715,1.0,50.0,,,asphalt,no,,0.000378,11.811536848299228,0.0352562081897828,1,0.0,14.0,14.0,2603101003,1,10,Weekday,22.0,34.0,0.0,0,0.6470588235294118,995.29,C,35.29411764705882,0.00576919770378264,0.44,0.35294117647058826,39.651,9.519,9.519,[],0.93337
a58e07d18315aac3e74d827d93e44442,Mai Chí Thọ,10.7948062,106.7522864,10.7882091,106.7505717,1.0,50.0,,,asphalt,no,,0.008312,194.3229587558566,0.7534365231207635,5,2.919954014025646,11.0,33.0,2603101003,1,10,Weekday,34.0,39.0,0.0,0,0.8717948717948718,590.77,B,12.82051282051282,0.07977563185984554,0.68,0.1282051282051282,4472.945,441.104,459.251,[],
176e65c0c1d48b75b07ce408c37d051b,Nguyễn Ðình Chiểu,10.7851071,106.6963948,10.7704394,106.6824793,1.0,50.0,,,asphalt,no,,0.028583,222.984952259392,2.2245332718377124,3,0.0449532498641339,6.0,7.0,2603101003,1,10,Weekday,19.0,27.5,0.0,0,0.6909090909090909,916.36,C,30.909090909090907,0.4214905146639876,0.38,0.3090909090909091,2227.926,528.029,534.182,[],0.980394
402e56aecba078ede6afdcd11aaa165d,Đường Trần Hưng Ðạo,10.7526979,106.6694499,10.7519097,106.658894,1.0,50.0,,,asphalt,no,,0.011344,265.6546584159784,1.1578680735408355,4,1.5545812525044271,6.0,24.0,2603101003,1,10,Weekday,17.5,27.0,0.0,0,0.6481481481481481,993.33,C,35.18518518518518,0.23819000369982904,0.35,0.35185185185185186,1290.043,317.616,307.539,[],0.338604
b054d86623fc5578e63fc284ad3db287,Núi Thành,10.8009799,106.643124,10.8007478,106.6429183,1.0,50.0,,,asphalt,no,,0.000438,221.04139566119383,0.0341344948949332,2,-2.929587805760776,28.0,27.0,2603101003,1,10,Weekday,23.0,37.0,0.0,0,0.6216216216216216,1041.08,C,37.83783783783784,0.005342790505293893,0.46,0.3783783783783784,32.669,7.788,7.788,[],0.975849
8ccdc41e826b62aee68d239a63d9f13d,Tân Quý,10.7987681,106.6196106,10.7951375,106.6203627,1.0,50.0,,,asphalt,no,,0.004383,168.49793200003683,0.4099289273299881,4,-0.4878894526977411,32.0,30.0,2603101003,1,10,Weekday,21.5,39.0,0.0,0,0.5512820512820513,1167.69,C,44.87179487179487,0.06863926225060266,0.43,0.44871794871794873,424.168,102.07,116.536,[],0.946867
f2609aacda44e4aac4485abab0d13392,Đường số 13,10.8641797,106.7663628,10.8642639,106.766054,1.0,50.0,,,asphalt,no,,0.000393,285.5170628963582,0.0350243955950527,1,0.0,5.0,5.0,2603101003,1,10,Weekday,34.0,44.0,0.0,0,0.7727272727272727,769.09,B,22.72727272727273,0.0037084654159467564,0.68,0.22727272727272727,35.136,3.953,3.953,[],0.983229
46df3fab6fa51b6145d3294fe13f6ae1,Cao tốc TP. Hồ Chí Minh - Long Thành - Dầu Giây,10.7866225,106.843937,10.7883612,106.8358795,1.0,50.0,,,asphalt,no,,0.009796,282.39005384390634,0.9019522713396656,2,-0.6652236698831334,34.0,28.0,2603101003,1,10,Weekday,74.0,74.0,0.0,0,1.0,360.0,A,0.0,0.043878759146254005,1.48,0.0,902.038,56.986,56.986,[],0.98019
1e8dcc83952c7dc465992aac257443b6,Bạch Đằng,10.8143903,106.6785067,10.8029569,106.710341,1.0,50.0,,,asphalt,no,,0.043268,110.08146676459216,3.703917091720434,5,-0.2699844449097832,17.0,7.0,2603101003,1,10,Weekday,25.5,36.5,0.0,0,0.6986301369863014,902.47,C,30.136986301369863,0.5229059423605319,0.51,0.3013698630136986,5332.083,1119.805,1150.1,[],0.00032
109cf033e8c4c3ef6213cbb544d89d95,Tây Thạnh,10.810356,106.620154,10.813438,106.6228898,1.0,50.0,,,asphalt,no,,0.005818,41.08533026525959,0.4535710285672034,1,1.10236317689748,15.0,20.0,2603101003,1,10,Weekday,20.0,34.0,0.0,0,0.5882352941176471,1101.18,C,41.17647058823529,0.08164278514209661,0.4,0.4117647058823529,949.594,170.557,219.69,[],0.980567
5ee0b83e4d50b690d939cd4f48cb967e,Võ Thị Sáu,10.7915641,106.6955574,10.7825478,106.6866724,1.0,50.0,,,asphalt,no,,0.017901,224.0699957727841,1.3924335589031938,5,0.8618005450437637,11.0,23.0,2603101003,1,10,Weekday,18.0,32.0,0.0,0,0.5625,1147.5,C,43.75,0.2784867117806388,0.36,0.4375,1399.777,332.192,322.47,[],0.980253
60111468ab13d6f1c26b24f74a398e82,Đường Hàn Hải Nguyên,10.7580377,106.6496262,10.757963,106.6489515,1.0,50.0,,,asphalt,no,,0.000749,263.5701534645715,0.0742569521826709,2,-2.693350509565798,22.0,20.0,2603101003,1,10,Weekday,23.0,32.5,0.0,0,0.7076923076923077,886.15,B,29.230769230769226,0.011622827298157183,0.46,0.2923076923076923,75.532,19.311,24.299,[],0.972449
7d0ed010c6635b8310ee001039d8d447,Nguyễn Thái Bình,10.7964689,106.6523793,10.800764,106.6598663,1.0,50.0,,,asphalt,no,,0.011782,59.71367562077472,0.9466395018730216,1,-2.0070998476618174,33.0,14.0,2603101003,1,10,Weekday,22.5,36.0,0.0,0,0.625,1035.0,C,37.5,0.15146232029968346,0.45,0.375,1174.631,235.022,266.034,[],0.000611
cc9a084f846574e6c335dc91da33e6e8,Trương Quốc Dung,10.7950667,106.672673,10.7997004,106.6729603,1.0,50.0,,,asphalt,no,,0.004921,3.4852437534838145,0.5135107545034335,4,0.7789515535790505,22.0,26.0,2603101003,1,10,Weekday,17.0,31.5,0.0,0,0.5396825396825397,1188.57,C,46.03174603174603,0.10874345389484474,0.34,0.4603174603174603,526.212,143.98,155.077,[],0.970679
9e18201f1be98d0c782e9d6cb8286cf4,Châu Văn Liêm,10.7519402,106.6590317,10.7520192,106.6589344,1.0,50.0,,,asphalt,no,,0.000176,309.5713831129765,0.0137703369173709,3,0.0,25.0,25.0,2603101003,1,10,Weekday,14.5,24.5,0.0,0,0.5918367346938775,1094.69,C,40.816326530612244,0.0034188422691403615,0.29,0.40816326530612246,19.147,4.777,6.676,[],0.247333
c00e8a42b8162fb5644d5427c2cae0c5,Vòng xoay Lê Đại Hành,10.7690082,106.6524868,10.7690082,106.6524868,1.0,50.0,,,asphalt,no,,0.0,0.0,0.0,3,0.0,6.0,6.0,2603101003,1,10,Weekday,19.0,31.0,0.0,0,0.6129032258064516,1056.77,C,38.70967741935484,0.0,0.38,0.3870967741935484,0.0,0.0,0.0,[],0.0
7aee36778afb77c0ca97a1d38825b797,Nguyễn Huệ,10.7719889,106.7062982,10.7719977,106.7061791,1.0,50.0,,,asphalt,no,,0.000128,274.30129062650417,0.0130623677204043,5,0.0,32.0,32.0,2603101003,1,10,Weekday,20.5,29.5,0.0,0,0.6949152542372882,909.15,C,30.508474576271183,0.002293879209436853,0.41,0.3050847457627119,35.241,14.484,13.303,[],1.1e-05
cfee41269e100ac72dee07e16c1b7ab4,Trần Não,10.7916195,106.7303648,10.7992203,106.7334587,1.0,50.0,,,asphalt,no,,0.010695,21.793482829640936,0.9062801570350456,3,1.2137527137289656,16.0,27.0,2603101003,1,10,Weekday,32.0,32.0,0.0,0,1.0,360.0,A,0.0,0.10195651766644262,0.64,0.0,1007.473,171.287,176.313,[],0.194219
3b9f69a47969448ec90e6ff7dc849316,Hầm chui An Sương - N1,10.843311,106.6149367,10.8450745,106.6138112,1.0,50.0,,,asphalt,no,,0.002889,327.9196985665052,0.2306441373708251,1,0.4335683583373375,12.0,13.0,2603101003,1,10,Weekday,29.5,40.0,0.0,0,0.7375,832.5,B,26.249999999999996,0.028146403204575263,0.59,0.2625,233.353,25.336,25.851,[],0.984945
75582636d5681a2d84e6e69f21705c17,D1,10.8488982,106.8011838,10.8492092,106.8008695,1.0,50.0,,,asphalt,no,,0.000625,315.2143185145206,0.0486258121351081,1,0.0,24.0,24.0,2603101003,1,10,Weekday,36.0,41.0,0.0,0,0.8780487804878049,579.51,B,12.195121951219512,0.00486258121351081,0.72,0.12195121951219512,48.832,4.57,4.648,[],0.981468
9e205e5e69a296f06e99f9c9ff8f78fe,Quách Thị Trang,10.7047386,106.8353721,10.7048398,106.8345554,1.0,50.0,,,asphalt,no,,0.000918,277.187586837696,0.0900413161610143,2,-1.1106012691015903,34.0,33.0,2603101003,1,10,Weekday,37.0,46.0,0.0,0,0.8043478260869565,712.17,B,19.565217391304344,0.008760776707558149,0.74,0.1956521739130435,90.041,7.717,7.738,[],0.980298
96e3e7bfec3a02404dff3648bb325228,Chợ Lớn,10.7444411,106.6255188,10.7444479,106.6258206,1.5,45.0,,residential,asphalt,no,,0.000309,88.68620724507718,0.033019638042615,5,0.0,14.0,14.0,2603101003,1,10,Weekday,24.0,35.0,0.0,0,0.6857142857142857,1388.57,C,31.428571428571427,0.0049529457063922505,0.5333333333333333,0.3142857142857143,30.583,7.341,7.341,[],0.977301
a2a384a5d9ebe91eaeef7cef06f8e9fe,Lạc Long Quân,10.7617534,106.6421148,10.7832411,106.6506569,1.0,50.0,,,asphalt,no,,0.03003,21.331273244599743,2.5538415011121325,5,0.0,18.0,18.0,2603101003,1,10,Weekday,18.0,31.0,0.0,0,0.5806451612903226,1114.84,C,41.93548387096774,0.5107683002224265,0.36,0.41935483870967744,2670.256,500.354,512.179,[],0.899674
f506c2954e91ae6562d11c8524b84e60,Raymondienne,10.7267486,106.7231704,10.7270427,106.7236852,1.0,50.0,,,asphalt,no,,0.000809,59.82407662706351,0.0650335678407958,4,-44.59235585996583,34.0,5.0,2603101003,1,10,Weekday,41.0,41.0,0.0,0,1.0,360.0,A,0.0,0.005710264493338167,0.82,0.0,70.323,12.658,12.658,[],0.979886
7f0b87707f8fd7691c1458fe16a5f054,Ngô Gia Tự,10.7618189,106.6702758,10.7563976,106.666426,1.0,50.0,,,asphalt,no,,0.009271,214.9015826346088,0.7327360450100446,3,-1.2282731361846166,16.0,7.0,2603101003,1,10,Weekday,29.0,38.0,0.0,0,0.7631578947368421,786.32,B,23.684210526315784,0.09096033662193657,0.58,0.23684210526315788,962.248,231.606,223.124,[],0.965863
1410911fe0df6ba8e9db5e9e568bde26,Lý Thái Tổ,10.7670409,106.6763647,10.7312283,106.8238056,1.0,50.0,,,asphalt,no,,0.183254,103.87316430555256,16.606322907492842,5,-0.0541962242341991,28.0,19.0,2603101003,1,10,Weekday,35.5,42.0,0.0,0,0.8452380952380952,638.57,B,15.476190476190476,1.684021477942936,0.71,0.15476190476190477,35781.816,3189.317,3202.377,[],
a075b85befd3006493db5b5098a900bd,X2,10.7933726,106.755623,10.7935165,106.7559349,1.0,50.0,,,asphalt,no,,0.000456,64.84170055323654,0.037641350704777,5,0.0,13.0,13.0,2603101003,1,10,Weekday,62.0,62.0,0.0,0,1.0,360.0,A,0.0,0.002185626815116084,1.24,0.0,37.776,3.584,3.584,[],0.982913
5c51bd0879f76d1245798ec9893915e5,Thạnh Lộc 29,10.8776731,106.678258,10.8774274,106.6801765,1.0,50.0,,,asphalt,no,,0.002164,97.42994065217266,0.2115076248758228,5,0.945592387590854,20.0,22.0,2603101003,1,10,Weekday,30.0,47.5,0.0,0,0.631578947368421,1023.16,C,36.8421052631579,0.025380914985098736,0.6,0.3684210526315789,289.452,56.267,71.979,[],7e-06
8c39031fcfb5e60e3c246f21fe38154a,Bùi Hữu Nghĩa,10.7555638,106.6742704,10.7940986,106.6976069,1.0,50.0,,,asphalt,no,,0.061871,30.74701584553543,4.968175803640265,2,0.0402562243979886,14.0,16.0,2603101003,1,10,Weekday,21.0,31.5,0.0,0,0.6666666666666666,960.0,C,33.333333333333336,0.8516872806240455,0.42,0.3333333333333333,5644.514,1307.116,1318.098,[],0.135757
5c0ee164d2f247a7660b2fa34ac8345b,Thành Thái,10.7782236,106.6617292,10.7739209,106.6645769,1.0,50.0,,,asphalt,no,,0.00715,146.96906115052354,0.5687843796302735,3,-0.351627096598549,24.0,22.0,2603101003,1,10,Weekday,25.5,32.0,0.0,0,0.796875,725.62,B,20.3125,0.08029897124192097,0.51,0.203125,595.823,134.1,137.829,[],0.956743
aed05b4a8b12657ed5b95a0b9cc53203,Cầu Bình Lợi,10.8235017,106.7061476,10.8242579,106.7074369,1.0,50.0,,,asphalt,no,,0.002046,59.15661387051159,0.163933189314911,5,1.2200092051878866,24.0,26.0,2603101003,1,10,Weekday,36.0,44.0,0.0,0,0.8181818181818182,687.27,B,18.181818181818176,0.0163933189314911,0.72,0.18181818181818182,1811.855,244.599,248.134,[],
975c85b47b815aa04433b78ed295926e,Phường Tam Phú,10.8636069,106.7454594,10.8635251,106.7455177,1.0,50.0,,,asphalt,no,,0.00014,145.0102347515657,0.0110680917732168,2,0.0,13.0,13.0,2603101003,1,10,Weekday,33.0,48.0,0.0,0,0.6875,922.5,C,31.25,0.0012074281934418328,0.66,0.3125,11.098,2.119,2.119,[],0.978534
502578d2a4f5ec4fc519e0107f31f6c1,Thân Nhân Trung,10.8023976,106.6423382,10.8029475,106.6424147,1.0,50.0,,,asphalt,no,,0.000626,7.781314304101386,0.0613988822304921,5,0.0,29.0,29.0,2603101003,1,10,Weekday,26.0,38.0,0.0,0,0.6842105263157895,928.42,C,31.57894736842105,0.008501383693452751,0.52,0.3157894736842105,63.075,15.143,17.138,[],0.979325
8c39031fcfb5e60e3c246f21fe38154a,Cầu Bùi Hữu Nghĩa,10.7930658,106.6974031,10.7940986,106.6976069,1.0,50.0,,,asphalt,no,,0.001237,10.969958613552194,0.1163952147379656,5,0.859141848959381,15.0,16.0,2603101003,1,10,Weekday,25.0,35.0,0.0,0,0.7142857142857143,874.29,B,28.57142857142857,0.016760910922267048,0.5,0.2857142857142857,117.014,17.552,17.552,[],0.979339
d7a7550d4921fe13dd28d6c466df0475,Vân Côi,10.7883735,106.6565352,10.7877277,106.6560806,1.0,50.0,,,asphalt,no,,0.0011,214.6635910499961,0.0870323143789738,4,-1.148998515247562,29.0,28.0,2603101003,1,10,Weekday,21.0,34.5,0.0,0,0.6086956521739131,1064.35,C,39.13043478260869,0.014919825322109795,0.42,0.391304347826087,90.821,23.712,25.997,[],0.903664
47c36795ba3c72876b1dcb3c4af4330f,Tân Chánh Hiệp 2,10.870711,106.6364066,10.8741821,106.6306399,1.0,50.0,,,asphalt,no,,0.009238,301.5056608292545,0.7382048936759622,1,-0.2709274914232562,31.0,29.0,2603101003,1,10,Weekday,27.0,47.0,0.0,0,0.574468085106383,1125.96,C,42.553191489361694,0.09842731915679497,0.54,0.425531914893617,742.486,118.805,121.799,[],0.984422
035b1873d845ded3f521e9b067468ac8,Bình Trị Đông,10.7614144,106.6100165,10.76138,106.6100099,1.0,50.0,,,asphalt,no,,4.1e-05,190.67423595107397,0.0038729558434851,4,0.0,16.0,16.0,2603101003,1,10,Weekday,20.0,31.0,0.0,0,0.6451612903225806,998.71,C,35.483870967741936,0.000697132051827318,0.4,0.3548387096774194,0.0,0.0,0.0,[],0.62935
69612fa73726b3617315f5dbcb75d523,Phạm Văn Đồng,10.8218467,106.6992827,10.8173044,106.6849075,1.0,50.0,,,asphalt,no,,0.018918,252.16833988794264,1.6503213756098225,3,0.6665368432215397,15.0,26.0,2603101003,1,10,Weekday,36.0,44.0,0.0,0,0.8181818181818182,687.27,B,18.181818181818176,0.16503213756098226,0.72,0.18181818181818182,2599.438,279.204,294.689,[],0.0
c887cc41c12d77baa78fbd1b92c9577e,Vòng xoay Ngã Sáu Nguyễ Thái Sơn,10.8143542,106.6786185,10.8140447,106.6785004,1.0,50.0,,,asphalt,no,,0.000428,200.546339804976,0.0365898655652493,1,0.0,17.0,17.0,2603101003,1,10,Weekday,24.5,31.5,0.0,0,0.7777777777777778,760.0,B,22.22222222222222,0.005376470042240713,0.49,0.2222222222222222,881.082,135.407,142.86,[],0.565184
e3eef76fb76e773a3568b80626111e50,Vòng xoay Phú Lâm,10.7540208,106.6340806,10.7539125,106.6340886,1.0,50.0,,,asphalt,no,,0.000116,175.84923185212892,0.0120112966914494,2,-8.325495786910993,33.0,32.0,2603101003,1,10,Weekday,24.0,35.0,0.0,0,0.6857142857142857,925.71,C,31.428571428571427,0.0018016945037174102,0.48,0.3142857142857143,19.427,8.488,8.242,[],0.040863
60823706c378f8042fc9c5041b936b84,Lữ Gia,10.7705044,106.6572944,10.7711526,106.6529443,1.0,50.0,,,asphalt,no,,0.004998,278.6253039602761,0.4811474831816125,1,-0.8313459261076862,12.0,8.0,2603101003,1,10,Weekday,17.5,31.0,0.0,0,0.5645161290322581,1143.87,C,43.548387096774185,0.09897891082593172,0.35,0.43548387096774194,479.429,86.673,87.927,[],0.980289
0239f300f8d0fef3e5e31b4a2bc3b676,Xa lộ Hà Nội,10.8045382,106.7521024,10.8454687,106.7714892,1.0,50.0,,,asphalt,no,,0.060317,24.94712311699442,4.999222650856935,2,0.0,21.0,21.0,2603101003,1,10,Weekday,46.0,49.0,0.0,0,0.9387755102040817,470.2,A,6.122448979591832,0.39124351180619493,0.92,0.061224489795918366,7396.964,711.794,711.674,[],0.0
0850d9a408a4b73193f8810b916dadfa,Quốc lộ 1,10.8706221,106.7733958,10.8666505,106.7915871,1.0,50.0,,,asphalt,no,,0.022163,102.53199203326938,2.036897089046421,5,0.6873199473496296,18.0,32.0,2603101003,1,10,Weekday,27.0,47.0,0.0,0,0.574468085106383,1125.96,C,42.553191489361694,0.27158627853952283,0.54,0.425531914893617,5339.37,563.203,587.95,[],0.0
a74bb3e390dc39da5adac4d4e9e96947,Nguyễn Đình Chiểu,10.8033297,106.6789788,10.8034825,106.6796467,1.0,50.0,,,asphalt,no,,0.000821,76.8892058985233,0.0749711303703293,2,1.3338467688300462,6.0,7.0,2603101003,1,10,Weekday,18.0,30.0,0.0,0,0.6,1080.0,C,40.0,0.01499422607406586,0.36,0.4,73.198,18.832,19.222,[],0.979854
51717c26bcfe2b2fa0c1ca30b5a7b48d,Phạm Văn Đồng,10.8196001,106.6902882,10.837129,106.7326464,1.0,50.0,,,asphalt,no,,0.059887,67.14899576652829,5.021333219966742,4,0.0,34.0,34.0,2603101003,1,10,Weekday,33.0,43.0,0.0,0,0.7674418604651163,778.6,B,23.25581395348837,0.5477818058145537,0.66,0.23255813953488372,5214.281,493.235,513.988,[],0.915955
a25f900e1dba4811f5b92c475d1c7569,Phường 3,10.8146655,106.6786944,10.8120867,106.6767178,1.0,50.0,,,asphalt,no,,0.004555,216.97519754103752,0.3578957113514189,5,-1.1176440155977134,17.0,13.0,2603101003,1,10,Weekday,21.5,32.0,0.0,0,0.671875,950.62,C,32.8125,0.05992672376116782,0.43,0.328125,363.794,43.061,43.069,[],0.973367
9d4dfa0bc2b0894f70651b92575ada16,Quốc lộ 22,10.86564,106.6000503,10.8704157,106.5966668,1.0,50.0,,,asphalt,no,,0.008159,325.1710784253314,0.6449114314223607,4,0.1550600518577391,20.0,21.0,2603101003,1,10,Weekday,37.0,45.0,0.0,0,0.8222222222222222,680.0,B,17.777777777777782,0.062748139273527,0.74,0.17777777777777778,647.657,88.003,88.106,[],0.980297
845ae7048313c76a2823b14517852eea,Hồ Hảo Hớn,10.7598239,106.6940131,10.763051,106.6908753,1.0,50.0,,,asphalt,no,,0.006365,316.312060231861,0.4951796481750454,2,0.0,8.0,8.0,2603101003,1,10,Weekday,25.0,33.0,0.0,0,0.7575757575757576,796.36,B,24.242424242424242,0.07130586933720653,0.5,0.24242424242424243,855.525,192.722,214.03,[],0.982957
e65669193ce60571f14327c3428ec1bd,Phạm Văn Đồng,10.838735,106.7363075,10.8200201,106.6917234,1.0,50.0,,,asphalt,no,,0.063299,246.86342172214827,5.296568428334731,1,-0.0566404463680877,9.0,6.0,2603101003,1,10,Weekday,33.0,43.0,0.0,0,0.7674418604651163,778.6,B,23.25581395348837,0.5778074649092434,0.66,0.23255813953488372,7206.054,763.016,737.988,[],2e-06
bc868c424a36b3e6e0036f0b57031736,Cầu vượt Hàng Xanh,10.801349,106.7109178,10.8014241,106.7109087,1.0,50.0,,,asphalt,no,,8.4e-05,353.21230774763296,0.0083664557535068,1,0.0,6.0,6.0,2603101003,1,10,Weekday,42.0,45.5,0.0,0,0.9230769230769231,498.46,A,7.692307692307687,0.0007171247788720115,0.84,0.07692307692307693,1582.727,190.659,180.954,[],0.978981
aeecba4644144cf6e51cbee41b99a6a3,Phú Hòa,10.7849204,106.6510434,10.7854926,106.6533302,1.0,50.0,,,asphalt,no,,0.002859,75.70940137036206,0.2579825296898232,1,1.1628694406582305,20.0,23.0,2603101003,1,10,Weekday,18.5,31.0,0.0,0,0.5967741935483871,1085.81,C,40.32258064516129,0.05020200577747912,0.37,0.4032258064516129,480.655,123.809,141.113,[],0.0
a828dad6ef44da85028cdabab924f10c,Hai Bà Trưng,10.7821327,106.6989225,10.78789,106.6919402,1.0,50.0,,footway,asphalt,no,,0.01274,310.0101808943964,0.9943245874577552,2,2.8159818587599403,5.0,33.0,2603101003,1,10,Weekday,15.0,27.0,0.0,0,0.5555555555555556,1160.0,C,44.44444444444444,0.23863790098986123,0.3,0.4444444444444444,996.803,272.479,266.754,[],0.981497
6ab60321f847c51e9299df7419d6dc51,Xuân Hồng,10.7944927,106.6525329,10.7937384,106.6517611,1.0,50.0,,,asphalt,no,,0.001526,225.14569949813168,0.1186839819886138,5,-1.6851473690795733,31.0,29.0,2603101003,1,10,Weekday,21.0,34.5,0.0,0,0.6086956521739131,1064.35,C,39.13043478260869,0.020345825483762365,0.42,0.391304347826087,118.027,25.147,25.263,[],0.983316
0fa29b6c488bc2c9af0fbfc042e9cd67,Xa Lộ Hà Nội,10.8043176,106.7516401,10.8603257,106.7918394,1.0,50.0,,,asphalt,no,,0.096207,35.17821205230524,7.596298149498573,5,0.0789858412863383,20.0,26.0,2603101003,1,10,Weekday,43.0,46.5,0.0,0,0.9247311827956989,495.48,A,7.5268817204301115,0.6359691473998805,0.86,0.07526881720430108,9274.735,848.43,857.553,[],0.001024
71bd2c75bf9049e44b14c5bd0dca7e4f,Sư Vạn Hạnh,10.7740549,106.6683653,10.77004,106.6705481,1.0,50.0,,,asphalt,no,,0.006198,151.89336730732566,0.5042016031834343,4,-0.3966667276288642,27.0,25.0,2603101003,1,10,Weekday,15.0,29.0,0.0,0,0.5172413793103449,1228.97,C,48.275862068965516,0.12100838476402423,0.3,0.4827586206896552,508.21,132.846,137.19,[],0.980711
133a9f961e68422879b2f232c1e2bce5,Mai xuân Thưởng,10.7512719,106.6476989,10.7512316,106.6476921,1.0,50.0,,,asphalt,no,,4.7e-05,189.412472776646,0.0045193244583005,2,0.0,13.0,13.0,2603101003,1,10,Weekday,23.0,33.5,0.0,0,0.6865671641791045,924.18,C,31.343283582089555,0.0007073725239079044,0.46,0.31343283582089554,3.347,0.803,0.803,[],0.979691
bd9febbafeeb285104a8c8f9a6feff3e,đường song hành cao tốc Long Thành Dầu Giây,10.7957644,106.7806947,10.7957648,106.7808587,1.0,50.0,,,asphalt,no,,0.000164,89.85772121765473,0.0179354392807551,4,0.0,10.0,10.0,2603101003,1,10,Weekday,26.5,36.0,0.0,0,0.7361111111111112,835.0,B,26.388888888888886,0.002436512506064844,0.53,0.2638888888888889,1065.531,218.116,254.539,[],0.0
e91d050d81a15c1854aafa980d24fda9,Hàn Hải Nguyên,10.7579867,106.6492826,10.7582635,106.6457587,1.0,50.0,,,asphalt,no,,0.003801,274.57166670811785,0.3866431808170255,1,-0.7759091971208762,21.0,18.0,2603101003,1,10,Weekday,24.0,33.0,0.0,0,0.7272727272727273,850.91,B,27.27272727272727,0.057996477122553826,0.48,0.2727272727272727,417.14,76.07,93.562,[],0.978756
038f1f5aa618da4ea9f19f803614e643,Đường số 4,10.7388679,106.6898242,10.7392345,106.6909482,1.0,50.0,,,asphalt,no,,0.001491,71.63524041561567,0.1294607044447885,4,1.5448703207489078,12.0,14.0,2603101003,1,10,Weekday,25.0,34.5,0.0,0,0.7246376811594203,855.65,B,27.536231884057973,0.01864234144004954,0.5,0.2753623188405797,129.638,21.857,22.009,[],0.981204
8c8a5499ecc899d953ab6c1c66a1dab9,Tú Xương,10.7807024,106.6863035,10.782002,106.6876354,1.0,50.0,,,asphalt,no,,0.002632,45.19297515319965,0.2046547215326133,3,1.465883600209012,21.0,24.0,2603101003,1,10,Weekday,18.0,32.0,0.0,0,0.5625,1147.5,C,43.75,0.04093094430652266,0.36,0.4375,206.423,50.595,48.738,[],0.985592
11cd545a14b3f700ac39c4d5a330f3fa,Lê Đại Hành,10.766178,106.6543476,10.7648499,106.6551501,1.0,50.0,,,asphalt,no,,0.002131,149.30605552908366,0.1711286789305921,4,16.946312085867312,5.0,34.0,2603101003,1,10,Weekday,18.5,31.0,0.0,0,0.5967741935483871,1085.81,C,40.32258064516129,0.03330071590000712,0.37,0.4032258064516129,269.564,61.646,67.717,[],0.973682
e7cd71415050cd2dc0bdbf81b87342e0,Nguyễn Hữu Trí,10.6903712,106.5689492,10.6854735,106.5540502,1.0,50.0,,,asphalt,no,,0.019797,251.5047361486898,1.7176357272766192,2,0.6404151838085567,23.0,34.0,2603101003,1,10,Weekday,36.0,43.0,0.0,0,0.8372093023255814,653.02,B,16.279069767441857,0.1717635727276619,0.72,0.16279069767441862,1720.853,159.604,163.488,[],0.981037
a0a597c2c92138e7e7e211d637e1413d,Số 7,10.8249576,106.6029789,10.8249497,106.6029143,1.0,50.0,,,asphalt,no,,7.3e-05,262.9028291941196,0.0071179521903283,2,0.0,11.0,11.0,2603101003,1,10,Weekday,31.0,46.0,0.0,0,0.6739130434782609,946.96,C,32.608695652173914,0.0008266008995219962,0.62,0.32608695652173914,7.163,1.612,1.612,[],0.985733
5d8686b2d447843e68030c5cda6fa2e2,Lý Thường Kiệt,10.7757808,106.6565902,10.7677013,106.6588507,1.0,50.0,,,asphalt,no,,0.01034,164.63140661506247,0.9272651493247844,2,-0.6470641115293805,16.0,10.0,2603101003,1,10,Weekday,16.0,31.0,0.0,0,0.5161290322580645,1230.97,C,48.38709677419355,0.20863465859807648,0.32,0.4838709677419355,933.208,161.549,165.382,[],0.980816
350f7b53fede3656481d441c37a80d41,Trần Quốc Toản,10.7893494,106.6892673,10.7831971,106.6863082,1.0,50.0,,,asphalt,no,,0.009111,205.2899242064433,0.7535562837651846,3,-1.1943367992409293,33.0,24.0,2603101003,1,10,Weekday,15.0,28.0,0.0,0,0.5357142857142857,1195.71,C,46.42857142857143,0.18085350810364428,0.3,0.4642857142857143,783.076,172.434,186.193,[],0.927978
baf64f563cfe688df4fa44e5ae3f87d7,Đường Võ Văn Kiệt,10.7502942,106.6630864,10.7500276,106.6634461,1.0,50.0,,,asphalt,no,,0.000626,127.03135227186488,0.0491684184853778,1,0.0,28.0,28.0,2603101003,1,10,Weekday,10.0,17.0,0.0,0,0.5882352941176471,1101.18,C,41.17647058823529,0.017700630654736007,0.2,0.4117647058823529,625.483,138.192,126.109,[],0.860339
415a7cf2c625d07630e911dddd050b57,Thế Lữ,10.7202232,106.5386925,10.718012,106.542567,1.0,50.0,,,asphalt,no,,0.006086,120.14942098591916,0.4893413658766914,5,0.4087126369169406,23.0,25.0,2603101003,1,10,Weekday,35.0,46.0,0.0,0,0.7608695652173914,790.43,B,23.913043478260864,0.05033225477588826,0.7,0.2391304347826087,490.222,45.941,46.071,[],0.980602
91c1d62e3d990e9f6f7befb66bcbcb20,Nguyễn Duy,10.7447602,106.6688752,10.7448407,106.6689569,1.0,50.0,,,asphalt,no,,0.000162,44.91716056797543,0.0126153163792676,1,0.0,27.0,27.0,2603101003,1,10,Weekday,21.0,32.5,0.0,0,0.6461538461538462,996.92,C,35.38461538461538,0.002162625665017303,0.42,0.35384615384615387,12.592,2.262,2.262,[],0.97393
b7556d52344c71a481335b2dd6128029,Đường Số 10,10.7775374,106.7646391,10.7776559,106.7647651,1.0,50.0,,,asphalt,no,,0.000245,46.247838127447096,0.0190187130887991,4,0.0,6.0,6.0,2603101003,1,10,Weekday,31.0,31.0,0.0,0,1.0,360.0,A,0.0,0.0022086247457960245,0.62,0.0,21.389,3.857,3.857,[],0.979321
0a443a9e6c28959b2d0b9a264f9217b9,Hưng Phú,10.7461296,106.6682445,10.7462542,106.6689261,1.0,50.0,,,asphalt,no,,0.000806,79.4595470906412,0.0758166404054772,5,0.0,29.0,29.0,2603101003,1,10,Weekday,28.0,33.0,0.0,0,0.8484848484848485,632.73,B,15.151515151515149,0.009747853766418497,0.56,0.15151515151515152,75.655,13.24,13.483,[],0.977617
b7a96e838513fa910e384bf242d0d78f,Âu Cơ,10.7745839,106.6479407,10.7762937,106.6468632,1.0,50.0,,,asphalt,no,,0.002787,328.239328257635,0.2228369986932833,1,0.4487585122147587,6.0,7.0,2603101003,1,10,Weekday,19.5,31.0,0.0,0,0.6290322580645161,1027.74,C,37.096774193548384,0.04113913822029845,0.39,0.3709677419354839,241.378,60.943,63.552,[],0.948338
3eda83f2c7043f8944fe188f2437d03d,Cao tốc TP. Hồ Chí Minh - Long Thành - Dầu Giây,10.7964727,106.7824691,10.7949371,106.7599681,1.0,50.0,,,asphalt,no,,0.024037,266.0278416436462,2.4666125222355797,1,0.2027071522149057,13.0,18.0,2603101003,1,10,Weekday,64.0,64.0,0.0,0,1.0,360.0,A,0.0,0.13874695437575135,1.28,0.0,2471.533,160.609,160.759,[],0.979372
4ff07a09ef09e659f1c634d7433f9bf1,Tạ Uyên,10.7556925,106.6537349,10.754424,106.6537781,1.0,50.0,,,asphalt,no,,0.001312,178.0837233894656,0.1403920678266319,5,-0.7122909545252121,23.0,22.0,2603101003,1,10,Weekday,19.5,29.5,0.0,0,0.6610169491525424,970.17,C,33.89830508474576,0.025918535598762813,0.39,0.3389830508474576,150.511,33.99,38.755,[],0.975659
4500eb560fbde7f2b33f070ca8bfadb4,Đường Nguyễn Thị Nhỏ,10.753478,106.6507502,10.7533959,106.6507301,1.0,50.0,,,asphalt,no,,0.000102,193.52412468215385,0.0093436478968527,3,0.0,18.0,18.0,2603101003,1,10,Weekday,21.0,31.5,0.0,0,0.6666666666666666,960.0,C,33.333333333333336,0.0016017682108890343,0.42,0.3333333333333333,20.053,9.269,10.572,[],0.969221
5d212d7c449189e142f8a351a928feed,Nguyễn Trãi,10.7548304,106.6708395,10.7562318,106.6758517,1.0,50.0,,,asphalt,no,,0.006414,74.11331282037702,0.5697117451821434,1,1.228691537289971,9.0,16.0,2603101003,1,10,Weekday,17.0,27.0,0.0,0,0.6296296296296297,1026.67,C,37.03703703703704,0.1206448401562186,0.34,0.37037037037037035,568.351,140.335,144.191,[],0.976952
7b2ea44f62ca9783ecbc993769dab1b2,Đường Song Hành,10.8055309,106.7528475,10.8031584,106.7489288,1.0,50.0,,,asphalt,no,,0.006291,238.35249311383447,0.5025141252435477,2,-1.193996287585359,22.0,16.0,2603101003,1,10,Weekday,41.0,41.0,0.0,0,1.0,360.0,A,0.0,0.044123191484799304,0.82,0.0,516.128,47.156,47.87,[],0.955434
0b82b4afd40f0bef656c72b9d0ee6272,Tô Ký,10.8658854,106.6160443,10.8599399,106.61763,1.0,50.0,,,asphalt,no,,0.007531,165.32227665211224,0.6801236507550572,1,3.675802182771558,6.0,31.0,2603101003,1,10,Weekday,26.0,36.0,0.0,0,0.7222222222222222,860.0,B,27.77777777777778,0.0941709670276233,0.52,0.2777777777777778,685.022,105.286,106.095,[],0.981619
bcbced11f42b439c245dea1d61eb96f7,Gò Dưa,10.8691182,106.73608,10.8665765,106.7267906,1.0,50.0,,,asphalt,no,,0.011831,254.4325127217409,1.0538594686068292,4,1.613118305277789,10.0,27.0,2603101003,1,10,Weekday,30.5,42.5,0.0,0,0.7176470588235294,868.24,B,28.235294117647058,0.12438997006506838,0.61,0.2823529411764706,1053.125,206.454,218.337,[],0.980688
9a8a0ab0d467f2a0b7a5ddaddc02581d,Hồng Hà,10.8134061,106.6652599,10.8140069,106.6747486,1.0,50.0,,,asphalt,no,,0.01009,86.31080601779144,1.0397685107789985,5,-1.92350506797094,33.0,13.0,2603101003,1,10,Weekday,23.0,32.0,0.0,0,0.71875,866.25,B,28.125,0.16274637560019106,0.46,0.28125,1065.339,169.917,173.544,[],0.957218
180dbd53a684859dd4139d4ad848c464,Phường Trung Mỹ Tây,10.8521986,106.6264888,10.8521149,106.6265032,1.0,50.0,,,asphalt,no,,9.8e-05,170.40952956723982,0.0093912929612274,3,0.0,33.0,33.0,2603101003,1,10,Weekday,31.5,36.0,0.0,0,0.875,585.0,B,12.5,0.0010732906241402744,0.63,0.125,9.476,1.136,1.136,[],0.983143
abfcf67d913fad9e43c3bf2068eb5422,Lý Thái Tổ,10.7376092,106.8141974,10.7670409,106.6763647,1.0,50.0,,,asphalt,no,,0.167264,282.2752600588648,15.423334041155789,5,0.0778041892108351,16.0,28.0,2603101003,1,10,Weekday,36.0,42.5,0.0,0,0.8470588235294118,635.29,B,15.294117647058824,1.542333404115579,0.72,0.15294117647058825,37405.008,3353.531,3399.074,[],
7ad3cce7b24417a8603842e257daea43,Cao tốc TP. Hồ Chí Minh - Long Thành - Dầu Giây,10.7917928,106.8178476,10.786298,106.8450235,1.0,50.0,,,asphalt,no,,0.032671,101.6283412693342,3.033591027746564,2,-0.2307496276187168,13.0,6.0,2603101003,1,10,Weekday,71.0,71.0,0.0,0,1.0,360.0,A,0.0,0.1538158830970089,1.42,0.0,3035.319,189.942,190.042,[],0.980755
7c460dcfcaee98eeba3d0aa19823f874,Trần Nhân Tôn,10.7590354,106.6755174,10.7632459,106.6746392,1.0,50.0,,,asphalt,no,,0.005089,348.4201328125097,0.4755377767110832,5,0.6308647066377386,19.0,22.0,2603101003,1,10,Weekday,20.0,30.0,0.0,0,0.6666666666666666,960.0,C,33.333333333333336,0.08559679980799498,0.4,0.3333333333333333,478.114,115.289,119.171,[],0.979484
e4f9d9ee24eae3af1cf0ee65e59da33e,Xa Lộ Hà Nội,10.8054703,106.7542574,10.8303445,106.7632003,1.0,50.0,,,asphalt,no,,0.033817,19.44911510437032,2.9200484755259835,1,0.1369840272695982,24.0,28.0,2603101003,1,10,Weekday,43.0,46.5,0.0,0,0.9247311827956989,495.48,A,7.5268817204301115,0.2444691746951986,0.86,0.07526881720430108,5026.461,479.048,503.865,[],0.0
ee3a62132d60650c698f951d336fd4f7,Lạc Long Quân,10.7742613,106.6477025,10.769814,106.6444321,1.0,50.0,,,asphalt,no,,0.007718,215.84500265200316,0.6082218521207906,1,3.617101214513891,6.0,28.0,2603101003,1,10,Weekday,19.5,31.0,0.0,0,0.6290322580645161,1027.74,C,37.096774193548384,0.11228711116076133,0.39,0.3709677419354839,764.121,144.523,140.709,[],0.980442
f1f8a3020a67de846fb9e86ae878e8ee,Phường Linh Đông,10.8413507,106.7438935,10.8408414,106.7442274,1.0,50.0,,,asphalt,no,,0.000843,147.22228608573516,0.0671320009381412,1,0.0,19.0,19.0,2603101003,1,10,Weekday,33.0,43.0,0.0,0,0.7674418604651163,778.6,B,23.25581395348837,0.007323491011433586,0.66,0.23255813953488372,82.126,27.158,32.343,[],0.000889
df91e99c6228fca17cfad0853bd36ed5,Quang Trung,10.8374889,106.6544376,10.8393084,106.6472307,1.0,50.0,,,asphalt,no,,0.009026,284.41655794677564,0.8133446834561556,2,-0.6147455195444861,16.0,11.0,2603101003,1,10,Weekday,25.0,36.0,0.0,0,0.6944444444444444,910.0,C,30.555555555555557,0.1171216344176864,0.5,0.3055555555555556,813.378,161.724,163.373,[],0.980015
f38b112f44d0cd8e293122b52eb6c5dd,Hoàng Văn Thụ,10.8002745,106.666894,10.7999007,106.6717039,1.0,50.0,,,asphalt,no,,0.005184,94.52314539048632,0.5276357995357868,3,0.7580986740322008,21.0,25.0,2603101003,1,10,Weekday,19.0,30.5,0.0,0,0.6229508196721312,1038.69,C,37.704918032786885,0.09997309885941223,0.38,0.3770491803278688,817.213,149.034,147.996,[],0.978536
11dc2d922327b66d741c39753e9aa472,Quốc lộ 1A,10.8747377,106.7487214,10.8609657,106.6858709,1.0,50.0,,,asphalt,no,,0.076622,257.42783789716145,7.03864763542266,4,-0.2415236687577012,27.0,10.0,2603101003,1,10,Weekday,30.0,47.5,0.0,0,0.631578947368421,1023.16,C,36.8421052631579,0.8446377162507192,0.6,0.3684210526315789,9897.198,1116.792,1143.626,[],0.0
ecf695bbcf2f116ccdbb9fc7593cf055,Xã Bà Điểm,10.8426751,106.6148154,10.8425774,106.6147804,1.0,50.0,,,asphalt,no,,0.000133,199.38412191653416,0.0114645815232106,1,0.0,11.0,11.0,2603101003,1,10,Weekday,30.0,30.0,0.0,0,1.0,360.0,A,0.0,0.0013757497827852718,0.6,0.0,10.59,1.242,1.242,[],0.266043
835a94e91589c19f1cb1320947313fa9,Lê Hồng Phong,10.7663147,106.6749228,10.7654291,106.6752055,1.0,50.0,,,asphalt,no,,0.001168,162.58855180550177,0.1027228062261774,2,0.0,25.0,25.0,2603101003,1,10,Weekday,28.0,41.0,0.0,0,0.6829268292682927,930.73,C,31.707317073170728,0.013207217943365665,0.56,0.3170731707317073,526.43,145.946,155.278,[],0.979942
cb3ca5162f6044dfe35dae776e26addb,Hà Huy Giáp,10.8706967,106.6769479,10.8846445,106.6812882,1.0,50.0,,,asphalt,no,,0.018288,16.992244076557142,1.614148685439929,3,1.1770910679657516,11.0,30.0,2603101003,1,10,Weekday,27.0,47.0,0.0,0,0.574468085106383,1125.96,C,42.553191489361694,0.21521982472532386,0.54,0.425531914893617,1665.564,274.323,276.641,[],0.954142
2ee54e5ee76e59ff3f929020cdb1aca7,Ông Ích Khiêm,10.7665422,106.6430415,10.7665527,106.6429996,1.0,50.0,,,asphalt,no,,5.2e-05,284.31024076161697,0.0047276003073343,2,-21.15238038310093,24.0,23.0,2603101003,1,10,Weekday,18.0,29.0,0.0,0,0.6206896551724138,1042.76,C,37.93103448275862,0.00094552006146686,0.36,0.3793103448275862,4.726,1.194,1.194,[],0.979467
48ed2cb8bdec7fb5383149c4381dac31,Cầu Bình Phước 2,10.8607907,106.7150626,10.8612059,106.7155477,1.0,50.0,,,asphalt,no,,0.0009,48.92724011378516,0.070160686952433,5,1.4252996135542004,10.0,11.0,2603101003,1,10,Weekday,30.0,47.5,0.0,0,0.631578947368421,1023.16,C,36.8421052631579,0.008419282434291958,0.6,0.3684210526315789,2056.503,248.048,229.48,[],
e60f6940bca29797062ec575599d5b16,Phan Đình Phùng,10.7991177,106.6803031,10.7991862,106.6802718,1.0,50.0,,,asphalt,no,,0.0001,335.8274564685073,0.0083143225940707,5,0.0,34.0,34.0,2603101003,1,10,Weekday,20.0,29.5,0.0,0,0.6779661016949152,939.66,C,32.20338983050848,0.001496578066932726,0.4,0.3220338983050847,8.644,2.829,2.829,[],0.926622
3d0fa54c033be561ff58713143b26e73,Hồ Chí Minh - Trung Lương,10.6887747,106.5896523,10.6894658,106.5930448,1.0,50.0,,,asphalt,no,,0.004084,78.28752833694199,0.378931998893574,2,1.3194979612699027,12.0,17.0,2603101003,1,10,Weekday,29.0,44.0,0.0,0,0.6590909090909091,973.64,C,34.09090909090909,0.04703983434540918,0.58,0.3409090909090909,379.016,41.329,41.329,[],0.980363
bad9590cb76fd6a92025e61282305a77,Hẻm 5 Hạnh Thông,10.8265194,106.6800719,10.8280713,106.6792437,1.0,50.0,,,asphalt,no,,0.00238,332.3379889661367,0.1940860479770982,3,0.5152353867898831,31.0,32.0,2603101003,1,10,Weekday,26.0,34.0,0.0,0,0.7647058823529411,783.53,B,23.529411764705888,0.02687345279682898,0.52,0.23529411764705882,941.034,171.284,171.32,[],0.983217
7c70770083f1532697fa793c1e9247a0,Lê Lợi,10.7722079,106.6990769,10.7732655,106.6999404,1.0,50.0,,,asphalt,no,,0.001921,38.73239185613323,0.1503479900076506,5,0.6651236241662518,26.0,27.0,2603101003,1,10,Weekday,16.0,24.5,0.0,0,0.6530612244897959,984.49,C,34.693877551020414,0.03382829775172138,0.32,0.3469387755102041,159.171,41.763,54.878,[],0.97391
addf1fc31e67c702a38328d1eeee8ed7,An Dương Vương,10.7560028,106.6664058,10.7566251,106.6697746,1.0,50.0,,,asphalt,no,,0.003991,79.35079638906012,0.3748414681815747,3,0.8003383442481842,7.0,10.0,2603101003,1,10,Weekday,21.0,31.0,0.0,0,0.6774193548387096,940.65,C,32.25806451612904,0.06425853740255567,0.42,0.3225806451612903,377.534,96.328,95.041,[],0.985034
5c004ea2ebb15c29edb255aed69fafd1,Phạm Văn Đồng,10.8402083,106.7418062,10.8380903,106.7343264,2.5,50.0,,trunk,asphalt,yes,,0.009598,253.91809705636985,0.8507816510638108,3,-1.0578507409917068,16.0,7.0,2603101003,1,10,Weekday,34.0,44.0,0.0,0,0.7727272727272727,1922.73,B,22.72727272727273,0.09008276305381525,0.68,0.22727272727272727,1825.554,219.136,204.248,[],0.0
86734732c7cdeead4dd6fbe6653de95d,Trường Chinh,10.829463,106.6235423,10.8417386,106.6160676,1.0,50.0,,,asphalt,no,,0.01975,329.1191403646251,1.584864656394446,3,0.3154843525487507,7.0,12.0,2603101003,1,10,Weekday,31.0,36.0,0.0,0,0.8611111111111112,610.0,B,13.888888888888884,0.18404879880709696,0.62,0.1388888888888889,2226.425,264.529,272.166,[],0.0
75b9ac0082e9b542bf2515fd064477dd,Nguyễn Văn Quý,10.7402847,106.73585,10.7404302,106.7361197,1.0,50.0,,,asphalt,no,,0.000415,61.22844680292605,0.0336049530955288,1,2.9757518100302,30.0,31.0,2603101003,1,10,Weekday,24.0,31.0,0.0,0,0.7741935483870968,766.45,B,22.580645161290324,0.00504074296432932,0.48,0.22580645161290322,33.062,6.619,6.619,[],0.947059
2b1fb9e1bc5fa7b343da8b13cf3429fd,Phường Hiệp Bình Chánh,10.8260009,106.7145095,10.8374007,106.7326691,1.0,50.0,,,asphalt,no,,0.029559,57.41387984014256,2.352274620283481,4,1.2328492494003576,5.0,34.0,2603101003,1,10,Weekday,30.0,41.5,0.0,0,0.7228915662650602,858.8,B,27.710843373493976,0.2822729544340177,0.6,0.27710843373493976,2705.561,350.676,339.457,[],0.887188
acbcadfb2e398c7d0d1e13ac3f5b4b63,Dương Bá Cung,10.7452866,106.6230902,10.7452699,106.6230775,1.0,50.0,,,asphalt,no,,2.9e-05,216.76505062218,0.0023112680322516,1,0.0,13.0,13.0,2603101003,1,10,Weekday,24.0,35.0,0.0,0,0.6857142857142857,925.71,C,31.428571428571427,0.00034669020483774,0.48,0.3142857142857143,0.0,0.0,0.0,[],0.803073
ed1ed85b3a4498dc0344c576708d092f,Quốc lộ 1K,10.8757339,106.766068,10.8833914,106.7705975,1.0,50.0,,,asphalt,no,,0.012187,30.15101204068742,0.9811691659228092,1,1.223030687956216,16.0,28.0,2603101003,1,10,Weekday,33.5,44.5,0.0,0,0.7528089887640449,804.94,B,24.71910112359551,0.10543907454692876,0.67,0.24719101123595505,2649.202,399.201,392.098,[],0.956513
9d240270dccd9ed708ab919407c8f804,Trần Khắc Chân,10.7993219,106.6784691,10.8014439,106.6758626,1.0,50.0,,,asphalt,no,,0.004728,309.652180485992,0.3692512213136639,2,-0.2708183324194181,32.0,31.0,2603101003,1,10,Weekday,19.0,31.0,0.0,0,0.6129032258064516,1056.77,C,38.70967741935484,0.06996338930153631,0.38,0.3870967741935484,365.164,93.936,101.499,[],0.965075
0cdc96395c88caf86aeaf7d006bb2c0c,Cầu Hiệp Ân 2,10.7433356,106.6613572,10.7433941,106.6616795,1.0,50.0,,,asphalt,no,,0.000381,79.53281601495803,0.035842447553165,1,0.0,19.0,19.0,2603101003,1,10,Weekday,35.0,35.0,0.0,0,1.0,360.0,A,0.0,0.003686651748325543,0.7,0.0,932.657,253.426,280.682,[],
997aedfe6c626102e11c9aac6233d89a,Thống Nhất,10.8397244,106.6652733,10.8348284,106.6644581,1.0,50.0,,,asphalt,no,,0.005711,189.28765659659757,0.5488509253742619,5,-1.0931930188345031,29.0,23.0,2603101003,1,10,Weekday,25.0,36.0,0.0,0,0.6944444444444444,910.0,C,30.555555555555557,0.07903453325389372,0.5,0.3055555555555556,739.431,194.697,214.92,[],0.981847
33659cfa335ae26ebb27ec2d943d073d,Nguyễn Văn Trỗi,10.7929933,106.6800466,10.7985035,106.6707041,1.0,50.0,,,asphalt,no,,0.014853,300.9825816534716,1.1897033766482494,4,-0.3362182606616783,27.0,23.0,2603101003,1,10,Weekday,21.0,33.0,0.0,0,0.6363636363636364,1014.55,C,36.36363636363637,0.20394915028255706,0.42,0.36363636363636365,1195.262,268.599,262.014,[],0.98045
e62c4fd68cff6b858de508e76941e900,Cầu Phú Mỹ,10.7428358,106.7400366,10.7449386,106.7441554,1.0,50.0,,,asphalt,no,,0.006222,62.54113897461633,0.5070181986626177,3,1.1833894751364826,7.0,13.0,2603101003,1,10,Weekday,45.0,45.0,0.0,0,1.0,360.0,A,0.0,0.04056145589300941,0.9,0.0,5322.502,575.114,595.035,[],
3e121d99cb433ec1d4c82ffd2797d0c0,Nguyễn Sơn,10.7831843,106.6254206,10.7821283,106.6288258,1.0,50.0,,,asphalt,no,,0.004461,107.51994982740638,0.390304543255373,4,0.5124203739261668,23.0,25.0,2603101003,1,10,Weekday,22.5,30.0,0.0,0,0.75,810.0,B,25.0,0.06244872692085968,0.45,0.25,390.521,61.923,63.689,[],0.980384
4ad810afdb555ee60885a988876ec408,Lê Quang Định,10.802988,106.698423,10.820498,106.6894367,1.0,50.0,,,asphalt,no,,0.026496,333.2481915997161,2.171880545644658,3,0.414387431115767,25.0,34.0,2603101003,1,10,Weekday,25.5,36.0,0.0,0,0.7083333333333334,885.0,B,29.166666666666664,0.3066184299733635,0.51,0.2916666666666667,2974.023,659.511,696.251,[],0.041876
2750d3a201062d7deb2e154049891644,Xa Lộ Hà Nội,10.8030754,106.7498148,10.8084947,106.7555087,1.0,50.0,,,asphalt,no,,0.011113,45.902813899461535,0.8643275284096859,3,1.2726657011884583,17.0,28.0,2603101003,1,10,Weekday,43.0,46.0,0.0,0,0.9347826086956522,477.39,A,6.521739130434778,0.07236230470406672,0.86,0.06521739130434782,2079.088,302.428,291.129,[],0.0
a979f06e9e1616639d2231bc358d4fa5,Nguyễn Thị Nhỏ,10.7588735,106.6513792,10.7591706,106.6513758,1.0,50.0,,,asphalt,no,,0.0003,359.3558633211331,0.0328652207271178,1,3.042730211073481,24.0,25.0,2603101003,1,10,Weekday,20.5,30.5,0.0,0,0.6721311475409836,950.16,C,32.786885245901644,0.005771453395981662,0.41,0.32786885245901637,208.184,55.702,66.838,[],0.39069
d0b2b9f739a02c5eafe8b523b345e902,Đường Sư Vạn Hạnh,10.7697703,106.6710427,10.769677,106.6710665,1.0,50.0,,,asphalt,no,,0.000117,165.9315134651057,0.0106434167008712,4,0.0,25.0,25.0,2603101003,1,10,Weekday,15.5,28.5,0.0,0,0.543859649122807,1181.05,C,45.614035087719294,0.0024720193627829888,0.31,0.45614035087719296,12.332,2.612,2.612,[],0.983659
c3558babbf99dd4193c778d95caeadb1,Hẻm 373 Lý Thường Kiệt,10.7790549,106.6503541,10.7799875,106.6539968,1.0,50.0,,,asphalt,no,,0.004575,75.39229726988015,0.4115335665498428,1,0.7289806333784575,14.0,17.0,2603101003,1,10,Weekday,18.5,31.0,0.0,0,0.5967741935483871,1085.81,C,40.32258064516129,0.08008220754483428,0.37,0.4032258064516129,431.987,103.794,116.477,[],0.835427
7a3f7790d7f71c90cdc27d7f12778138,Bưng Ông Thoàn,10.8139216,106.7973612,10.8144883,106.7970824,1.0,50.0,,,asphalt,no,,0.000846,334.20861201481137,0.0697057747776749,2,1.4346013701009404,15.0,16.0,2603101003,1,10,Weekday,36.0,41.0,0.0,0,0.8780487804878049,579.51,B,12.195121951219512,0.006970577477767489,0.72,0.12195121951219512,70.088,10.957,10.957,[],0.980664
0571e61ab09a309bcef4674adb1c112f,Võ Văn Vân,10.8114752,106.5789943,10.8112677,106.578982,1.0,50.0,,,asphalt,no,,0.00022,183.3322823696817,0.0229916506223532,3,0.0,34.0,34.0,2603101003,1,10,Weekday,25.0,47.0,0.0,0,0.5319148936170213,1202.55,C,46.808510638297875,0.0033107976896188606,0.5,0.46808510638297873,23.081,3.957,3.957,[],0.977307
1ba26124e3c27b62dbde76e520784686,Cầu vượt Thủ Thiêm,10.7890182,106.716779,10.7891973,106.7150911,1.0,50.0,,,asphalt,no,,0.001867,276.1652086162488,0.1856563558977017,1,-0.5386295530603911,30.0,29.0,2603101003,1,10,Weekday,40.0,40.0,0.0,0,1.0,360.0,A,0.0,0.016709072030793155,0.8,0.0,204.674,21.043,21.043,[],0.221073
5f662f25fd725bdeb66d40dda83905f0,Võ Chí Công,10.769328,106.7748346,10.7655125,106.770577,1.0,50.0,,,asphalt,no,,0.008073,227.62860516545535,0.6284614846812162,1,3.5006122946674108,8.0,30.0,2603101003,1,10,Weekday,29.5,33.0,0.0,0,0.8939393939393939,550.91,B,10.606060606060607,0.07669360491025011,0.59,0.10606060606060606,862.028,131.436,152.349,[],3e-06
825f23a7733d072ca8abdaf46deff460,Ðiện Biên Phủ,10.7678833,106.6745229,10.78553,106.6927956,1.0,50.0,,,asphalt,no,,0.035919,45.487153569081386,2.7935644915964257,2,0.2147793622824582,26.0,32.0,2603101003,1,10,Weekday,24.0,38.0,0.0,0,0.631578947368421,1023.16,C,36.8421052631579,0.4190346737394639,0.48,0.3684210526315789,2807.936,642.351,639.055,[],0.982475
046f52bf7e18ec415ae154d42c669d40,Quốc lộ 1,10.8671103,106.7887782,10.8706221,106.7733958,1.0,50.0,,,asphalt,no,,0.018894,283.0885566827288,1.726121082198376,3,-0.695200361304717,30.0,18.0,2603101003,1,10,Weekday,28.5,46.0,0.0,0,0.6195652173913043,1044.78,C,38.04347826086957,0.21803634722505802,0.57,0.3804347826086957,4614.02,493.255,486.909,[],0.984747
8db65086fcbc9345d7d228ea61c76550,Cao tốc TP. Hồ Chí Minh - Long Thành - Dầu Giây,10.7862476,106.8630211,10.7859557,106.8547623,1.0,50.0,,,asphalt,no,,0.008551,267.9401718759318,0.903805492239025,2,-1.1064327541567265,24.0,14.0,2603101003,1,10,Weekday,74.0,74.0,0.0,0,1.0,360.0,A,0.0,0.043968915838655274,1.48,0.0,905.797,57.216,57.216,[],0.980286
99d0f7e3186590f9820064321287413b,Đường Hùng Vương,10.7610783,106.6746115,10.760649,106.6740819,1.0,50.0,,,asphalt,no,,0.000959,230.4732751145905,0.0749014192531278,4,-1.3350881865409248,20.0,19.0,2603101003,1,10,Weekday,18.0,28.5,0.0,0,0.631578947368421,1023.16,C,36.8421052631579,0.014980283850625558,0.36,0.3684210526315789,110.966,29.489,21.698,[],0.969647
cec90236b5428cc561e75a4e2a5ae632,Dường An Phú,10.83809,106.6900349,10.852303,106.6820873,1.0,50.0,,,asphalt,no,,0.022161,331.22556155333785,1.7963466733411346,2,0.3340112512269268,23.0,29.0,2603101003,1,10,Weekday,24.5,32.0,0.0,0,0.765625,781.87,B,23.4375,0.2639529805725749,0.49,0.234375,3857.691,715.318,792.268,[],
1fb9c9a180180aeee163ef5ba2f67729,Hùng Vương,10.763637,106.678648,10.7581844,106.6702787,1.0,50.0,,,asphalt,no,,0.013822,236.4499591702573,1.096221656189611,2,-1.1858915509101584,26.0,13.0,2603101003,1,10,Weekday,20.0,29.0,0.0,0,0.6896551724137931,918.62,C,31.034482758620683,0.19731989811412998,0.4,0.3103448275862069,1098.482,239.102,230.95,[],0.980512
d6583cef8c19683b634ea1233c2d9b03,Nguyễn Đình Chính,10.7956505,106.6755726,10.7949615,106.6778016,1.0,50.0,,,asphalt,no,,0.002918,107.46733794003649,0.2554044391633195,4,0.3915358727811874,25.0,26.0,2603101003,1,10,Weekday,21.0,33.0,0.0,0,0.6363636363636364,1014.55,C,36.36363636363637,0.04378361814228335,0.42,0.36363636363636365,314.523,80.906,84.277,[],0.000794
cb8f17d21348ad140c8a6868fb442f2f,Phạm Văn Đồng,10.818071,106.6867094,10.823167,106.7030896,1.0,50.0,,,asphalt,no,,0.021476,72.42343665514949,1.877826257203002,2,-0.4260245040942124,29.0,21.0,2603101003,1,10,Weekday,36.0,44.0,0.0,0,0.8181818181818182,687.27,B,18.181818181818176,0.1877826257203002,0.72,0.18181818181818182,1953.321,232.836,239.421,[],0.930678
cbaa5b6003c6cd929fa336eb0f8c8b5d,Nguyễn Kim,10.7643679,106.6616043,10.7607717,106.6623333,1.0,50.0,,,asphalt,no,,0.004325,168.7369386456079,0.405698852904936,4,-0.7394647479328624,10.0,7.0,2603101003,1,10,Weekday,22.5,34.0,0.0,0,0.6617647058823529,968.82,C,33.82352941176471,0.06491181646478976,0.45,0.3382352941176471,408.019,77.619,89.607,[],0.979813
d7d66ec780f7229fc42a104fb9a5fc8d,Nguyễn Trọng Tuyển,10.7983381,106.6674578,10.7980849,106.6699079,1.0,50.0,,,asphalt,no,,0.002703,96.005513920451,0.2694056836211883,5,0.7423748352734097,20.0,22.0,2603101003,1,10,Weekday,15.0,33.0,0.0,0,0.45454545454545453,1341.82,D,54.54545454545454,0.06465736406908518,0.3,0.5454545454545454,268.253,63.333,65.915,[],0.981125
146e2d73d85a20c3f88e069c1a0eb3c8,Phường An Phú Đông,10.8521558,106.6874451,10.8523365,106.7000553,1.0,50.0,,,asphalt,no,,0.012791,89.16289192991093,1.3789646233753847,1,-1.2328090011756758,34.0,17.0,2603101003,1,10,Weekday,30.0,41.0,0.0,0,0.7317073170731707,842.93,B,26.82926829268293,0.16547575480504614,0.6,0.2682926829268293,2383.228,513.182,558.709,[],0.0
b82266efeba8e716ad44efef5a4c20cd,Trần Quý,10.7591573,106.6561005,10.7596357,106.6582987,1.0,50.0,,,asphalt,no,,0.002677,77.508945996612,0.2461831900573899,4,0.8124031537383858,30.0,32.0,2603101003,1,10,Weekday,18.0,30.0,0.0,0,0.6,1080.0,C,40.0,0.04923663801147798,0.36,0.4,245.859,53.677,57.835,[],0.978533
fee52e621307b13a43564a2266b89bda,Khuông Việt,10.7813924,106.6433121,10.7770894,106.6398819,1.0,50.0,,,asphalt,no,,0.007733,218.06477600527737,0.6060417451784054,3,3.630112970769643,9.0,31.0,2603101003,1,10,Weekday,20.5,32.0,0.0,0,0.640625,1006.87,C,35.9375,0.10642684305571996,0.41,0.359375,723.104,137.962,141.567,[],0.068204
4acc35dfc56bacf61b6804ae09abdd9c,Lê Văn Việt,10.8486663,106.7744207,10.8484707,106.774693,1.0,50.0,,,asphalt,no,,0.000468,126.18159469455236,0.0368050795314437,5,0.0,27.0,27.0,2603101003,1,10,Weekday,43.0,50.0,0.0,0,0.86,612.0,B,14.000000000000002,0.0030813554956557513,0.86,0.14,36.773,7.536,7.624,[],0.976646
a607cc7797f5992f2e24cd76b4ec324a,Nguyễn Hữu Thọ,10.7365428,106.7002329,10.7303579,106.7003063,1.0,50.0,,,asphalt,no,,0.006258,179.3319557908004,0.6841762151428311,5,-0.8769670542767141,21.0,15.0,2603101003,1,10,Weekday,26.0,34.0,0.0,0,0.7647058823529411,783.53,B,23.529411764705888,0.09473209132746892,0.52,0.23529411764705882,1179.981,265.014,251.888,[],0.982147
bfc437a1fe8725c4ea25584d08ad8bb6,Cầu vượt Trạm 2,10.8618381,106.7958668,10.8607361,106.795148,1.0,50.0,,,asphalt,no,,0.001821,212.6430434145652,0.1450361173430776,1,-0.6894834323470866,31.0,30.0,2603101003,1,10,Weekday,38.0,38.0,0.0,0,1.0,360.0,A,0.0,0.013740263748291561,0.76,0.0,189.013,21.931,24.664,[],0.000165
b68ce6b2e73ca7d6d966cdc718ffa5de,Đường tỉnh 743,10.8873863,106.7382056,10.8874344,106.7383228,1.0,50.0,,,asphalt,no,,0.000165,67.31836653710212,0.0138740641214438,2,0.0,30.0,30.0,2603101003,1,10,Weekday,34.5,44.0,0.0,0,0.7840909090909091,748.64,B,21.590909090909093,0.0014477284300637007,0.69,0.2159090909090909,68.323,28.0,28.239,[],4e-05
f8ee7133cfe997e68f6ffe6ccfe071fa,Lê Quý Đôn,10.8838307,106.8004621,10.8810953,106.8015806,1.0,50.0,,,asphalt,no,,0.003854,158.12222596085064,0.3263502104272695,4,-0.3064192907033103,28.0,27.0,2603101003,1,10,Weekday,43.0,56.0,0.0,0,0.7678571428571429,777.86,B,23.214285714285708,0.0273223431985621,0.86,0.23214285714285715,647.243,92.954,130.135,[],0.983766
76af8535a1772f60979e2ace59b57ceb,Hàn Hải Nguyên,10.7582635,106.6457587,10.7580428,106.648904,1.0,50.0,,,asphalt,no,,0.003366,94.0850363259728,0.3448844077069571,5,0.8698566629747588,18.0,21.0,2603101003,1,10,Weekday,24.0,32.5,0.0,0,0.7384615384615385,830.77,B,26.15384615384615,0.05173266115604357,0.48,0.26153846153846155,347.59,53.457,57.891,[],0.980267
303586b6502d05b20982c01c788a8863,Đường số 9A,10.7292604,106.6884076,10.7288508,106.6880005,1.0,50.0,,,asphalt,no,,0.000817,224.3194765238883,0.0635274931559574,3,-1.5741216130550593,32.0,31.0,2603101003,1,10,Weekday,25.0,36.0,0.0,0,0.6944444444444444,910.0,C,30.555555555555557,0.009147959014457866,0.5,0.3055555555555556,61.92,8.415,8.884,[],0.979287
b28e73faf97bb111111ad345d3f83c3f,Nguyễn Thi,10.7505935,106.6591297,10.7505909,106.6591695,1.0,50.0,,,asphalt,no,,4.2e-05,93.80420456070686,0.004362749880427,1,0.0,24.0,24.0,2603101003,1,10,Weekday,18.0,29.0,0.0,0,0.6206896551724138,1042.76,C,37.93103448275862,0.0008725499760854,0.36,0.3793103448275862,0.0,0.0,0.0,[],0.96681
5d8a3e5f7b17ba513395f8a6a4150cc2,Âu Dương Lân,10.7482816,106.6817654,10.7479796,106.6819277,1.0,50.0,,,asphalt,no,,0.000464,152.1664224190729,0.0378291315024869,3,-2.6434653936854438,14.0,13.0,2603101003,1,10,Weekday,30.0,33.5,0.0,0,0.8955223880597015,548.06,B,10.447761194029848,0.004539495780298428,0.6,0.1044776119402985,38.053,9.785,9.785,[],0.981314
d7f27be5c14169277ddc06ff1efcfaa9,Đường số 8,10.7357728,106.6894218,10.7357633,106.6896458,1.0,50.0,,,asphalt,no,,0.000233,92.47168958185568,0.02452448032415,4,0.0,9.0,9.0,2603101003,1,10,Weekday,24.0,35.0,0.0,0,0.6857142857142857,925.71,C,31.428571428571427,0.0036786720486225,0.48,0.3142857142857143,24.524,11.036,11.036,[],0.980401
713803d72db3be4d1ed05f4689594598,Phường An Bình,10.8753861,106.7588382,10.8750874,106.7505911,1.0,50.0,,,asphalt,no,,0.008546,267.8886002317484,0.9022874677364008,2,2.438247319913702,8.0,30.0,2603101003,1,10,Weekday,30.0,47.5,0.0,0,0.631578947368421,1023.16,C,36.8421052631579,0.10827449612836809,0.6,0.3684210526315789,2167.547,312.076,336.271,[],0.0
4c92558bd4417d93aa2219f301e1ef14,Tân Xuân 1,10.8752155,106.6035093,10.8756688,106.6030332,1.0,50.0,,,asphalt,no,,0.000929,314.11352892917427,0.0722752655391646,5,0.0,33.0,33.0,2603101003,1,10,Weekday,27.0,36.0,0.0,0,0.75,810.0,B,25.0,0.009636702071888612,0.54,0.25,69.78,13.975,13.975,[],0.935146
a179566adbd5698884012c45a0a01aee,Trần Văn Trà,10.7230616,106.8257234,10.7256271,106.7236416,1.0,50.0,,,asphalt,no,,0.104647,271.47472189489685,11.170113201139232,4,0.1790492149887989,13.0,33.0,2603101003,1,10,Weekday,47.0,47.0,0.0,0,1.0,360.0,A,0.0,0.8555831388106646,0.94,0.0,31833.98,2685.591,2762.701,[],
856464a1c1df41490a3f12563823be5a,Cầu vượt Ngã Sáu Gò Vấp,10.8280378,106.6792404,10.8260016,106.6798526,1.0,50.0,,,asphalt,no,,0.002648,163.547755378984,0.2349694431813273,1,-0.8511745071705293,32.0,30.0,2603101003,1,10,Weekday,25.0,34.0,0.0,0,0.7352941176470589,836.47,B,26.470588235294112,0.03383559981811113,0.5,0.2647058823529412,245.028,30.429,30.429,[],0.982567
65dc4f1c9d3553a5d837d3c3a420c771,Nguyễn Hoàng,10.801925,106.7438952,10.8017112,106.7439955,1.0,50.0,,,asphalt,no,,0.000314,155.25890596373847,0.0260690517804895,1,0.0,9.0,9.0,2603101003,1,10,Weekday,39.0,42.5,0.0,0,0.9176470588235294,508.24,A,8.235294117647063,0.002406374010506723,0.78,0.08235294117647059,2606.675,370.805,379.95,[],0.0
3ed425b7d9e8056f527d3a345c0cca5f,Hẻm 68 Trần Quang Khải,10.792788,106.6936394,10.7932473,106.6935778,1.0,50.0,,,asphalt,no,,0.000521,352.49481791291254,0.0512493594487921,4,1.9512438999343789,10.0,11.0,2603101003,1,10,Weekday,15.0,23.0,0.0,0,0.6521739130434783,986.09,C,34.78260869565217,0.012299846267710104,0.3,0.34782608695652173,48.779,8.478,10.669,[],0.95522
f24c8c1555d3fef750e5bdb542f65384,Cầu Bình Triệu 1,10.8215874,106.7136257,10.8233581,106.713869,1.0,50.0,,,asphalt,no,,0.002014,7.686139667822715,0.1976619481662742,5,1.0118285378415828,29.0,31.0,2603101003,1,10,Weekday,28.0,41.0,0.0,0,0.6829268292682927,930.73,C,31.707317073170728,0.02541367904994954,0.56,0.3170731707317073,195.035,12.3,12.3,[],0.980019
b27d420fb851a52c8488abd8cc1361e9,Trần Quang Diệu,10.787646,106.6782642,10.7835849,106.6784817,1.0,50.0,,,asphalt,no,,0.004279,176.98837965047778,0.4498405037352179,2,-0.8892040549453174,20.0,16.0,2603101003,1,10,Weekday,15.5,32.0,0.0,0,0.484375,1288.12,D,51.5625,0.10447908473850222,0.31,0.515625,451.504,130.739,135.842,[],0.977082
899dff6a96181346a2b25681752045b3,Quốc lộ 1,10.8741188,106.7474536,10.7226708,106.6008754,1.0,50.0,,,asphalt,no,,0.298026,223.56623732718407,23.18607865681329,5,0.0043129328369898,26.0,27.0,2603101003,1,10,Weekday,30.5,44.5,0.0,0,0.6853932584269663,926.29,C,31.46067415730337,2.736717480804192,0.61,0.3146067415730337,30845.969,3310.942,3343.236,[],
1c06c9b1c35e32e20617999cff375488,Phường An Phú,10.8094109,106.7557929,10.8097169,106.7560287,1.0,50.0,,,asphalt,no,,0.000542,37.122599089111645,0.0425511969045804,5,2.3501101561078643,29.0,30.0,2603101003,1,10,Weekday,42.0,48.0,0.0,0,0.875,585.0,B,12.5,0.0036472454489640347,0.84,0.125,73.87,19.28,25.238,[],
aef549c188f0d96af305bf3dd1f54ee4,Đồng Đen,10.7969579,106.6458983,10.7889094,106.6428981,1.0,50.0,,,asphalt,no,,0.011049,200.111547844639,0.9488090414662368,5,-1.1593481426991052,26.0,15.0,2603101003,1,10,Weekday,20.5,33.0,0.0,0,0.6212121212121212,1041.82,C,37.878787878787875,0.16662012435504645,0.41,0.3787878787878788,959.487,223.056,245.257,[],0.983821
a9b66452f50c1ce9f45f754a07a783c0,Đường Lê Hồng Phong,10.7709488,106.6730236,10.7709488,106.6730236,1.0,50.0,,,asphalt,no,,0.0,0.0,0.0,4,0.0,28.0,28.0,2603101003,1,10,Weekday,18.0,33.0,0.0,0,0.5454545454545454,1178.18,C,45.45454545454546,0.0,0.36,0.45454545454545453,0.0,0.0,0.0,[],0.0
41760c86bd4b594a2d81c88e5a6af88a,Cao tốc TP. Hồ Chí Minh - Long Thành - Dầu Giây,10.792934,106.8117098,10.794041,106.8052263,1.0,50.0,,,asphalt,no,,0.007591,279.86102662296645,0.719549886470718,3,3.613370037138914,8.0,34.0,2603101003,1,10,Weekday,74.0,74.0,0.0,0,1.0,360.0,A,0.0,0.03500512961208899,1.48,0.0,719.603,21.589,21.589,[],0.980288
b886bd4f4dc50467f457ac903cb1c28d,Đường Lý Thường Kiệt,10.7778843,106.6559639,10.773825,106.6615589,1.0,50.0,,,asphalt,no,,0.009654,126.44705817141346,0.7589855881969971,1,0.2635096148203664,17.0,19.0,2603101003,1,10,Weekday,18.0,30.5,0.0,0,0.5901639344262295,1097.7,C,40.98360655737705,0.15179711763939943,0.36,0.4098360655737705,1408.876,248.228,256.144,[],0.0
92e19a071fbcba571548cd78247e6b2a,Cầu Rạch Chiếc 2,10.8139606,106.7570201,10.8099928,106.7562309,1.0,50.0,,,asphalt,no,,0.004757,191.05471953384156,0.4472966368199675,4,5.589132119958741,5.0,30.0,2603101003,1,10,Weekday,42.0,48.0,0.0,0,0.875,585.0,B,12.5,0.03833971172742579,0.84,0.125,450.768,36.072,36.072,[],0.982004
affae36eff23201dda569057e2294a40,Lê Đức Thọ,10.8428373,106.6753185,10.8625349,106.6496727,1.0,50.0,,,asphalt,no,,0.045343,308.02962490017387,3.5511300984908942,3,-0.1689602980907342,12.0,6.0,2603101003,1,10,Weekday,25.0,35.0,0.0,0,0.7142857142857143,874.29,B,28.57142857142857,0.5113627341826887,0.5,0.2857142857142857,3806.845,805.459,821.822,[],0.956202
d0669f7c3f0eecbc66b9e383dc464dd0,Bảy Hiền,10.7894105,106.6516978,10.7897093,106.6518377,1.0,50.0,,,asphalt,no,,0.000439,24.699055633744365,0.0364208126305638,2,0.0,25.0,25.0,2603101003,1,10,Weekday,18.0,31.0,0.0,0,0.5806451612903226,1114.84,C,41.93548387096774,0.0072841625261127595,0.36,0.41935483870967744,37.323,8.398,8.398,[],0.968559
bce0bcd0b07c77f83c3c0a0a490945dd,Võ Thị Sáu,10.7823096,106.6864116,10.7785015,106.6826659,1.0,50.0,,,asphalt,no,,0.007554,224.01711344117632,0.5875808478286936,4,-1.3615147650851211,23.0,15.0,2603101003,1,10,Weekday,18.0,32.0,0.0,0,0.5625,1147.5,C,43.75,0.11751616956573871,0.36,0.4375,590.822,144.277,137.355,[],0.980284
5352666e6432a10fceff657a7a02f997,Đường số 14,10.8671944,106.7747087,10.8675871,106.7749133,1.0,50.0,,,asphalt,no,,0.000597,27.097205285380426,0.0488598630827311,5,0.0,16.0,16.0,2603101003,1,10,Weekday,30.0,45.0,0.0,0,0.6666666666666666,960.0,C,33.333333333333336,0.005863183569927732,0.6,0.3333333333333333,49.094,5.719,5.86,[],0.980026
58c00b65acb6d7287824a918c7de336f,Hoà Hảo,10.7597892,106.6590053,10.7603765,106.6617195,1.0,50.0,,,asphalt,no,,0.003301,77.57849649943392,0.303890384049354,5,-8.884782611487633,33.0,6.0,2603101003,1,10,Weekday,20.5,33.0,0.0,0,0.6212121212121212,1041.82,C,37.878787878787875,0.05336611622330118,0.41,0.3787878787878788,299.438,78.482,84.832,[],0.980453
721ca16cebba9df967d3c48fb8f8515a,Quốc lộ 13,10.8513034,106.7200233,10.8180299,106.7132132,1.5,50.0,,trunk,asphalt,yes,QL.13,0.040084,191.3668584216218,3.75507756895751,2,0.532612166665639,6.0,26.0,2603101003,1,10,Weekday,28.0,41.0,0.0,0,0.6829268292682927,1396.1,C,31.707317073170728,0.48279568743739415,0.56,0.3170731707317073,6069.404,912.998,887.018,[],0.000262
ffdbfabf1b779668f7d488f81a0759d8,Trương Công Định,10.7983099,106.6417176,10.7937318,106.6402984,1.0,50.0,,,asphalt,no,,0.005997,196.93618756579207,0.5296494258571615,5,-1.132824790716966,24.0,18.0,2603101003,1,10,Weekday,19.5,32.5,0.0,0,0.6,1080.0,C,40.0,0.0977814324659375,0.39,0.4,532.812,107.825,110.73,[],0.980443
1379ec4a4dc70a809d7df14442eca710,Hẻm 1129 Lạc Long Quân,10.7897093,106.6518377,10.7896403,106.6520158,1.0,50.0,,,asphalt,no,,0.000247,111.52402695283996,0.0209197556456065,1,4.780170557154744,25.0,26.0,2603101003,1,10,Weekday,18.0,31.0,0.0,0,0.5806451612903226,1114.84,C,41.93548387096774,0.0041839511291213004,0.36,0.41935483870967744,16.007,6.411,6.411,[],0.980122
8ebb4c8c33e51a98f243c943da7e73e1,Xa Lộ Hà Nội,10.8458797,106.7715847,10.8584028,106.7887514,1.0,50.0,,,asphalt,no,,0.02969,53.39403764748357,2.33283362572205,3,0.0,21.0,21.0,2603101003,1,10,Weekday,42.5,49.0,0.0,0,0.8673469387755102,598.78,B,13.265306122448983,0.19760473064939718,0.85,0.1326530612244898,3343.719,423.639,414.927,[],0.0
03b477d928da55ca9ffa29542cabadf9,Cộng Hòa,10.8009238,106.6600301,10.8016842,106.6509196,1.0,50.0,,,asphalt,no,,0.009871,274.8575839414826,0.9998691932956164,1,-0.9001177414353143,15.0,6.0,2603101003,1,10,Weekday,26.0,40.0,0.0,0,0.65,990.0,C,35.0,0.13844342676400842,0.52,0.35,999.465,140.503,141.576,[],0.979908
b8f135fa2b5d4ab8d9b6072920257679,Cầu Tân Thuận 2,10.7537495,106.7224037,10.7537495,106.7224037,1.0,50.0,,,asphalt,no,,0.0,0.0,0.0,5,0.0,30.0,30.0,2603101003,1,10,Weekday,22.0,35.0,0.0,0,0.6285714285714286,1028.57,C,37.142857142857146,0.0,0.44,0.37142857142857144,0.0,0.0,0.0,[],0.0
4a1e1f62c0f4ce9beafe5c16329f13aa,Minh Phụng,10.7577151,106.6438018,10.7626846,106.6446172,1.0,50.0,,,asphalt,no,,0.005785,9.156997346191416,0.5568790863493209,3,1.0774331712353624,15.0,21.0,2603101003,1,10,Weekday,23.0,30.0,0.0,0,0.7666666666666667,780.0,B,23.33333333333333,0.08716368308076328,0.46,0.23333333333333334,947.34,173.348,170.921,[],0.980697
46fc423d727b252cc98937db8a8b6798,Lý Thường Kiệt,10.7677013,106.6588507,10.7592404,106.6612178,1.0,50.0,,,asphalt,no,,0.010828,164.63166859660578,0.971035753734684,3,-0.5149140987620265,10.0,5.0,2603101003,1,10,Weekday,16.0,31.0,0.0,0,0.5161290322580645,1230.97,C,48.38709677419355,0.21848304459030388,0.32,0.4838709677419355,982.756,222.767,304.466,[],0.981181
710295922d5db990b56d770e790aca74,Nguyễn Thị Diệu Hương,10.7779274,106.655911,10.7779274,106.655911,1.0,50.0,,,asphalt,no,,0.0,0.0,0.0,2,0.0,17.0,17.0,2603101003,1,10,Weekday,16.0,31.0,0.0,0,0.5161290322580645,1230.97,C,48.38709677419355,0.0,0.32,0.4838709677419355,0.0,0.0,0.0,[],0.0
bd0bdfc59239b2c228e0d185d9029e5d,Quách Thị Trang,10.7063918,106.8237646,10.7065115,106.8236348,1.0,50.0,,,asphalt,no,,0.00025,313.18367133191305,0.0194146488478267,5,0.0,24.0,24.0,2603101003,1,10,Weekday,37.0,46.0,0.0,0,0.8043478260869565,712.17,B,19.565217391304344,0.001888992860869625,0.74,0.1956521739130435,21.852,2.86,3.438,[],0.091933
2d31df119081d1ed317e851feebbace4,Kênh Nước Đen,10.7884223,106.6172503,10.7881979,106.6166971,1.0,50.0,,,asphalt,no,,0.000778,247.5624412527624,0.0653944575528178,4,-1.5291815811643046,20.0,19.0,2603101003,1,10,Weekday,22.0,34.0,0.0,0,0.6470588235294118,995.29,C,35.29411764705882,0.01070091123591564,0.44,0.35294117647058826,67.969,11.149,11.278,[],0.980289
bd0bdfc59239b2c228e0d185d9029e5d,Trần Nam Trung,10.7085686,106.8191301,10.7065115,106.8236348,1.0,50.0,,,asphalt,no,,0.006562,114.92615601168109,0.5427832252486371,5,0.3684712251532541,22.0,24.0,2603101003,1,10,Weekday,42.5,47.0,0.0,0,0.9042553191489362,532.34,A,9.57446808510638,0.045976932021061026,0.85,0.09574468085106383,571.718,74.905,77.202,[],0.981497
65ca30aa536a1ea132deb88969d5d53a,Cầu Ðiện Biên Phủ,10.7935904,106.7005728,10.7937716,106.70102,1.0,50.0,,,asphalt,no,,0.000628,67.58451735194075,0.0528547814471645,2,1.89197641655114,18.0,19.0,2603101003,1,10,Weekday,42.0,45.5,0.0,0,0.9230769230769231,498.46,A,7.692307692307687,0.004530409838328386,0.84,0.07692307692307693,310.75,48.841,50.441,[],
2338962aaed3e0409092492e98263046,Cầu Tham Lương,10.8249297,106.6275189,10.8251111,106.6277019,1.0,50.0,,,asphalt,no,,0.000364,44.737191279024216,0.0283384657249093,5,3.5287725514405928,6.0,7.0,2603101003,1,10,Weekday,21.0,34.5,0.0,0,0.6086956521739131,1064.35,C,39.13043478260869,0.004858022695698737,0.42,0.391304347826087,649.553,116.885,111.575,[],
b0166dc361a75fc95ddbe6d2e14328f3,Trần Quý,10.7582245,106.6518136,10.7591573,106.6561005,1.0,50.0,,,asphalt,no,,0.00522,77.51097396980651,0.4801001781148766,5,1.2497391739280594,24.0,30.0,2603101003,1,10,Weekday,18.0,29.5,0.0,0,0.6101694915254238,1061.69,C,38.983050847457626,0.09602003562297531,0.36,0.3898305084745763,833.272,222.885,232.679,[],
b3f614c6deb5a73ca31654f6aff3780e,Nguyễn Chí Thanh,10.756343,106.6510842,10.7601722,106.6704457,1.0,50.0,,,asphalt,no,,0.023191,78.6159816384772,2.159619431252239,5,-0.3241311824991824,22.0,15.0,2603101003,1,10,Weekday,22.5,27.5,0.0,0,0.8181818181818182,687.27,B,18.181818181818176,0.3455391090003582,0.45,0.18181818181818182,2194.759,538.774,554.527,[],0.982174
dc3bd1b79cd39a9091861c0bf9cf1372,Đường Âu Cơ,10.769155,106.6519481,10.7694423,106.6515852,1.0,50.0,,,asphalt,no,,0.00065,308.86438648501513,0.0508457145237246,4,0.0,5.0,5.0,2603101003,1,10,Weekday,18.5,31.0,0.0,0,0.5967741935483871,1085.81,C,40.32258064516129,0.009894301204616679,0.37,0.4032258064516129,52.52,9.856,11.326,[],0.98289
76ad16bdde3e94469382285b76b17a4b,Lý Thường Kiệt,10.7820115,106.6549226,10.7887464,106.6529164,1.0,50.0,,,asphalt,no,,0.008741,343.6897024382773,0.7766073095837294,1,0.515060822971657,21.0,25.0,2603101003,1,10,Weekday,19.0,33.0,0.0,0,0.5757575757575758,1123.64,C,42.42424242424242,0.14714664813165398,0.38,0.42424242424242425,1169.191,292.207,278.82,[],0.979679
98a0390468d612a21c2a0f03c4b693fb,Đại lộ Bình Dương,10.8690532,106.7145929,10.8882744,106.7005934,1.0,50.0,,,asphalt,no,,0.033221,324.4271691455765,2.619761067515538,4,0.1908570999851437,18.0,23.0,2603101003,1,10,Weekday,32.0,45.0,0.0,0,0.7111111111111111,880.0,B,28.888888888888886,0.294723120095498,0.64,0.28888888888888886,5169.05,608.539,644.948,[],0.0
7d4400e9fe7176de2fd55c2b14033228,Xã Đông Thạnh,10.8857251,106.6282581,10.8856777,106.6282883,1.0,50.0,,,asphalt,no,,7.8e-05,147.96717421391486,0.0061960977662013,2,0.0,8.0,8.0,2603101003,1,10,Weekday,25.0,36.0,0.0,0,0.6944444444444444,910.0,C,30.555555555555557,0.0008922380783329872,0.5,0.3055555555555556,0.0,0.0,0.0,[],3e-06
c8fcbffac85a53be69921d344e0b43c9,Ngô Gia Tự,10.7565017,106.6664916,10.7585909,106.6679699,1.0,50.0,,,asphalt,no,,0.003568,34.80519236958708,0.2820418062908489,5,1.063672098634314,7.0,10.0,2603101003,1,10,Weekday,29.0,38.0,0.0,0,0.7631578947368421,786.32,B,23.684210526315784,0.03501208629817435,0.58,0.23684210526315788,289.484,42.643,46.651,[],0.980104
555304c560b2afe9670bbcb31285298a,Đường dẫn ga Quốc nội,10.8125831,106.6647613,10.8140262,106.6643593,1.0,50.0,,,asphalt,no,,0.001845,344.6972863123739,0.1655689554201987,3,1.2079559207969783,31.0,33.0,2603101003,1,10,Weekday,21.0,33.0,0.0,0,0.6363636363636364,1014.55,C,36.36363636363637,0.028383249500605494,0.42,0.36363636363636365,189.184,36.282,41.113,[],0.047963
4ed93ab0d545f2e012459b2bacc942ec,Phường Hiệp Bình Phước,10.8410074,106.7045433,10.8412473,106.7050813,1.0,50.0,,,asphalt,no,,0.000778,65.58124547664409,0.064536031557522,5,1.5495219892916468,10.0,11.0,2603101003,1,10,Weekday,30.0,41.5,0.0,0,0.7228915662650602,858.8,B,27.710843373493976,0.0077443237869026385,0.6,0.27710843373493976,64.611,15.538,15.935,[],0.980481
d14f5f1a585e1694c189cd393f16b37a,Kha Vạn Cân,10.8319797,106.725621,10.8413672,106.7463168,1.0,50.0,,,asphalt,no,,0.030083,65.20913497519808,2.489888515524737,1,0.0401624407584872,21.0,22.0,2603101003,1,10,Weekday,33.0,43.0,0.0,0,0.7674418604651163,778.6,B,23.25581395348837,0.2716242016936077,0.66,0.23255813953488372,3574.344,443.199,454.522,[],0.0
7377b854366a17ff6289843c7500a0bd,Lý Thường Kiệt,10.7805208,106.6552592,10.7787511,106.6557798,1.0,50.0,,,asphalt,no,,0.00229,163.88155140313984,0.2038643709428306,3,-0.9810444025851172,20.0,18.0,2603101003,1,10,Weekday,16.0,31.0,0.0,0,0.5161290322580645,1230.97,C,48.38709677419355,0.04586948346213689,0.32,0.4838709677419355,205.022,34.42,34.498,[],0.98006
b7e6bbf9dd14cbbb36a22cc440ce1698,Trần Quốc Hoàn,10.8050283,106.6643387,10.8026411,106.6635788,1.0,50.0,,,asphalt,no,,0.003147,197.3635097446789,0.2768240565407462,1,-1.44496112439969,24.0,20.0,2603101003,1,10,Weekday,28.0,37.0,0.0,0,0.7567567567567568,797.84,B,24.32432432432432,0.03559166441238166,0.56,0.24324324324324326,276.887,56.206,56.8,[],0.973006
2c2cf7de99d1512a422bc3afcdf54213,Hẻm 995 Hồng Bàng,10.7546298,106.636522,10.7543494,106.6365345,1.0,50.0,,,asphalt,no,,0.000293,177.49226544147325,0.0310459903745355,4,0.0,5.0,5.0,2603101003,1,10,Weekday,24.0,35.0,0.0,0,0.6857142857142857,925.71,C,31.428571428571427,0.004656898556180325,0.48,0.3142857142857143,31.44,5.92,5.92,[],0.985745
3f4a7dc85944903ea2b70fa37791230b,Ngô Nhân Tịnh,10.7504649,106.6533788,10.7504649,106.6533788,1.0,50.0,,,asphalt,no,,0.0,0.0,0.0,1,0.0,18.0,18.0,2603101003,1,10,Weekday,18.0,30.0,0.0,0,0.6,1080.0,C,40.0,0.0,0.36,0.4,0.0,0.0,0.0,[],0.0
2c63fbf4dc77cb37ee333f4e25e765f7,Xa Lộ Hà Nội,10.8453128,106.7715728,10.8329768,106.7645442,1.5,55.0,,trunk,asphalt,yes,,0.019365,209.23195657131785,1.5660814117432464,5,0.638536408453296,21.0,31.0,2603101003,1,10,Weekday,43.0,50.0,0.0,0,0.86,918.0,B,14.000000000000002,0.13111379261106249,0.7818181818181819,0.14,3259.836,357.871,348.692,[],0.981334
03a9e6e61eb7dc11d5441a13e7065432,Tăng Nhơn Phú,10.8342567,106.7813494,10.827184,106.7687697,1.0,50.0,,,asphalt,no,,0.019652,240.21314831363665,1.5824913078040608,3,0.6319150033042816,20.0,30.0,2603101003,1,10,Weekday,27.0,34.5,0.0,0,0.782608695652174,751.3,B,21.739130434782606,0.21099884104054142,0.54,0.21739130434782608,1679.63,298.888,321.489,[],0.735992
03b477d928da55ca9ffa29542cabadf9,Cộng Hòa,10.8073797,106.6348128,10.8009238,106.6600301,1.0,50.0,,,asphalt,no,,0.031673,104.60569992706422,2.848698484079189,4,-0.3861412522763227,26.0,15.0,2603101003,1,10,Weekday,24.5,38.5,0.0,0,0.6363636363636364,1014.55,C,36.36363636363637,0.41858426704837065,0.49,0.36363636363636365,3798.863,488.961,504.519,[],0.794725
2d1e2e76955d8d94f92ac490ffbb3d5c,Bàu Cát,10.7922881,106.6429867,10.7929669,106.6410455,1.0,50.0,,,asphalt,no,,0.00262,289.5947603575444,0.2251825932464309,2,-0.4440840588888854,19.0,18.0,2603101003,1,10,Weekday,19.0,31.0,0.0,0,0.6129032258064516,1056.77,C,38.70967741935484,0.042666175562481645,0.38,0.3870967741935484,235.256,49.385,60.181,[],0.978676
5c102b63aa90f2eef5df4b938729914d,Tân Phú,10.7336193,106.7236203,10.7336036,106.7238132,1.0,50.0,,,asphalt,no,,0.000209,94.73547709547096,0.0211716167544384,5,0.0,11.0,11.0,2603101003,1,10,Weekday,41.0,41.0,0.0,0,1.0,360.0,A,0.0,0.0018589712272189815,0.82,0.0,20.958,2.43,2.43,[],0.965239
2e7b0341cc7b2135881d31cacb53f4b1,Lý Thái Tổ,10.7333357,106.8200297,10.7677321,106.6723696,1.0,50.0,,,asphalt,no,,0.182057,283.3525355344907,16.592917220482438,3,0.0361600068286578,18.0,24.0,2603101003,1,10,Weekday,29.0,39.0,0.0,0,0.7435897435897436,821.54,B,25.64102564102564,2.05981041357713,0.58,0.2564102564102564,37260.727,3423.262,3460.76,[],
251fd401a7019af05b00a105df374d97,Hẻm 506 Lạc Long Quân,10.7711649,106.6460379,10.7705706,106.6472103,1.0,50.0,,residential,concrete,no,,0.001767,117.29360547904588,0.1440953772411892,4,0.0,32.0,32.0,2603101003,1,10,Weekday,21.0,31.0,0.0,0,0.6774193548387096,940.65,C,32.25806451612904,0.02470206466991815,0.42,0.3225806451612903,146.307,35.11,36.096,[],0.980482
f2c0d4bbdbacabe475e4ee39adfc39cc,Phường Nguyễn Cư Trinh,10.7642694,106.6907611,10.7642807,106.690743,1.0,50.0,,,asphalt,no,,2.9e-05,302.4356160262058,0.0023412327759758,5,0.0,9.0,9.0,2603101003,1,10,Weekday,16.0,27.0,0.0,0,0.5925925925925926,1093.33,C,40.74074074074075,0.000526777374594555,0.32,0.4074074074074074,0.0,0.0,0.0,[],0.984297
5cfc596b6c752d76fc5c86c8835bccab,Huỳnh Mẫn Đạt,10.7518689,106.6773307,10.758139,106.6757437,1.0,50.0,,,asphalt,no,,0.007857,346.036188673011,0.7149460796057276,4,0.6993534397387503,13.0,18.0,2603101003,1,10,Weekday,25.5,35.5,0.0,0,0.7183098591549296,867.04,B,28.169014084507037,0.10093356417963215,0.51,0.28169014084507044,723.502,177.255,200.568,[],0.976326
ec236910415bc7dd690175f42168ccbf,Lưu Hữu Phước,10.7232019,106.6337729,10.7231437,106.6337903,1.0,50.0,,,asphalt,no,,7.6e-05,163.62993386899996,0.0067131392456606,3,0.0,31.0,31.0,2603101003,1,10,Weekday,35.0,43.0,0.0,0,0.813953488372093,694.88,B,18.6046511627907,0.0006904943224108047,0.7,0.18604651162790697,6.736,1.058,1.058,[],0.977272
dda3a3119514ffc33eb07addfd018b70,Nguyễn Thông,10.7778272,106.6849154,10.7759864,106.6869946,1.0,50.0,,,asphalt,no,,0.00392,132.0261162413836,0.3052382922198964,1,0.0,16.0,16.0,2603101003,1,10,Weekday,26.5,33.0,0.0,0,0.803030303030303,714.55,B,19.696969696969703,0.041466334037419894,0.53,0.19696969696969696,313.378,88.601,90.509,[],0.980486
373575dcf77c2630d31bc5f414d50560,Cầu Vĩnh Bình,10.8684531,106.7160636,10.8684713,106.7161334,1.0,50.0,,,asphalt,no,,8.8e-05,75.1306008744508,0.0078926984005925,3,0.0,19.0,19.0,2603101003,1,10,Weekday,28.0,41.0,0.0,0,0.6829268292682927,930.73,C,31.707317073170728,0.0010147755086476072,0.56,0.3170731707317073,4268.199,483.897,469.41,[],0.0
a2cccef91be1cadd67978340b2bdda30,Vĩnh Lộc,10.8125836,106.5775667,10.812224,106.577018,1.0,50.0,,,asphalt,no,,0.000908,236.288338983796,0.071990394392787,5,0.0,34.0,34.0,2603101003,1,10,Weekday,28.0,46.5,0.0,0,0.6021505376344086,1076.13,C,39.784946236559136,0.009255907850501186,0.56,0.3978494623655914,83.182,20.661,27.021,[],0.98145
12af608c38e4c1fd02ec4ad583e7702c,Đường Phạm Văn Đổng,10.8139646,106.6791508,10.8193249,106.6899702,1.0,50.0,,,asphalt,no,,0.01618,63.23279759205292,1.3234048911932057,2,1.2090026345281308,17.0,33.0,2603101003,1,10,Weekday,29.0,38.0,0.0,0,0.7631578947368421,786.32,B,23.684210526315784,0.16428474511363933,0.58,0.23684210526315788,1349.319,169.362,162.534,[],0.982229
64991b3007d81e6b8fbb43f1a76dceeb,Đường Trần Phú,10.757428,106.6739837,10.7526071,106.6683833,1.0,50.0,,,asphalt,no,,0.010421,228.77552167085256,0.8121465806444373,3,-1.2313048208692834,15.0,5.0,2603101003,1,10,Weekday,17.0,21.5,0.0,0,0.7906976744186046,736.74,B,20.93023255813954,0.17198398178352792,0.34,0.20930232558139536,911.175,214.328,225.166,[],0.945272
f38b112f44d0cd8e293122b52eb6c5dd,Hoàng Văn Thụ,10.7932413,106.6535674,10.8002745,106.666894,1.5,50.0,,primary,asphalt,yes,,0.02036,61.75106742314017,1.652060334472364,4,-0.6053047695254912,31.0,21.0,2603101003,1,10,Weekday,20.0,32.5,0.0,0,0.6153846153846154,1578.46,C,38.46153846153846,0.2973708602050255,0.4,0.38461538461538464,1801.359,423.624,433.282,[],0.589261
7cf876c357fdf469907fb0864acc8f94,Châu Văn Liêm,10.7529881,106.6587484,10.7537895,106.6584782,1.0,50.0,,,asphalt,no,,0.001072,341.6731292735028,0.0934419547481223,3,1.0701830914127937,25.0,26.0,2603101003,1,10,Weekday,18.0,29.0,0.0,0,0.6206896551724138,1042.76,C,37.93103448275862,0.018688390949624458,0.36,0.3793103448275862,93.774,16.904,17.879,[],0.979805
d21e230286ed05f3b67dd652c64f0201,Xa Lộ Hà Nội,10.8010884,106.7392519,10.8020857,106.7438001,1.0,50.0,,,asphalt,no,,0.005546,77.41582400988426,0.5094774347869659,5,0.9813977339527729,5.0,10.0,2603101003,1,10,Weekday,42.0,45.5,0.0,0,0.9230769230769231,498.46,A,7.692307692307687,0.04366949441031137,0.84,0.07692307692307693,1049.948,105.414,101.895,[],0.0
2cf525980f9ddf323e7108cf8319b212,Đường Nguyễn Sơn,10.7810287,106.6332492,10.7834192,106.6249141,1.0,50.0,,,asphalt,no,,0.010726,286.2761311327781,0.9491602843543973,4,-0.7374939844603046,29.0,22.0,2603101003,1,10,Weekday,23.0,30.0,0.0,0,0.7666666666666667,780.0,B,23.33333333333333,0.1485642184206883,0.46,0.23333333333333334,966.747,144.84,155.499,[],0.981792
a753b1bdb2fdfddde889ea1af3400b15,Hà Huy Giáp,10.8846445,106.6812882,10.8671779,106.679258,1.0,50.0,,,asphalt,no,,0.019497,186.5120631233753,1.944756151915342,2,-0.9769862397034904,30.0,11.0,2603101003,1,10,Weekday,27.0,47.0,0.0,0,0.574468085106383,1125.96,C,42.553191489361694,0.2593008202553789,0.54,0.425531914893617,2141.208,395.076,397.382,[],0.305945
34b694fa39d720c50e59d25c063bdac1,Cầu Bình Phú,10.8547733,106.7343846,10.8550441,106.7349099,1.0,50.0,,,asphalt,no,,0.000796,62.30465567514318,0.0647782476138864,5,1.5437280828597648,23.0,24.0,2603101003,1,10,Weekday,28.0,41.0,0.0,0,0.6829268292682927,930.73,C,31.707317073170728,0.008328631836071108,0.56,0.3170731707317073,64.842,8.646,8.646,[],0.979964
81e23f422129017a89124e6745ee2365,cầu Rạch Ông,10.7507792,106.6892692,10.7507855,106.6893325,1.0,50.0,,,asphalt,no,,7e-05,84.21542682187646,0.0069586295612373,5,0.0,24.0,24.0,2603101003,1,10,Weekday,35.0,35.0,0.0,0,1.0,360.0,A,0.0,0.0007157447548701223,0.7,0.0,6.942,0.927,0.927,[],0.977417
f27d392adb5daeb407269666383bc04f,Nguyễn Thông,10.781667,106.679297,10.7781284,106.6843698,1.0,50.0,,,asphalt,no,,0.008611,125.3778794149083,0.678977547745854,1,0.2945605501448207,15.0,17.0,2603101003,1,10,Weekday,25.0,36.0,0.0,0,0.6944444444444444,910.0,C,30.555555555555557,0.09777276687540297,0.5,0.3055555555555556,688.311,193.931,198.621,[],0.980229
7ac9e10ab273227210ba16ae4be9d1e9,Nguyễn Thị Nhỏ,10.7514819,106.6504956,10.7716614,106.6527803,1.0,50.0,,,asphalt,no,,0.022464,6.346574003300702,2.246059077922712,1,-0.3561794112467812,16.0,8.0,2603101003,1,10,Weekday,18.5,29.5,0.0,0,0.6271186440677966,1031.19,C,37.28813559322034,0.43707095570387916,0.37,0.3728813559322034,2782.202,528.471,553.14,[],0.085801
ae789259d7efa21cdf48bf04b0f30669,Vòng xoay Mũi Tàu,10.745645,106.6236611,10.7456047,106.6236292,1.5,50.0,,secondary,asphalt,no,,7.2e-05,217.87160033113625,0.0056609006245055,4,0.0,13.0,13.0,2603101003,1,10,Weekday,24.0,35.0,0.0,0,0.6857142857142857,1388.57,C,31.428571428571427,0.0008491350936758251,0.48,0.3142857142857143,6.601,3.048,3.273,[],0.013609
302d4125efbb7c78066753c7a38c4015,Hẻm 341 Khuông Việt,10.7693434,106.6376979,10.7719922,106.6410076,1.0,50.0,,,asphalt,no,,0.005958,50.831151946145326,0.4657015437158494,1,1.288378808480166,21.0,27.0,2603101003,1,10,Weekday,20.0,30.5,0.0,0,0.6557377049180327,979.67,C,34.42622950819673,0.0838262778688529,0.4,0.3442622950819672,470.824,113.124,126.4,[],0.983668
f09e9c5468720a5fd76e0bf91db34785,Nguyễn Trãi,10.7710906,106.6929369,10.7532859,106.6628252,1.0,50.0,,,asphalt,no,,0.047916,238.96012867088197,3.837373071666618,4,0.3127139263211709,18.0,30.0,2603101003,1,10,Weekday,17.5,26.5,0.0,0,0.660377358490566,971.32,C,33.9622641509434,0.7894024604571329,0.35,0.33962264150943394,6171.068,947.176,893.515,[],0.458391
a333685ffb8d0df90a7394f1e42a388a,Bến Cát,10.7852199,106.6568031,10.7851391,106.6568613,1.0,50.0,,,asphalt,no,,0.000139,144.7177823037572,0.0109724268655245,1,0.0,26.0,26.0,2603101003,1,10,Weekday,22.0,35.0,0.0,0,0.6285714285714286,1028.57,C,37.142857142857146,0.0017954880325403728,0.44,0.37142857142857144,11.024,2.923,2.923,[],0.980848
9a4098e379a9b102af2e32a4d82c34cb,Trịnh Đình Trọng,10.7751926,106.6464389,10.7752249,106.6474762,1.0,50.0,,,asphalt,no,,0.00107,88.18438286028868,0.1135052559662925,1,0.8810164705473797,6.0,7.0,2603101003,1,10,Weekday,18.0,31.0,0.0,0,0.5806451612903226,1114.84,C,41.93548387096774,0.0227010511932585,0.36,0.41935483870967744,113.761,23.273,23.696,[],0.982763
03723a986c31cf1a234b8145447456ea,Hoàng Sĩ Khải,10.7390302,106.64357,10.7384808,106.6427235,1.0,50.0,,,asphalt,no,,0.001396,236.55155131600844,0.1107539351768836,1,-1.805804910503475,27.0,25.0,2603101003,1,10,Weekday,35.0,43.0,0.0,0,0.813953488372093,694.88,B,18.6046511627907,0.011391833332479458,0.7,0.18604651162790697,216.425,42.413,39.777,[],0.979548
0b33f00c90edbf94a5fb0d6cb08787ae,Trần Quốc Thảo,10.7827317,106.6868337,10.7815324,106.6881451,1.0,50.0,,,asphalt,no,,0.002511,132.9520058875794,0.1953680062232221,2,0.5118545351061359,23.0,24.0,2603101003,1,10,Weekday,18.0,32.0,0.0,0,0.5625,1147.5,C,43.75,0.039073601244644415,0.36,0.4375,194.689,59.23,60.344,[],0.980312
6470374b64563b292d6d81869518d2b7,Quốc lộ 22,10.8774435,106.5916776,10.8450745,106.6138112,1.0,50.0,,,asphalt,no,,0.054503,146.1149395764013,4.32160936877422,5,-0.2313952777003627,23.0,13.0,2603101003,1,10,Weekday,37.0,45.0,0.0,0,0.8222222222222222,680.0,B,17.777777777777782,0.4204809115564106,0.74,0.17777777777777778,5237.84,745.607,726.059,[],0.673975
85c0177549130dc5436814e4cde6fb3a,Phạm Đình Hổ,10.7521361,106.6496345,10.753419,106.649744,1.0,50.0,,,asphalt,no,,0.001392,4.79330221650855,0.1424098644637614,4,0.7021985476676491,16.0,17.0,2603101003,1,10,Weekday,23.0,33.5,0.0,0,0.6865671641791045,924.18,C,31.343283582089555,0.022290239655197438,0.46,0.31343283582089554,141.164,36.483,33.752,[],0.980265
